Protocollo;Gruppo;DataOraIncidente;Localizzazione1;STRADA1;Localizzazione2;STRADA2;Strada02;Chilometrica;DaSpecificare;NaturaIncidente;particolaritastrade;TipoStrada;FondoStradale;Pavimentazione;Segnaletica;CondizioneAtmosferica;Traffico;Visibilita;Illuminazione;NUM_FERITI;NUM_RISERVATA;NUM_MORTI;NUM_ILLESI;Longitude;Latitude;Confermato;Progressivo;TipoVeicolo;StatoVeicolo;TipoPersona;Sesso;Tipolesione;Deceduto;DecedutoDopo;CinturaCascoUtilizzato;Airbag;
5805149;1;02/02/2022 14:05:00;Strada Urbana;PIAZZA DI PORTA CAPENA;all'intersezione semaforizzata con;LARGO DELLE VITTIME DEL TERRORISMO;LARGO DELLE VITTIME DEL TERRORISMO;;;Scontro laterale fra veicoli in marcia;Intersezione semaforizzata;Una carreggiata a senso unico di marcia;Asciutto;Asfaltata;Verticale ed orizzontale;Sereno;Normale;Buona;;1;0;0;3;12.4895;41.8842;-1;2;Autovettura privata;In marcia / fermata / arresto;Passeggero;M;Illeso;0;;;
5805149;1;02/02/2022 14:05:00;Strada Urbana;PIAZZA DI PORTA CAPENA;all'intersezione semaforizzata con;LARGO DELLE VITTIME DEL TERRORISMO;LARGO DELLE VITTIME DEL TERRORISMO;;;Scontro laterale fra veicoli in marcia;Intersezione semaforizzata;Una carreggiata a senso unico di marcia;Asciutto;Asfaltata;Verticale ed orizzontale;Sereno;Normale;Buona;;1;0;0;3;12.4895;41.8842;-1;3;Motociclo a solo;In marcia / fermata / arresto;Conducente;M;Rifiuta cure immediate;0;NON DECEDUTO;;
5805177;19;02/02/2022 15:30:00;Strada Urbana;VIA DI TORREVECCHIA;all'intersezione con;VIA GIUSEPPE GIROLAMI;VIA GIUSEPPE GIROLAMI;;;Scontro laterale fra veicoli in marcia;Incrocio;Una carreggiata a senso unico di marcia;Asciutto;Asfaltata;Verticale ed orizzontale;Sereno;Normale;Buona;;1;0;0;1;12.4123;41.9234;-1;1;Autovettura privata;In marcia / fermata / arresto;Conducente;M;Illeso;0;;;
5805177;19;02/02/2022 15:30:00;Strada Urbana;VIA DI TORREVECCHIA;all'intersezione con;VIA GIUSEPPE GIROLAMI;VIA GIUSEPPE GIROLAMI;;;Scontro laterale fra veicoli in marcia;Incrocio;Una carreggiata a senso unico di marcia;Asciutto;Asfaltata;Verticale ed orizzontale;Sereno;Normale;Buona;;1;0;0;1;12.4123;41.9234;-1;2;Monopattino elettrico;In marcia / fermata / arresto;Conducente;M;Rifiuta cure immediate;0;NON DECEDUTO;;
5805183;18;01/02/2022 16:30:00;Strada Urbana;VIA GREGORIO XIII;in prossimità;;del civico n.;20;;Investimento di pedone;Rettilineo;Una carreggiata a doppio senso;Asciutto;Asfaltata;Verticale ed orizzontale;Sereno;Normale;Buona;;0;0;0;2;12.4189;41.9051;-1;;;;Pedone;M;Illeso;0;;;
5805183;18;01/02/2022 16:30:00;Strada Urbana;VIA GREGORIO XIII;in prossimità;;del civico n.;20;;Investimento di pedone;Rettilineo;Una carreggiata a doppio senso;Asciutto;Asfaltata;Verticale ed orizzontale;Sereno;Normale;Buona;;0;0;0;2;12.4189;41.9051;-1;1;Autovettura privata;In marcia / fermata / arresto;Conducente;M;Illeso;0;;Non accertato;Inesploso
5805191;18;01/02/2022 22:15:00;Strada Urbana;VIA TRIONFALE;in prossimità;;del civico n.;9234;;Veicolo in marcia contro animale;Rettilineo;Una carreggiata a doppio senso;Asciutto;Asfaltata;Verticale ed orizzontale;Sereno;Scarso;Sufficiente;;0;0;0;1;12.4193;41.9434;-1;1;Autovettura privata;In marcia / fermata / arresto;Conducente;M;Illeso;0;;Non accertato;Inesploso
5805237;19;02/02/2022 13:55:00;Strada Urbana;VIA CASTELBIANCO;in prossimità;;del civico n.;27;;Veicolo in marcia contro veicoli in sosta;Rettilineo;Una carreggiata a senso unico di marcia;Asciutto;Asfaltata;Assente;Sereno;Scarso;Buona;;2;0;0;0;12.4204;41.9298;-1;1;Autovettura privata;In marcia / fermata / arresto;Conducente;F;Rimandato;0;NON DECEDUTO;;
5805237;19;02/02/2022 13:55:00;Strada Urbana;VIA CASTELBIANCO;in prossimità;;del civico n.;27;;Veicolo in marcia contro veicoli in sosta;Rettilineo;Una carreggiata a senso unico di marcia;Asciutto;Asfaltata;Assente;Sereno;Scarso;Buona;;2;0;0;0;12.4204;41.9298;-1;1;Autovettura privata;In marcia / fermata / arresto;Passeggero;F;Rimandato;0;NON DECEDUTO;;
5805237;19;02/02/2022 13:55:00;Strada Urbana;VIA CASTELBIANCO;in prossimità;;del civico n.;27;;Veicolo in marcia contro veicoli in sosta;Rettilineo;Una carreggiata a senso unico di marcia;Asciutto;Asfaltata;Assente;Sereno;Scarso;Buona;;2;0;0;0;12.4204;41.9298;-1;2;Autovettura privata;Sosta;;;;;;;
5805237;19;02/02/2022 13:55:00;Strada Urbana;VIA CASTELBIANCO;in prossimità;;del civico n.;27;;Veicolo in marcia contro veicoli in sosta;Rettilineo;Una carreggiata a senso unico di marcia;Asciutto;Asfaltata;Assente;Sereno;Scarso;Buona;;2;0;0;0;12.4204;41.9298;-1;3;Autovettura privata;Sosta;;;;;;;
5805239;12;02/02/2022 15:00:00;Strada Urbana;VIA CRISTOFORO COLOMBO;da specificare;;;;laterale Colombo dir. Roma prox, imm. da Magliana;Tamponamento;Rettilineo;Più di due carreggiate;Asciutto;Asfaltata;Verticale ed orizzontale;Sereno;Normale;Buona;;0;0;0;2;12.4743;41.8398;-1;1;Autovettura privata;In marcia / fermata / arresto;Conducente;M;Illeso;0;;Non accertato;Inesploso
5805239;12;02/02/2022 15:00:00;Strada Urbana;VIA CRISTOFORO COLOMBO;da specificare;;;;laterale Colombo dir. Roma prox, imm. da Magliana;Tamponamento;Rettilineo;Più di due carreggiate;Asciutto;Asfaltata;Verticale ed orizzontale;Sereno;Normale;Buona;;0;0;0;2;12.4743;41.8398;-1;2;Autovettura privata;In marcia / fermata / arresto;Conducente;F;Illeso;0;;Non accertato;Inesploso
5805271;16;01/02/2022 23:00:00;;VIA LORENZO VIDASCHI;in prossimità;;del civico n.;38;;Veicolo in marcia contro veicolo in sosta;;;;;;;;;;0;0;0;3;;;0;1;Autovettura privata;In marcia / fermata / arresto;Conducente;M;Illeso;0;;;
5805271;16;01/02/2022 23:00:00;;VIA LORENZO VIDASCHI;in prossimità;;del civico n.;38;;Veicolo in marcia contro veicolo in sosta;;;;;;;;;;0;0;0;3;;;0;2;Autovettura privata;In marcia / fermata / arresto;Conducente;M;Illeso;0;;;
5805271;16;01/02/2022 23:00:00;;VIA LORENZO VIDASCHI;in prossimità;;del civico n.;38;;Veicolo in marcia contro veicolo in sosta;;;;;;;;;;0;0;0;3;;;0;2;Autovettura privata;In marcia / fermata / arresto;Passeggero;F;Illeso;0;;;
5805273;10;02/02/2022 18:00:00;Statale entro l'abitato;VIA TUSCOLANA;all'intersezione semaforizzata con;VIA DI CAMPO ROMANO;VIA DI CAMPO ROMANO;;;Investimento di pedone;Intersezione semaforizzata;Più di due carreggiate;Asciutto;Asfaltata;Verticale ed orizzontale;Sereno;Normale;Sufficiente;;1;0;0;4;12.6166;41.8319;-1;;;;Pedone;M;Ricoverato;0;NON DECEDUTO;;
5805273;10;02/02/2022 18:00:00;Statale entro l'abitato;VIA TUSCOLANA;all'intersezione semaforizzata con;VIA DI CAMPO ROMANO;VIA DI CAMPO ROMANO;;;Investimento di pedone;Intersezione semaforizzata;Più di due carreggiate;Asciutto;Asfaltata;Verticale ed orizzontale;Sereno;Normale;Sufficiente;;1;0;0;4;12.6166;41.8319;-1;1;Autovettura privata;In marcia / fermata / arresto;Conducente;F;Illeso;0;;Non accertato;Inesploso
5805273;10;02/02/2022 18:00:00;Statale entro l'abitato;VIA TUSCOLANA;all'intersezione semaforizzata con;VIA DI CAMPO ROMANO;VIA DI CAMPO ROMANO;;;Investimento di pedone;Intersezione semaforizzata;Più di due carreggiate;Asciutto;Asfaltata;Verticale ed orizzontale;Sereno;Normale;Sufficiente;;1;0;0;4;12.6166;41.8319;-1;1;Autovettura privata;In marcia / fermata / arresto;Passeggero;F;Illeso;0;;Non accertato;Inesploso
5805273;10;02/02/2022 18:00:00;Statale entro l'abitato;VIA TUSCOLANA;all'intersezione semaforizzata con;VIA DI CAMPO ROMANO;VIA DI CAMPO ROMANO;;;Investimento di pedone;Intersezione semaforizzata;Più di due carreggiate;Asciutto;Asfaltata;Verticale ed orizzontale;Sereno;Normale;Sufficiente;;1;0;0;4;12.6166;41.8319;-1;1;Autovettura privata;In marcia / fermata / arresto;Passeggero;F;Illeso;0;;Non accertato;Inesploso
5805273;10;02/02/2022 18:00:00;Statale entro l'abitato;VIA TUSCOLANA;all'intersezione semaforizzata con;VIA DI CAMPO ROMANO;VIA DI CAMPO ROMANO;;;Investimento di pedone;Intersezione semaforizzata;Più di due carreggiate;Asciutto;Asfaltata;Verticale ed orizzontale;Sereno;Normale;Sufficiente;;1;0;0;4;12.6166;41.8319;-1;1;Autovettura privata;In marcia / fermata / arresto;Passeggero;M;Illeso;0;;Non accertato;Inesploso
5805274;9;02/02/2022 16:30:00;Strada Urbana;VIA MAGNAGRECIA;in prossimità;;del civico n.;132;;Scontro frontale/laterale DX fra veicoli in marcia;Rettilineo;Una carreggiata a doppio senso;Asciutto;Asfaltata;Verticale ed orizzontale;Sereno;Normale;Buona;;0;0;0;4;12.508;41.8808;-1;1;Autovettura privata;In marcia / fermata / arresto;Conducente;M;Illeso;0;;Non accertato;Inesploso
5805274;9;02/02/2022 16:30:00;Strada Urbana;VIA MAGNAGRECIA;in prossimità;;del civico n.;132;;Scontro frontale/laterale DX fra veicoli in marcia;Rettilineo;Una carreggiata a doppio senso;Asciutto;Asfaltata;Verticale ed orizzontale;Sereno;Normale;Buona;;0;0;0;4;12.508;41.8808;-1;1;Autovettura privata;In marcia / fermata / arresto;Passeggero;F;Illeso;0;;Non accertato;Inesploso
5805274;9;02/02/2022 16:30:00;Strada Urbana;VIA MAGNAGRECIA;in prossimità;;del civico n.;132;;Scontro frontale/laterale DX fra veicoli in marcia;Rettilineo;Una carreggiata a doppio senso;Asciutto;Asfaltata;Verticale ed orizzontale;Sereno;Normale;Buona;;0;0;0;4;12.508;41.8808;-1;1;Autovettura privata;In marcia / fermata / arresto;Passeggero;M;Illeso;0;;Non accertato;Inesploso
5805274;9;02/02/2022 16:30:00;Strada Urbana;VIA MAGNAGRECIA;in prossimità;;del civico n.;132;;Scontro frontale/laterale DX fra veicoli in marcia;Rettilineo;Una carreggiata a doppio senso;Asciutto;Asfaltata;Verticale ed orizzontale;Sereno;Normale;Buona;;0;0;0;4;12.508;41.8808;-1;2;Motociclo a solo;In marcia / fermata / arresto;Conducente;M;Illeso;0;;Non accertato;
5805286;6;02/02/2022 13:15:00;Strada Urbana;VIALE FILARETE;in prossimità;;del civico n.;31;;Investimento di pedone;Curva a visuale libera;Una carreggiata a senso unico di marcia;Asciutto;Asfaltata;Assente;Sereno;Scarso;Buona;;1;0;0;1;12.5385;41.8801;-1;;;;Pedone;M;Rimandato;0;NON DECEDUTO;;
5805286;6;02/02/2022 13:15:00;Strada Urbana;VIALE FILARETE;in prossimità;;del civico n.;31;;Investimento di pedone;Curva a visuale libera;Una carreggiata a senso unico di marcia;Asciutto;Asfaltata;Assente;Sereno;Scarso;Buona;;1;0;0;1;12.5385;41.8801;-1;1;Autocarro inferiore 35 q.;In marcia / fermata / arresto;Conducente;M;Illeso;0;;Non accertato;Inesploso
5805290;15;02/02/2022 12:30:00;Strada Urbana;VIA DELLA MAGLIANA;in corrispondenza;;del civico n.;400;;Scontro frontale/laterale SX fra veicoli in marcia;Rettilineo;Una carreggiata a doppio senso;Asciutto;Asfaltata;Orizzontale;Sereno;Normale;Buona;;0;0;0;6;12.4477;41.8348;-1;1;Autovettura privata;In marcia / fermata / arresto;Conducente;M;Illeso;0;;Non accertato;Inesploso
5805290;15;02/02/2022 12:30:00;Strada Urbana;VIA DELLA MAGLIANA;in corrispondenza;;del civico n.;400;;Scontro frontale/laterale SX fra veicoli in marcia;Rettilineo;Una carreggiata a doppio senso;Asciutto;Asfaltata;Orizzontale;Sereno;Normale;Buona;;0;0;0;6;12.4477;41.8348;-1;1;Autovettura privata;In marcia / fermata / arresto;Passeggero;F;Illeso;0;;;
5805290;15;02/02/2022 12:30:00;Strada Urbana;VIA DELLA MAGLIANA;in corrispondenza;;del civico n.;400;;Scontro frontale/laterale SX fra veicoli in marcia;Rettilineo;Una carreggiata a doppio senso;Asciutto;Asfaltata;Orizzontale;Sereno;Normale;Buona;;0;0;0;6;12.4477;41.8348;-1;1;Autovettura privata;In marcia / fermata / arresto;Passeggero;M;Illeso;0;;;
5805290;15;02/02/2022 12:30:00;Strada Urbana;VIA DELLA MAGLIANA;in corrispondenza;;del civico n.;400;;Scontro frontale/laterale SX fra veicoli in marcia;Rettilineo;Una carreggiata a doppio senso;Asciutto;Asfaltata;Orizzontale;Sereno;Normale;Buona;;0;0;0;6;12.4477;41.8348;-1;1;Autovettura privata;In marcia / fermata / arresto;Passeggero;M;Illeso;0;;;
5805290;15;02/02/2022 12:30:00;Strada Urbana;VIA DELLA MAGLIANA;in corrispondenza;;del civico n.;400;;Scontro frontale/laterale SX fra veicoli in marcia;Rettilineo;Una carreggiata a doppio senso;Asciutto;Asfaltata;Orizzontale;Sereno;Normale;Buona;;0;0;0;6;12.4477;41.8348;-1;2;Autocarro inferiore 35 q.;In marcia / fermata / arresto;Conducente;M;Illeso;0;;Non accertato;Inesploso
5805290;15;02/02/2022 12:30:00;Strada Urbana;VIA DELLA MAGLIANA;in corrispondenza;;del civico n.;400;;Scontro frontale/laterale SX fra veicoli in marcia;Rettilineo;Una carreggiata a doppio senso;Asciutto;Asfaltata;Orizzontale;Sereno;Normale;Buona;;0;0;0;6;12.4477;41.8348;-1;2;Autocarro inferiore 35 q.;In marcia / fermata / arresto;Passeggero;M;Illeso;0;;;
5805298;15;02/02/2022 09:10:00;Strada Urbana;PIAZZA DELLA RADIO;all'intersezione con;VIA ANTONIO PACINOTTI;VIA ANTONIO PACINOTTI;;;Scontro laterale fra veicoli in marcia;Intersezione semaforizzata;Più di due carreggiate;Asciutto;Asfaltata;Verticale ed orizzontale;Sereno;Normale;Buona;;0;0;0;2;12.4669;41.87;-1;1;Autocarro inferiore 35 q.;In marcia / fermata / arresto;Conducente;M;Illeso;0;;Non accertato;Inesploso
5805298;15;02/02/2022 09:10:00;Strada Urbana;PIAZZA DELLA RADIO;all'intersezione con;VIA ANTONIO PACINOTTI;VIA ANTONIO PACINOTTI;;;Scontro laterale fra veicoli in marcia;Intersezione semaforizzata;Più di due carreggiate;Asciutto;Asfaltata;Verticale ed orizzontale;Sereno;Normale;Buona;;0;0;0;2;12.4669;41.87;-1;2;Autocarro inferiore 35 q.;In marcia / fermata / arresto;Conducente;M;Illeso;0;;Non accertato;Inesploso
5805301;15;02/02/2022 11:16:00;Strada Urbana;VIA PORTUENSE;in corrispondenza;;del civico n.;547M;;Scontro laterale fra veicoli in marcia;Rettilineo;Due carreggiate;Asciutto;Asfaltata;Verticale ed orizzontale;Sereno;Normale;Buona;;0;0;0;3;12.4472;41.8571;-1;1;Autovettura privata;In marcia / fermata / arresto;Conducente;F;Illeso;0;;Non accertato;Inesploso
5805301;15;02/02/2022 11:16:00;Strada Urbana;VIA PORTUENSE;in corrispondenza;;del civico n.;547M;;Scontro laterale fra veicoli in marcia;Rettilineo;Due carreggiate;Asciutto;Asfaltata;Verticale ed orizzontale;Sereno;Normale;Buona;;0;0;0;3;12.4472;41.8571;-1;1;Autovettura privata;In marcia / fermata / arresto;Passeggero;F;Illeso;0;;Non accertato;Inesploso
5805301;15;02/02/2022 11:16:00;Strada Urbana;VIA PORTUENSE;in corrispondenza;;del civico n.;547M;;Scontro laterale fra veicoli in marcia;Rettilineo;Due carreggiate;Asciutto;Asfaltata;Verticale ed orizzontale;Sereno;Normale;Buona;;0;0;0;3;12.4472;41.8571;-1;2;Autocarro superiore 35 q.;In marcia / fermata / arresto;Conducente;M;Illeso;0;;Non accertato;Inesploso
5805306;15;02/02/2022 07:10:00;Strada Urbana;VIA PORTUENSE;all'intersezione con;VIA LANFRANCO MAROI;VIA LANFRANCO MAROI;;;Scontro laterale fra veicoli in marcia;Incrocio;Una carreggiata a doppio senso;Asciutto;Asfaltata;Verticale ed orizzontale;Sereno;Scarso;Buona;;0;0;0;4;12.414;41.8469;-1;1;Autovettura privata;In marcia / fermata / arresto;Conducente;F;Illeso;0;;Non accertato;Inesploso
5805306;15;02/02/2022 07:10:00;Strada Urbana;VIA PORTUENSE;all'intersezione con;VIA LANFRANCO MAROI;VIA LANFRANCO MAROI;;;Scontro laterale fra veicoli in marcia;Incrocio;Una carreggiata a doppio senso;Asciutto;Asfaltata;Verticale ed orizzontale;Sereno;Scarso;Buona;;0;0;0;4;12.414;41.8469;-1;1;Autovettura privata;In marcia / fermata / arresto;Passeggero;F;Illeso;0;;Non accertato;Inesploso
5805306;15;02/02/2022 07:10:00;Strada Urbana;VIA PORTUENSE;all'intersezione con;VIA LANFRANCO MAROI;VIA LANFRANCO MAROI;;;Scontro laterale fra veicoli in marcia;Incrocio;Una carreggiata a doppio senso;Asciutto;Asfaltata;Verticale ed orizzontale;Sereno;Scarso;Buona;;0;0;0;4;12.414;41.8469;-1;2;Autovettura privata;In marcia / fermata / arresto;Conducente;M;Illeso;0;;Non accertato;Inesploso
5805306;15;02/02/2022 07:10:00;Strada Urbana;VIA PORTUENSE;all'intersezione con;VIA LANFRANCO MAROI;VIA LANFRANCO MAROI;;;Scontro laterale fra veicoli in marcia;Incrocio;Una carreggiata a doppio senso;Asciutto;Asfaltata;Verticale ed orizzontale;Sereno;Scarso;Buona;;0;0;0;4;12.414;41.8469;-1;2;Autovettura privata;In marcia / fermata / arresto;Passeggero;M;Illeso;0;;Non accertato;Inesploso
5805536;1;02/02/2022 20:00:00;Strada Urbana;PASSEGGIATA DEL GIANICOLO;da specificare;;;;pross. albero 58;Fuoriuscita dalla sede stradale;Rettilineo;Una carreggiata a senso unico di marcia;Asciutto;Asfaltata;Verticale ed orizzontale;Sereno;Scarso;Sufficiente;;1;0;0;0;12.4606;41.8941;-1;1;Autovettura privata;In marcia / fermata / arresto;Conducente;M;Rimandato;0;NON DECEDUTO;Non accertato;Inesploso
5805552;12;02/02/2022 12:45:00;Strada Urbana;VIA ORIO VERGANI;in prossimità;;del civico n.;23;;Veicolo in marcia contro ostacolo fisso;Pendenza;Una carreggiata a senso unico di marcia;Asciutto;Asfaltata;Verticale;Sereno;Scarso;Buona;;1;0;0;0;12.4742;41.8143;-1;1;Autocarro inferiore 35 q.;In marcia / fermata / arresto;Conducente;M;Rimandato;0;NON DECEDUTO;Non accertato;Inesploso
5805555;8;02/02/2022 10:25:00;Strada Urbana;VIALE FRANCESCO CALTAGIRONE;in prossimità;;del civico n.;402;;Investimento di pedone;Rettilineo;Due carreggiate;Asciutto;Asfaltata;Verticale ed orizzontale;Sereno;Normale;Buona;;1;0;0;0;12.6542;41.9104;0;;;;Pedone;F;Rimandato;0;NON DECEDUTO;;
5805555;8;02/02/2022 10:25:00;Strada Urbana;VIALE FRANCESCO CALTAGIRONE;in prossimità;;del civico n.;402;;Investimento di pedone;Rettilineo;Due carreggiate;Asciutto;Asfaltata;Verticale ed orizzontale;Sereno;Normale;Buona;;1;0;0;0;12.6542;41.9104;0;1;Autovettura privata;In marcia / fermata / arresto;;;;;;;
5805572;8;02/02/2022 21:50:00;Strada Urbana;VIA TORREGROTTA;all'intersezione con;VIA SAVOCA;VIA SAVOCA;;;Scontro frontale/laterale DX fra veicoli in marcia;Intersezione stradale segnalata;Una carreggiata a doppio senso;Asciutto;Asfaltata;Verticale ed orizzontale;Sereno;Normale;Sufficiente;;0;0;0;3;12.6773;41.8688;-1;1;Autovettura privata;In marcia / fermata / arresto;Conducente;M;Illeso;0;;Non accertato;Inesploso
5805572;8;02/02/2022 21:50:00;Strada Urbana;VIA TORREGROTTA;all'intersezione con;VIA SAVOCA;VIA SAVOCA;;;Scontro frontale/laterale DX fra veicoli in marcia;Intersezione stradale segnalata;Una carreggiata a doppio senso;Asciutto;Asfaltata;Verticale ed orizzontale;Sereno;Normale;Sufficiente;;0;0;0;3;12.6773;41.8688;-1;2;Autovettura privata;In marcia / fermata / arresto;Conducente;M;Illeso;0;;Non accertato;Inesploso
5805572;8;02/02/2022 21:50:00;Strada Urbana;VIA TORREGROTTA;all'intersezione con;VIA SAVOCA;VIA SAVOCA;;;Scontro frontale/laterale DX fra veicoli in marcia;Intersezione stradale segnalata;Una carreggiata a doppio senso;Asciutto;Asfaltata;Verticale ed orizzontale;Sereno;Normale;Sufficiente;;0;0;0;3;12.6773;41.8688;-1;2;Autovettura privata;In marcia / fermata / arresto;Passeggero;M;Illeso;0;;Non accertato;Inesploso
5805574;13;02/02/2022 08:50:00;Strada Urbana;VIALE ENRICO ORTOLANI;all'intersezione con;VIA DI SAPONARA;VIA DI SAPONARA;;;Tamponamento;Incrocio;Una carreggiata a doppio senso;Asciutto;Asfaltata;Verticale;Sereno;Normale;Buona;;0;0;0;2;12.3267;41.7675;-1;1;Autovettura privata;In marcia / fermata / arresto;Conducente;F;Illeso;0;;;
5805574;13;02/02/2022 08:50:00;Strada Urbana;VIALE ENRICO ORTOLANI;all'intersezione con;VIA DI SAPONARA;VIA DI SAPONARA;;;Tamponamento;Incrocio;Una carreggiata a doppio senso;Asciutto;Asfaltata;Verticale;Sereno;Normale;Buona;;0;0;0;2;12.3267;41.7675;-1;2;Autovettura privata;In marcia / fermata / arresto;Conducente;M;Illeso;0;;;
5805578;8;02/02/2022 06:50:00;Strada Urbana;VIA DEL FOSSO DI S. MAURA;all'intersezione con;VIALE DELLA SORBONA;VIALE DELLA SORBONA;;;Scontro laterale fra veicoli in marcia;Rotatoria;Una carreggiata a senso unico di marcia;Asciutto;Asfaltata;Orizzontale;Sereno;Normale;Buona;;0;0;0;2;12.5947;41.858;-1;1;Autovettura privata;In marcia / fermata / arresto;Conducente;M;Illeso;0;;;
5805578;8;02/02/2022 06:50:00;Strada Urbana;VIA DEL FOSSO DI S. MAURA;all'intersezione con;VIALE DELLA SORBONA;VIALE DELLA SORBONA;;;Scontro laterale fra veicoli in marcia;Rotatoria;Una carreggiata a senso unico di marcia;Asciutto;Asfaltata;Orizzontale;Sereno;Normale;Buona;;0;0;0;2;12.5947;41.858;-1;2;Autovettura privata;In marcia / fermata / arresto;Conducente;M;Illeso;0;;;
5805581;13;02/02/2022 16:30:00;Strada Urbana;CORSO DUCA DI GENOVA;all'intersezione con;VIA DEI BRAGOZZI;VIA DEI BRAGOZZI;;;Tamponamento;Incrocio;Una carreggiata a doppio senso;Asciutto;Asfaltata;Verticale ed orizzontale;Sereno;Normale;Buona;;0;0;0;3;12.2738;41.7332;-1;1;Autovettura privata;In marcia / fermata / arresto;Conducente;F;Illeso;0;;Non accertato;Inesploso
5805581;13;02/02/2022 16:30:00;Strada Urbana;CORSO DUCA DI GENOVA;all'intersezione con;VIA DEI BRAGOZZI;VIA DEI BRAGOZZI;;;Tamponamento;Incrocio;Una carreggiata a doppio senso;Asciutto;Asfaltata;Verticale ed orizzontale;Sereno;Normale;Buona;;0;0;0;3;12.2738;41.7332;-1;2;Autovettura privata;In marcia / fermata / arresto;Conducente;M;Illeso;0;;Non accertato;Inesploso
5805581;13;02/02/2022 16:30:00;Strada Urbana;CORSO DUCA DI GENOVA;all'intersezione con;VIA DEI BRAGOZZI;VIA DEI BRAGOZZI;;;Tamponamento;Incrocio;Una carreggiata a doppio senso;Asciutto;Asfaltata;Verticale ed orizzontale;Sereno;Normale;Buona;;0;0;0;3;12.2738;41.7332;-1;2;Autovettura privata;In marcia / fermata / arresto;Passeggero;F;Illeso;0;;Non accertato;Inesploso
5805586;12;02/02/2022 15:25:00;Provinciale entro l'abitato;VIA LAURENTINA;da specificare;;;;prox via O. Senigaglia;Scontro laterale fra veicoli in marcia;Rettilineo;Due carreggiate;Asciutto;Asfaltata;Verticale ed orizzontale;Sereno;Scarso;Buona;;0;0;0;2;12.4856;41.8103;-1;1;Autovettura privata;In marcia / fermata / arresto;Conducente;M;Illeso;0;;;
5805586;12;02/02/2022 15:25:00;Provinciale entro l'abitato;VIA LAURENTINA;da specificare;;;;prox via O. Senigaglia;Scontro laterale fra veicoli in marcia;Rettilineo;Due carreggiate;Asciutto;Asfaltata;Verticale ed orizzontale;Sereno;Scarso;Buona;;0;0;0;2;12.4856;41.8103;-1;2;Autovettura privata;In marcia / fermata / arresto;Conducente;M;Illeso;0;;;
5805589;13;02/02/2022 16:30:00;;VIA LUIGI SICA;in corrispondenza;;del civico n.;74;;Veicolo in marcia contro veicolo fermo;;;;;;;;;;0;0;0;0;;;0;1;Autovettura privata;Sosta;;;;;;;
5805591;8;02/02/2022 19:40:00;Strada Urbana;VIA PULA;in corrispondenza;;del civico n.;47;;Veicolo in marcia contro veicolo in sosta;Rettilineo;Una carreggiata a doppio senso;Asciutto;Asfaltata;Assente;Sereno;Scarso;Buona;;0;0;0;1;12.6796;41.8855;-1;1;Autovettura privata;Sosta;;;;;;;
5805591;8;02/02/2022 19:40:00;Strada Urbana;VIA PULA;in corrispondenza;;del civico n.;47;;Veicolo in marcia contro veicolo in sosta;Rettilineo;Una carreggiata a doppio senso;Asciutto;Asfaltata;Assente;Sereno;Scarso;Buona;;0;0;0;1;12.6796;41.8855;-1;2;Autoarticolato;In marcia / fermata / arresto;Conducente;M;Illeso;0;;Non accertato;Inesistente
5805593;13;02/02/2022 14:50:00;Strada Urbana;VIALE PRASSILLA;in corrispondenza;;del civico n.;80;;Veicolo in marcia contro veicolo fermo;Rettilineo;Due carreggiate;Asciutto;Asfaltata;Assente;Sereno;Normale;Buona;;0;0;0;3;12.3569;41.7516;-1;1;Autovettura privata;In marcia / fermata / arresto;Conducente;F;Illeso;0;;Non accertato;Inesploso
5805593;13;02/02/2022 14:50:00;Strada Urbana;VIALE PRASSILLA;in corrispondenza;;del civico n.;80;;Veicolo in marcia contro veicolo fermo;Rettilineo;Due carreggiate;Asciutto;Asfaltata;Assente;Sereno;Normale;Buona;;0;0;0;3;12.3569;41.7516;-1;1;Autovettura privata;In marcia / fermata / arresto;Passeggero;F;Illeso;0;;Utilizzato;Inesploso
5805593;13;02/02/2022 14:50:00;Strada Urbana;VIALE PRASSILLA;in corrispondenza;;del civico n.;80;;Veicolo in marcia contro veicolo fermo;Rettilineo;Due carreggiate;Asciutto;Asfaltata;Assente;Sereno;Normale;Buona;;0;0;0;3;12.3569;41.7516;-1;2;Quadriciclo leggero;In marcia / fermata / arresto;Conducente;M;Illeso;0;;Non accertato;Inesploso
5805594;8;03/02/2022 00:05:00;Strada Urbana;VIA PRENESTINA;in prossimità;;del civico n.;1260;;Tamponamento;Rettilineo;Una carreggiata a doppio senso;Asciutto;Asfaltata;Orizzontale;Sereno;Scarso;Sufficiente;;1;0;0;1;12.635;41.8922;0;1;Autovettura privata;In marcia / fermata / arresto;Conducente;M;Illeso;0;;;
5805594;8;03/02/2022 00:05:00;Strada Urbana;VIA PRENESTINA;in prossimità;;del civico n.;1260;;Tamponamento;Rettilineo;Una carreggiata a doppio senso;Asciutto;Asfaltata;Orizzontale;Sereno;Scarso;Sufficiente;;1;0;0;1;12.635;41.8922;0;2;Autovettura privata;In marcia / fermata / arresto;Conducente;M;Ricoverato;0;NON DECEDUTO;;