Protocollo;Gruppo;DataOraIncidente;Localizzazione1;STRADA1;Localizzazione2;STRADA2;Strada02;Chilometrica;DaSpecificare;NaturaIncidente;particolaritastrade;TipoStrada;FondoStradale;Pavimentazione;Segnaletica;CondizioneAtmosferica;Traffico;Visibilita;Illuminazione;NUM_FERITI;NUM_RISERVATA;NUM_MORTI;NUM_ILLESI;Longitude;Latitude;Confermato;Progressivo;TipoVeicolo;StatoVeicolo;TipoPersona;Sesso;Tipolesione;Deceduto;DecedutoDopo;CinturaCascoUtilizzato;Airbag;
5808750;8;04/02/2022 09:10:00;Strada Urbana;VIA WALTER TOBAGI;all'intersezione con;VIA DEI RUDERI DI CASA CALDA;VIA DEI RUDERI DI CASA CALDA;;;Scontro laterale fra veicoli in marcia;Intersezione semaforizzata;Una carreggiata a doppio senso;Asciutto;Asfaltata;Verticale ed orizzontale;Nuvoloso;Scarso;Buona;;1;0;0;1;12.5974;41.8751;-1;2;Autoarticolato;In marcia / fermata / arresto;Conducente;M;Illeso;0;;Non accertato;Inesploso
5808751;8;04/02/2022 12:55:00;Strada Urbana;VIA PRENESTINA;in prossimità;;del civico n.;1410;;Scontro frontale/laterale SX fra veicoli in marcia;Rettilineo;Una carreggiata a doppio senso;Asciutto;Asfaltata;Verticale ed orizzontale;Sereno;Normale;Buona;;0;0;0;3;12.6486;41.892;-1;1;Autovettura privata;In marcia / fermata / arresto;Conducente;F;Illeso;0;;;
5808751;8;04/02/2022 12:55:00;Strada Urbana;VIA PRENESTINA;in prossimità;;del civico n.;1410;;Scontro frontale/laterale SX fra veicoli in marcia;Rettilineo;Una carreggiata a doppio senso;Asciutto;Asfaltata;Verticale ed orizzontale;Sereno;Normale;Buona;;0;0;0;3;12.6486;41.892;-1;2;Autovettura privata;In marcia / fermata / arresto;Conducente;M;Illeso;0;;;
5808751;8;04/02/2022 12:55:00;Strada Urbana;VIA PRENESTINA;in prossimità;;del civico n.;1410;;Scontro frontale/laterale SX fra veicoli in marcia;Rettilineo;Una carreggiata a doppio senso;Asciutto;Asfaltata;Verticale ed orizzontale;Sereno;Normale;Buona;;0;0;0;3;12.6486;41.892;-1;2;Autovettura privata;In marcia / fermata / arresto;Passeggero;M;Illeso;0;;Non accertato;Inesploso
5808807;1;04/02/2022 18:40:00;Strada Urbana;VIA MARSALA;da specificare;;;;fronte civico 44;Tamponamento;Rettilineo;Più di due carreggiate;Asciutto;Asfaltata;Verticale ed orizzontale;Nuvoloso;Normale;Sufficiente;;1;0;0;2;12.5046;41.901;-1;1;Autovettura privata;In marcia / fermata / arresto;Conducente;M;Illeso;0;;;
5808807;1;04/02/2022 18:40:00;Strada Urbana;VIA MARSALA;da specificare;;;;fronte civico 44;Tamponamento;Rettilineo;Più di due carreggiate;Asciutto;Asfaltata;Verticale ed orizzontale;Nuvoloso;Normale;Sufficiente;;1;0;0;2;12.5046;41.901;-1;2;Autovettura privata;In marcia / fermata / arresto;Conducente;F;Ricoverato;0;NON DECEDUTO;;
5808807;1;04/02/2022 18:40:00;Strada Urbana;VIA MARSALA;da specificare;;;;fronte civico 44;Tamponamento;Rettilineo;Più di due carreggiate;Asciutto;Asfaltata;Verticale ed orizzontale;Nuvoloso;Normale;Sufficiente;;1;0;0;2;12.5046;41.901;-1;2;Autovettura privata;In marcia / fermata / arresto;Passeggero;M;Illeso;0;;;
5808808;11;04/02/2022 20:20:00;Strada Urbana;VIALE DELLE ACCADEMIE;all'intersezione con;VIA DELL'ARCADIA;VIA DELL'ARCADIA;;;Scontro frontale/laterale SX fra veicoli in marcia;Incrocio;Una carreggiata a doppio senso;Asciutto;Asfaltata;Verticale ed orizzontale;Sereno;Scarso;Sufficiente;;0;0;0;2;12.4912;41.8524;-1;1;Autovettura privata;In marcia / fermata / arresto;Conducente;M;Illeso;0;;;
5808808;11;04/02/2022 20:20:00;Strada Urbana;VIALE DELLE ACCADEMIE;all'intersezione con;VIA DELL'ARCADIA;VIA DELL'ARCADIA;;;Scontro frontale/laterale SX fra veicoli in marcia;Incrocio;Una carreggiata a doppio senso;Asciutto;Asfaltata;Verticale ed orizzontale;Sereno;Scarso;Sufficiente;;0;0;0;2;12.4912;41.8524;-1;2;Autovettura privata;In marcia / fermata / arresto;Conducente;M;Illeso;0;;;
5808810;11;04/02/2022 13:50:00;Strada Urbana;VIA DI VIGNA MURATA;all'intersezione con;VIA ANDREA DI BONAIUTO;VIA ANDREA DI BONAIUTO;;;Scontro laterale fra veicoli in marcia;Incrocio;Due carreggiate;Asciutto;Asfaltata;Verticale ed orizzontale;Sereno;Normale;Buona;;2;0;0;1;12.4926;41.8269;-1;1;Quadriciclo leggero;In marcia / fermata / arresto;Conducente;M;Rimandato;0;NON DECEDUTO;Non accertato;
5808810;11;04/02/2022 13:50:00;Strada Urbana;VIA DI VIGNA MURATA;all'intersezione con;VIA ANDREA DI BONAIUTO;VIA ANDREA DI BONAIUTO;;;Scontro laterale fra veicoli in marcia;Incrocio;Due carreggiate;Asciutto;Asfaltata;Verticale ed orizzontale;Sereno;Normale;Buona;;2;0;0;1;12.4926;41.8269;-1;1;Quadriciclo leggero;In marcia / fermata / arresto;Passeggero;F;Rimandato;0;NON DECEDUTO;;
5808810;11;04/02/2022 13:50:00;Strada Urbana;VIA DI VIGNA MURATA;all'intersezione con;VIA ANDREA DI BONAIUTO;VIA ANDREA DI BONAIUTO;;;Scontro laterale fra veicoli in marcia;Incrocio;Due carreggiate;Asciutto;Asfaltata;Verticale ed orizzontale;Sereno;Normale;Buona;;2;0;0;1;12.4926;41.8269;-1;2;Autovettura privata;In marcia / fermata / arresto;Conducente;M;Illeso;0;;;
5808816;11;04/02/2022 19:40:00;Strada Urbana;VIALE CARLO TOMMASO ODESCALCHI;all'intersezione con;VIA FLAVIA TIZIANA;VIA FLAVIA TIZIANA;;;Scontro frontale/laterale DX fra veicoli in marcia;Incrocio;Due carreggiate;Asciutto;Asfaltata;Verticale ed orizzontale;Sereno;Scarso;Buona;;1;0;0;1;12.5012;41.8574;-1;1;Motociclo a solo;In marcia / fermata / arresto;Conducente;M;Rimandato;0;NON DECEDUTO;;
5808816;11;04/02/2022 19:40:00;Strada Urbana;VIALE CARLO TOMMASO ODESCALCHI;all'intersezione con;VIA FLAVIA TIZIANA;VIA FLAVIA TIZIANA;;;Scontro frontale/laterale DX fra veicoli in marcia;Incrocio;Due carreggiate;Asciutto;Asfaltata;Verticale ed orizzontale;Sereno;Scarso;Buona;;1;0;0;1;12.5012;41.8574;-1;2;Autovettura privata;In marcia / fermata / arresto;Conducente;F;Illeso;0;;;
5808841;18;05/02/2022 00:40:00;Strada Urbana;VIA DI BOCCEA;da specificare;;;;Prox fermata Belvedere Montello dir. Casalotti;Veicolo in marcia contro ostacolo fisso;Pendenza;Due carreggiate;Asciutto;Asfaltata;Verticale ed orizzontale;Sereno;Scarso;Sufficiente;;1;0;0;0;12.3847;41.9149;0;1;Motociclo a solo;In marcia / fermata / arresto;Conducente;M;Rimandato;0;NON DECEDUTO;Non accertato;
5808858;1;04/02/2022 15:05:00;Strada Urbana;PIAZZA DI PORTA MAGGIORE;da specificare;;;;fronte civico 24;Veicolo in marcia contro veicolo in sosta;Rettilineo;Una carreggiata a senso unico di marcia;Asciutto;Asfaltata;Verticale ed orizzontale;Nuvoloso;Normale;Buona;;0;0;0;0;;;0;1;Autovettura privata;In marcia / fermata / arresto;;;;;;;
5808858;1;04/02/2022 15:05:00;Strada Urbana;PIAZZA DI PORTA MAGGIORE;da specificare;;;;fronte civico 24;Veicolo in marcia contro veicolo in sosta;Rettilineo;Una carreggiata a senso unico di marcia;Asciutto;Asfaltata;Verticale ed orizzontale;Nuvoloso;Normale;Buona;;0;0;0;0;;;0;2;Autovettura privata;Sosta;;;;;;;
5808892;1;04/02/2022 14:30:00;Strada Urbana;VIA DI S. STEFANO ROTONDO;in prossimità;;del civico n.;5a;;Scontro laterale fra veicoli in marcia;Rettilineo;Una carreggiata a senso unico di marcia;Asciutto;In cubetti di porfido;Verticale ed orizzontale;Nuvoloso;Normale;Buona;;0;0;0;2;12.4986;41.8854;-1;1;Autovettura privata;In marcia / fermata / arresto;Conducente;F;Illeso;0;;;
5808892;1;04/02/2022 14:30:00;Strada Urbana;VIA DI S. STEFANO ROTONDO;in prossimità;;del civico n.;5a;;Scontro laterale fra veicoli in marcia;Rettilineo;Una carreggiata a senso unico di marcia;Asciutto;In cubetti di porfido;Verticale ed orizzontale;Nuvoloso;Normale;Buona;;0;0;0;2;12.4986;41.8854;-1;2;Veicolo speciale;In marcia / fermata / arresto;Conducente;M;Illeso;0;;;
5808893;12;04/02/2022 15:00:00;Provinciale;VIA LAURENTINA;da specificare;;;;prox km 9.800 dir.ne  Roma;Veicolo in marcia che urta buche nella carreggiata;Rettilineo;Una carreggiata a senso unico di marcia;Asciutto;Con buche;Verticale ed orizzontale;Sereno;Normale;Buona;;0;0;0;1;12.4856;41.8103;-1;1;Autovettura privata;In marcia / fermata / arresto;Conducente;M;Illeso;0;;Utilizzato;Inesploso
5808897;13;04/02/2022 08:10:00;Strada Urbana;VIA DELLA STAZIONE DI OSTIA ANTICA;da specificare;;;;interno area parcheggio;Scontro laterale fra veicoli in marcia;Rettilineo;Una carreggiata a doppio senso;Asciutto;Asfaltata;Assente;Nuvoloso;Scarso;Buona;;0;0;0;2;12.3013;41.7571;-1;1;Autovettura privata;In marcia / fermata / arresto;Conducente;M;Illeso;0;;;
5808897;13;04/02/2022 08:10:00;Strada Urbana;VIA DELLA STAZIONE DI OSTIA ANTICA;da specificare;;;;interno area parcheggio;Scontro laterale fra veicoli in marcia;Rettilineo;Una carreggiata a doppio senso;Asciutto;Asfaltata;Assente;Nuvoloso;Scarso;Buona;;0;0;0;2;12.3013;41.7571;-1;2;Autovettura privata;In marcia / fermata / arresto;Conducente;M;Illeso;0;;;
5808899;13;04/02/2022 11:20:00;Strada Urbana;VIA DI TOR BOACCIANA;in corrispondenza;;della chilometrica;4.3;;Scontro laterale fra veicoli in marcia;Rettilineo;Una carreggiata a doppio senso;Asciutto;Asfaltata;Verticale ed orizzontale;Nuvoloso;Normale;Buona;;0;0;0;2;12.2814;41.7511;-1;1;Autovettura privata;In marcia / fermata / arresto;Conducente;F;Illeso;0;;;
5808899;13;04/02/2022 11:20:00;Strada Urbana;VIA DI TOR BOACCIANA;in corrispondenza;;della chilometrica;4.3;;Scontro laterale fra veicoli in marcia;Rettilineo;Una carreggiata a doppio senso;Asciutto;Asfaltata;Verticale ed orizzontale;Nuvoloso;Normale;Buona;;0;0;0;2;12.2814;41.7511;-1;2;Autocarro inferiore 35 q.;In marcia / fermata / arresto;Conducente;M;Illeso;0;;;
5808900;13;04/02/2022 08:20:00;Strada Urbana;VIA DEL ROSMARINO;all'intersezione con;VIA LORENZO NERUCCI;VIA LORENZO NERUCCI;;;Scontro frontale/laterale DX fra veicoli in marcia;Incrocio;Una carreggiata a doppio senso;Asciutto;Asfaltata;Verticale;Nuvoloso;Normale;Buona;;1;0;0;2;12.3552;41.7856;-1;1;Autovettura privata;In marcia / fermata / arresto;Conducente;F;Rimandato;0;NON DECEDUTO;;
5808900;13;04/02/2022 08:20:00;Strada Urbana;VIA DEL ROSMARINO;all'intersezione con;VIA LORENZO NERUCCI;VIA LORENZO NERUCCI;;;Scontro frontale/laterale DX fra veicoli in marcia;Incrocio;Una carreggiata a doppio senso;Asciutto;Asfaltata;Verticale;Nuvoloso;Normale;Buona;;1;0;0;2;12.3552;41.7856;-1;1;Autovettura privata;In marcia / fermata / arresto;Passeggero;F;Illeso;0;;;
5808900;13;04/02/2022 08:20:00;Strada Urbana;VIA DEL ROSMARINO;all'intersezione con;VIA LORENZO NERUCCI;VIA LORENZO NERUCCI;;;Scontro frontale/laterale DX fra veicoli in marcia;Incrocio;Una carreggiata a doppio senso;Asciutto;Asfaltata;Verticale;Nuvoloso;Normale;Buona;;1;0;0;2;12.3552;41.7856;-1;2;Autovettura privata;In marcia / fermata / arresto;Conducente;M;Illeso;0;;;
5808901;13;04/02/2022 12:10:00;Strada Urbana;VIA DI PRATO CORNELIO;da specificare;;;;uscita parcheggio EUROSPIN;Scontro frontale/laterale DX fra veicoli in marcia;Rettilineo;Una carreggiata a doppio senso;Asciutto;Asfaltata;Verticale ed orizzontale;Nuvoloso;Normale;Buona;;1;0;0;2;12.3626;41.7738;-1;1;Autovettura privata;In marcia / fermata / arresto;Conducente;M;Illeso;0;;;
5808901;13;04/02/2022 12:10:00;Strada Urbana;VIA DI PRATO CORNELIO;da specificare;;;;uscita parcheggio EUROSPIN;Scontro frontale/laterale DX fra veicoli in marcia;Rettilineo;Una carreggiata a doppio senso;Asciutto;Asfaltata;Verticale ed orizzontale;Nuvoloso;Normale;Buona;;1;0;0;2;12.3626;41.7738;-1;1;Autovettura privata;In marcia / fermata / arresto;Passeggero;F;Illeso;0;;;
5808901;13;04/02/2022 12:10:00;Strada Urbana;VIA DI PRATO CORNELIO;da specificare;;;;uscita parcheggio EUROSPIN;Scontro frontale/laterale DX fra veicoli in marcia;Rettilineo;Una carreggiata a doppio senso;Asciutto;Asfaltata;Verticale ed orizzontale;Nuvoloso;Normale;Buona;;1;0;0;2;12.3626;41.7738;-1;2;Autovettura privata;In marcia / fermata / arresto;Conducente;M;Rimandato;0;NON DECEDUTO;;
5808904;13;04/02/2022 22:00:00;Strada Urbana;VIA SALORNO;in prossimità;;del palo luce n.;5;;Veicolo in marcia che urta buche nella carreggiata;Rettilineo;Una carreggiata a doppio senso;Asciutto;Asfaltata;Assente;Sereno;Scarso;Insufficiente;;0;0;0;1;12.3683;41.7302;-1;1;Autovettura di polizia;In marcia / fermata / arresto;Conducente;M;Illeso;0;;Non accertato;Inesploso
5808930;1;04/02/2022 15:18:00;Strada Urbana;VIA DEL TEATRO DI MARCELLO;in prossimità;;del civico n.;34;;Tamponamento;Pendenza;Una carreggiata a doppio senso;Asciutto;In cubetti di porfido;Verticale;Sereno;Normale;Buona;;0;0;0;5;12.481;41.8929;0;1;Motociclo a solo;In marcia / fermata / arresto;Conducente;M;Illeso;0;;;
5808930;1;04/02/2022 15:18:00;Strada Urbana;VIA DEL TEATRO DI MARCELLO;in prossimità;;del civico n.;34;;Tamponamento;Pendenza;Una carreggiata a doppio senso;Asciutto;In cubetti di porfido;Verticale;Sereno;Normale;Buona;;0;0;0;5;12.481;41.8929;0;2;Autovettura privata;In marcia / fermata / arresto;Conducente;;Illeso;0;;;
5808930;1;04/02/2022 15:18:00;Strada Urbana;VIA DEL TEATRO DI MARCELLO;in prossimità;;del civico n.;34;;Tamponamento;Pendenza;Una carreggiata a doppio senso;Asciutto;In cubetti di porfido;Verticale;Sereno;Normale;Buona;;0;0;0;5;12.481;41.8929;0;2;Autovettura privata;In marcia / fermata / arresto;Passeggero;F;Illeso;0;;;
5808930;1;04/02/2022 15:18:00;Strada Urbana;VIA DEL TEATRO DI MARCELLO;in prossimità;;del civico n.;34;;Tamponamento;Pendenza;Una carreggiata a doppio senso;Asciutto;In cubetti di porfido;Verticale;Sereno;Normale;Buona;;0;0;0;5;12.481;41.8929;0;3;Autocarro inferiore 35 q.;In marcia / fermata / arresto;Conducente;M;Illeso;0;;;
5808930;1;04/02/2022 15:18:00;Strada Urbana;VIA DEL TEATRO DI MARCELLO;in prossimità;;del civico n.;34;;Tamponamento;Pendenza;Una carreggiata a doppio senso;Asciutto;In cubetti di porfido;Verticale;Sereno;Normale;Buona;;0;0;0;5;12.481;41.8929;0;3;Autocarro inferiore 35 q.;In marcia / fermata / arresto;Passeggero;F;Illeso;0;;;
5808961;20;04/02/2022 09:35:00;Regionale entro l'abitato;VIA CASSIA;all'intersezione con;VIA DI GROTTAROSSA;VIA DI GROTTAROSSA;;;Scontro laterale fra veicoli in marcia;Incrocio;Una carreggiata a doppio senso;Asciutto;Asfaltata;Orizzontale;Nuvoloso;Intenso;Buona;;0;0;0;2;12.4377;41.9716;-1;1;Autovettura privata;In marcia / fermata / arresto;Conducente;F;Illeso;0;;Utilizzato;Inesploso
5808961;20;04/02/2022 09:35:00;Regionale entro l'abitato;VIA CASSIA;all'intersezione con;VIA DI GROTTAROSSA;VIA DI GROTTAROSSA;;;Scontro laterale fra veicoli in marcia;Incrocio;Una carreggiata a doppio senso;Asciutto;Asfaltata;Orizzontale;Nuvoloso;Intenso;Buona;;0;0;0;2;12.4377;41.9716;-1;2;Autocarro inferiore 35 q.;In marcia / fermata / arresto;Conducente;M;Illeso;0;;Utilizzato;Inesploso
5808964;20;04/02/2022 08:10:00;Strada Urbana;VIA CASSIA;da specificare;;;;in prossimità di via Bracciano;Tamponamento Multiplo;Rettilineo;Una carreggiata a doppio senso;Asciutto;Asfaltata;Verticale ed orizzontale;Sereno;Intenso;Buona;;2;0;0;3;12.4137;41.9828;-1;1;Autovettura privata;In marcia / fermata / arresto;Conducente;M;Illeso;0;;Non accertato;
5808964;20;04/02/2022 08:10:00;Strada Urbana;VIA CASSIA;da specificare;;;;in prossimità di via Bracciano;Tamponamento Multiplo;Rettilineo;Una carreggiata a doppio senso;Asciutto;Asfaltata;Verticale ed orizzontale;Sereno;Intenso;Buona;;2;0;0;3;12.4137;41.9828;-1;2;Autovettura privata;In marcia / fermata / arresto;Conducente;M;Illeso;0;;Non accertato;
5808964;20;04/02/2022 08:10:00;Strada Urbana;VIA CASSIA;da specificare;;;;in prossimità di via Bracciano;Tamponamento Multiplo;Rettilineo;Una carreggiata a doppio senso;Asciutto;Asfaltata;Verticale ed orizzontale;Sereno;Intenso;Buona;;2;0;0;3;12.4137;41.9828;-1;2;Autovettura privata;In marcia / fermata / arresto;Passeggero;M;Illeso;0;;Non accertato;
5808964;20;04/02/2022 08:10:00;Strada Urbana;VIA CASSIA;da specificare;;;;in prossimità di via Bracciano;Tamponamento Multiplo;Rettilineo;Una carreggiata a doppio senso;Asciutto;Asfaltata;Verticale ed orizzontale;Sereno;Intenso;Buona;;2;0;0;3;12.4137;41.9828;-1;3;Autovettura privata;In marcia / fermata / arresto;Conducente;M;Rimandato;0;NON DECEDUTO;Non accertato;
5808964;20;04/02/2022 08:10:00;Strada Urbana;VIA CASSIA;da specificare;;;;in prossimità di via Bracciano;Tamponamento Multiplo;Rettilineo;Una carreggiata a doppio senso;Asciutto;Asfaltata;Verticale ed orizzontale;Sereno;Intenso;Buona;;2;0;0;3;12.4137;41.9828;-1;4;Autovettura privata;In marcia / fermata / arresto;Conducente;M;Rimandato;0;NON DECEDUTO;Non accertato;
5808968;1;03/02/2022 16:20:00;Strada Urbana;VIA GIOVANNI LANZA;in prossimità;;del civico n.;127;;Scontro laterale fra veicoli in marcia;Rettilineo;Una carreggiata a doppio senso;Asciutto;Asfaltata;Verticale ed orizzontale;Sereno;Normale;Buona;;0;0;0;2;;;0;1;Autovettura privata;In marcia / fermata / arresto;Conducente;F;Illeso;0;;;
5808968;1;03/02/2022 16:20:00;Strada Urbana;VIA GIOVANNI LANZA;in prossimità;;del civico n.;127;;Scontro laterale fra veicoli in marcia;Rettilineo;Una carreggiata a doppio senso;Asciutto;Asfaltata;Verticale ed orizzontale;Sereno;Normale;Buona;;0;0;0;2;;;0;2;Monopattino elettrico;In marcia / fermata / arresto;Conducente;F;Illeso;0;;;
5808994;6;05/02/2022 09:20:00;Strada Urbana;VIA SAMPIERO DI BASTELICA;all'intersezione con;VIA NICOLO' FORTEGUERRI;VIA NICOLO' FORTEGUERRI;;;Tamponamento;Incrocio;Una carreggiata a senso unico di marcia;Asciutto;Asfaltata;Verticale ed orizzontale;Nuvoloso;Normale;Buona;;0;0;0;4;12.541;41.891;-1;1;Autovettura privata;In marcia / fermata / arresto;Conducente;M;Illeso;0;;Non accertato;Inesploso
5808994;6;05/02/2022 09:20:00;Strada Urbana;VIA SAMPIERO DI BASTELICA;all'intersezione con;VIA NICOLO' FORTEGUERRI;VIA NICOLO' FORTEGUERRI;;;Tamponamento;Incrocio;Una carreggiata a senso unico di marcia;Asciutto;Asfaltata;Verticale ed orizzontale;Nuvoloso;Normale;Buona;;0;0;0;4;12.541;41.891;-1;1;Autovettura privata;In marcia / fermata / arresto;Passeggero;M;Illeso;0;;Non accertato;Inesploso
5808994;6;05/02/2022 09:20:00;Strada Urbana;VIA SAMPIERO DI BASTELICA;all'intersezione con;VIA NICOLO' FORTEGUERRI;VIA NICOLO' FORTEGUERRI;;;Tamponamento;Incrocio;Una carreggiata a senso unico di marcia;Asciutto;Asfaltata;Verticale ed orizzontale;Nuvoloso;Normale;Buona;;0;0;0;4;12.541;41.891;-1;1;Autovettura privata;In marcia / fermata / arresto;Passeggero;F;Illeso;0;;Non accertato;Inesploso
5808994;6;05/02/2022 09:20:00;Strada Urbana;VIA SAMPIERO DI BASTELICA;all'intersezione con;VIA NICOLO' FORTEGUERRI;VIA NICOLO' FORTEGUERRI;;;Tamponamento;Incrocio;Una carreggiata a senso unico di marcia;Asciutto;Asfaltata;Verticale ed orizzontale;Nuvoloso;Normale;Buona;;0;0;0;4;12.541;41.891;-1;2;Autovettura privata;In marcia / fermata / arresto;Conducente;M;Illeso;0;;Non accertato;Inesploso
5809002;20;04/02/2022 14:00:00;Strada Urbana;VIA DI BACCANELLO;in prossimità;;del civico n.;30;;Fuoriuscita dalla sede stradale;Rettilineo;Una carreggiata a doppio senso;Asciutto;Asfaltata;Orizzontale;Nuvoloso;Normale;Buona;;0;0;0;1;12.3665;42.058;-1;1;Autovettura privata;In marcia / fermata / arresto;Conducente;M;Illeso;0;;;
5809013;1;04/02/2022 19:30:00;Strada Urbana;PIAZZA DEL VIMINALE;all'intersezione con;VIA AGOSTINO DEPRETIS;VIA AGOSTINO DEPRETIS;;;Veicolo in marcia contro ostacolo fisso;;Una carreggiata a senso unico di marcia;Asciutto;In cubetti di porfido;Verticale ed orizzontale;Nuvoloso;Normale;Sufficiente;;0;0;0;1;;;0;1;Autocarro inferiore 35 q.;In marcia / fermata / arresto;Conducente;M;Illeso;0;;;
5809036;1;05/02/2022 06:15:00;Strada Urbana;VIA DI VILLA FONSECA;in corrispondenza;;del civico n.;6;;Veicolo in marcia contro ostacolo fisso;Rettilineo;Una carreggiata a senso unico di marcia;Asciutto;Asfaltata;Verticale ed orizzontale;Nuvoloso;Scarso;Sufficiente;;0;0;0;1;12.5004;41.8845;-1;1;Autovettura privata;In marcia / fermata / arresto;Conducente;M;Illeso;0;;Non accertato;Esploso
5809049;20;04/02/2022 12:40:00;Strada Urbana;VIA DELLA CAMILLUCCIA;all'intersezione con;VIA STRESA;VIA STRESA;;;Investimento di pedone;Intersezione stradale segnalata;Una carreggiata a doppio senso;Asciutto;Asfaltata;Verticale ed orizzontale;Nuvoloso;Normale;Buona;;1;0;0;2;12.4433;41.9354;-1;;;;Pedone;F;Rimandato;0;NON DECEDUTO;;
5809049;20;04/02/2022 12:40:00;Strada Urbana;VIA DELLA CAMILLUCCIA;all'intersezione con;VIA STRESA;VIA STRESA;;;Investimento di pedone;Intersezione stradale segnalata;Una carreggiata a doppio senso;Asciutto;Asfaltata;Verticale ed orizzontale;Nuvoloso;Normale;Buona;;1;0;0;2;12.4433;41.9354;-1;1;Autovettura privata;In marcia / fermata / arresto;Conducente;F;Illeso;0;;Non accertato;Inesploso
5809049;20;04/02/2022 12:40:00;Strada Urbana;VIA DELLA CAMILLUCCIA;all'intersezione con;VIA STRESA;VIA STRESA;;;Investimento di pedone;Intersezione stradale segnalata;Una carreggiata a doppio senso;Asciutto;Asfaltata;Verticale ed orizzontale;Nuvoloso;Normale;Buona;;1;0;0;2;12.4433;41.9354;-1;1;Autovettura privata;In marcia / fermata / arresto;Passeggero;M;Illeso;0;;Non accertato;
5809072;20;04/02/2022 14:30:00;Strada Urbana;VIA FLAMINIA;in prossimità;;del civico n.;856;;Scontro laterale fra veicoli in marcia;Rettilineo;Due carreggiate;Asciutto;Asfaltata;Verticale ed orizzontale;Nuvoloso;Normale;Buona;;0;0;0;2;12.4848;41.9542;-1;1;Autovettura privata;In marcia / fermata / arresto;Conducente;F;Illeso;0;;Non accertato;Inesploso
5809072;20;04/02/2022 14:30:00;Strada Urbana;VIA FLAMINIA;in prossimità;;del civico n.;856;;Scontro laterale fra veicoli in marcia;Rettilineo;Due carreggiate;Asciutto;Asfaltata;Verticale ed orizzontale;Nuvoloso;Normale;Buona;;0;0;0;2;12.4848;41.9542;-1;2;Motociclo a solo;In marcia / fermata / arresto;Conducente;M;Illeso;0;;Non accertato;
5809075;20;04/02/2022 15:10:00;Strada Urbana;VIA MAGNANO IN RIVIERA;all'intersezione con;VIA CLAUZETTO;VIA CLAUZETTO;;;Scontro frontale/laterale SX fra veicoli in marcia;Incrocio;Una carreggiata a doppio senso;Asciutto;Asfaltata;Verticale ed orizzontale;Sereno;Scarso;Sufficiente;;0;0;0;4;12.4824;41.9951;-1;1;Autovettura privata;In marcia / fermata / arresto;Conducente;M;Illeso;0;;;
5809075;20;04/02/2022 15:10:00;Strada Urbana;VIA MAGNANO IN RIVIERA;all'intersezione con;VIA CLAUZETTO;VIA CLAUZETTO;;;Scontro frontale/laterale SX fra veicoli in marcia;Incrocio;Una carreggiata a doppio senso;Asciutto;Asfaltata;Verticale ed orizzontale;Sereno;Scarso;Sufficiente;;0;0;0;4;12.4824;41.9951;-1;1;Autovettura privata;In marcia / fermata / arresto;Passeggero;M;Illeso;0;;;
5809075;20;04/02/2022 15:10:00;Strada Urbana;VIA MAGNANO IN RIVIERA;all'intersezione con;VIA CLAUZETTO;VIA CLAUZETTO;;;Scontro frontale/laterale SX fra veicoli in marcia;Incrocio;Una carreggiata a doppio senso;Asciutto;Asfaltata;Verticale ed orizzontale;Sereno;Scarso;Sufficiente;;0;0;0;4;12.4824;41.9951;-1;2;Autovettura privata;In marcia / fermata / arresto;Conducente;M;Illeso;0;;;
5809075;20;04/02/2022 15:10:00;Strada Urbana;VIA MAGNANO IN RIVIERA;all'intersezione con;VIA CLAUZETTO;VIA CLAUZETTO;;;Scontro frontale/laterale SX fra veicoli in marcia;Incrocio;Una carreggiata a doppio senso;Asciutto;Asfaltata;Verticale ed orizzontale;Sereno;Scarso;Sufficiente;;0;0;0;4;12.4824;41.9951;-1;2;Autovettura privata;In marcia / fermata / arresto;Passeggero;M;Illeso;0;;;
5809088;20;05/02/2022 03:00:00;Strada Urbana;VIA PIETRO LUPI;da specificare;;;;in prossimità di Corso di Francia;Veicolo in marcia contro veicoli in sosta;Curva a visuale libera;Una carreggiata a doppio senso;Asciutto;Asfaltata;Verticale ed orizzontale;Sereno;Scarso;Buona;;0;0;0;0;12.4722;41.9378;-1;1;Veicolo ignoto perchè FUGA;Allontanatosi;;;;;;;
5809088;20;05/02/2022 03:00:00;Strada Urbana;VIA PIETRO LUPI;da specificare;;;;in prossimità di Corso di Francia;Veicolo in marcia contro veicoli in sosta;Curva a visuale libera;Una carreggiata a doppio senso;Asciutto;Asfaltata;Verticale ed orizzontale;Sereno;Scarso;Buona;;0;0;0;0;12.4722;41.9378;-1;2;Autovettura privata;Sosta;;;;;;;
5809088;20;05/02/2022 03:00:00;Strada Urbana;VIA PIETRO LUPI;da specificare;;;;in prossimità di Corso di Francia;Veicolo in marcia contro veicoli in sosta;Curva a visuale libera;Una carreggiata a doppio senso;Asciutto;Asfaltata;Verticale ed orizzontale;Sereno;Scarso;Buona;;0;0;0;0;12.4722;41.9378;-1;3;Autovettura privata;Sosta;;;;;;;
5809116;2;04/02/2022 15:15:00;Strada Urbana;VIALE DEL MURO TORTO;da specificare;;;;pross. p.le Flaminio (dir. Flaminio) palo luce 5;Ribaltamento senza urto contro ostacolo fisso;Rettilineo;Due carreggiate;Asciutto;Asfaltata;Verticale ed orizzontale;Sereno;Normale;Buona;;1;0;0;0;12.4769;41.9118;-1;1;Motociclo a solo;In marcia / fermata / arresto;Conducente;M;Rimandato;0;NON DECEDUTO;;