Protocollo;Gruppo;DataOraIncidente;Localizzazione1;STRADA1;Localizzazione2;STRADA2;Strada02;Chilometrica;DaSpecificare;NaturaIncidente;particolaritastrade;TipoStrada;FondoStradale;Pavimentazione;Segnaletica;CondizioneAtmosferica;Traffico;Visibilita;Illuminazione;NUM_FERITI;NUM_RISERVATA;NUM_MORTI;NUM_ILLESI;Longitude;Latitude;Confermato;Progressivo;TipoVeicolo;StatoVeicolo;TipoPersona;Sesso;Tipolesione;Deceduto;DecedutoDopo;CinturaCascoUtilizzato;Airbag;
5811844;18;07/02/2022 11:00:00;Statale entro l'abitato;VIA AURELIA;all'intersezione semaforizzata con;VIA PIO VIII;VIA PIO VIII;;;Scontro frontale/laterale DX fra veicoli in marcia;Intersezione semaforizzata;Una carreggiata a doppio senso;Asciutto;Asfaltata;Verticale ed orizzontale;Sereno;Normale;Buona;;0;0;0;2;12.4012;41.8861;-1;2;Autovettura privata;In marcia / fermata / arresto;Conducente;F;Illeso;0;;Non accertato;Inesploso
5811852;9;07/02/2022 12:15:00;Strada Urbana;VIA S. DOMENICO SAVIO;in corrispondenza;;del civico n.;4;;Tamponamento;Rotatoria;Una carreggiata a senso unico di marcia;Asciutto;Asfaltata;Orizzontale;Sereno;Scarso;Buona;;0;0;0;2;12.5282;41.8759;-1;1;Autovettura privata;In marcia / fermata / arresto;Conducente;F;Illeso;0;;Non accertato;Inesploso
5811852;9;07/02/2022 12:15:00;Strada Urbana;VIA S. DOMENICO SAVIO;in corrispondenza;;del civico n.;4;;Tamponamento;Rotatoria;Una carreggiata a senso unico di marcia;Asciutto;Asfaltata;Orizzontale;Sereno;Scarso;Buona;;0;0;0;2;12.5282;41.8759;-1;2;Autovettura privata;In marcia / fermata / arresto;Conducente;M;Illeso;0;;Non accertato;Inesploso
5811858;18;07/02/2022 07:40:00;Strada Urbana;VIA GREGORIO VII;in prossimità;;del civico n.;91;;Tamponamento Multiplo;Rettilineo;Più di due carreggiate;Asciutto;Asfaltata;Verticale ed orizzontale;Sereno;Normale;Buona;;2;0;0;2;12.4503;41.8968;-1;1;Autovettura privata;In marcia / fermata / arresto;;;;;;;
5811858;18;07/02/2022 07:40:00;Strada Urbana;VIA GREGORIO VII;in prossimità;;del civico n.;91;;Tamponamento Multiplo;Rettilineo;Più di due carreggiate;Asciutto;Asfaltata;Verticale ed orizzontale;Sereno;Normale;Buona;;2;0;0;2;12.4503;41.8968;-1;2;Motociclo con passeggero;In marcia / fermata / arresto;Conducente;M;Rifiuta cure immediate;0;NON DECEDUTO;Non accertato;
5811858;18;07/02/2022 07:40:00;Strada Urbana;VIA GREGORIO VII;in prossimità;;del civico n.;91;;Tamponamento Multiplo;Rettilineo;Più di due carreggiate;Asciutto;Asfaltata;Verticale ed orizzontale;Sereno;Normale;Buona;;2;0;0;2;12.4503;41.8968;-1;2;Motociclo con passeggero;In marcia / fermata / arresto;Passeggero;M;Rimandato;0;NON DECEDUTO;Non accertato;
5811858;18;07/02/2022 07:40:00;Strada Urbana;VIA GREGORIO VII;in prossimità;;del civico n.;91;;Tamponamento Multiplo;Rettilineo;Più di due carreggiate;Asciutto;Asfaltata;Verticale ed orizzontale;Sereno;Normale;Buona;;2;0;0;2;12.4503;41.8968;-1;3;Autovettura privata;In marcia / fermata / arresto;Conducente;M;Illeso;0;;Non accertato;Inesploso
5811858;18;07/02/2022 07:40:00;Strada Urbana;VIA GREGORIO VII;in prossimità;;del civico n.;91;;Tamponamento Multiplo;Rettilineo;Più di due carreggiate;Asciutto;Asfaltata;Verticale ed orizzontale;Sereno;Normale;Buona;;2;0;0;2;12.4503;41.8968;-1;4;Autovettura privata;In marcia / fermata / arresto;Conducente;M;Illeso;0;;Non accertato;Inesploso
5811916;11;07/02/2022 14:10:00;Strada Urbana;VIA OSTIENSE;in prossimità;;del civico n.;38/L;;Scontro frontale/laterale DX fra veicoli in marcia;Rettilineo;Più di due carreggiate;Asciutto;Asfaltata;Verticale ed orizzontale;Nuvoloso;Normale;Buona;;1;0;0;1;12.4795;41.8739;-1;1;Autobus turistico;In marcia / fermata / arresto;Conducente;M;Illeso;0;;Non accertato;Inesploso
5811916;11;07/02/2022 14:10:00;Strada Urbana;VIA OSTIENSE;in prossimità;;del civico n.;38/L;;Scontro frontale/laterale DX fra veicoli in marcia;Rettilineo;Più di due carreggiate;Asciutto;Asfaltata;Verticale ed orizzontale;Nuvoloso;Normale;Buona;;1;0;0;1;12.4795;41.8739;-1;2;Velocipede;In marcia / fermata / arresto;Conducente;M;Ricoverato;0;NON DECEDUTO;Esente;
5811989;6;09/02/2022 18:20:00;Strada Urbana;PIAZZA DEL PIGNETO;da specificare;;;;f.c. 8;Scontro frontale/laterale SX fra veicoli in marcia;Rettilineo;Una carreggiata a doppio senso;Asciutto;Asfaltata;Verticale ed orizzontale;Sereno;Scarso;Buona;;1;0;0;1;12.5229;41.889;-1;1;Motociclo a solo;In marcia / fermata / arresto;Conducente;F;Rimandato;0;NON DECEDUTO;Non accertato;Inesploso
5811989;6;09/02/2022 18:20:00;Strada Urbana;PIAZZA DEL PIGNETO;da specificare;;;;f.c. 8;Scontro frontale/laterale SX fra veicoli in marcia;Rettilineo;Una carreggiata a doppio senso;Asciutto;Asfaltata;Verticale ed orizzontale;Sereno;Scarso;Buona;;1;0;0;1;12.5229;41.889;-1;2;Autovettura privata;In marcia / fermata / arresto;Conducente;M;Illeso;0;;Non accertato;Inesploso
5811998;19;07/02/2022 09:15:00;Strada Urbana;VIA IPOGEO DEGLI OTTAVI;all'intersezione con;VIA TRIONFALE;VIA TRIONFALE;;;Scontro laterale fra veicoli in marcia;Intersezione non regolata/non segnalata;Una carreggiata a senso unico di marcia;Asciutto;Asfaltata;Verticale ed orizzontale;Sereno;Normale;Buona;;1;0;0;3;12.409;41.9653;-1;1;Autovettura privata;In marcia / fermata / arresto;Conducente;M;Illeso;0;;Non accertato;
5811998;19;07/02/2022 09:15:00;Strada Urbana;VIA IPOGEO DEGLI OTTAVI;all'intersezione con;VIA TRIONFALE;VIA TRIONFALE;;;Scontro laterale fra veicoli in marcia;Intersezione non regolata/non segnalata;Una carreggiata a senso unico di marcia;Asciutto;Asfaltata;Verticale ed orizzontale;Sereno;Normale;Buona;;1;0;0;3;12.409;41.9653;-1;1;Autovettura privata;In marcia / fermata / arresto;Passeggero;F;Illeso;0;;Non accertato;
5811998;19;07/02/2022 09:15:00;Strada Urbana;VIA IPOGEO DEGLI OTTAVI;all'intersezione con;VIA TRIONFALE;VIA TRIONFALE;;;Scontro laterale fra veicoli in marcia;Intersezione non regolata/non segnalata;Una carreggiata a senso unico di marcia;Asciutto;Asfaltata;Verticale ed orizzontale;Sereno;Normale;Buona;;1;0;0;3;12.409;41.9653;-1;1;Autovettura privata;In marcia / fermata / arresto;Passeggero;F;Rimandato;0;NON DECEDUTO;Non accertato;
5811998;19;07/02/2022 09:15:00;Strada Urbana;VIA IPOGEO DEGLI OTTAVI;all'intersezione con;VIA TRIONFALE;VIA TRIONFALE;;;Scontro laterale fra veicoli in marcia;Intersezione non regolata/non segnalata;Una carreggiata a senso unico di marcia;Asciutto;Asfaltata;Verticale ed orizzontale;Sereno;Normale;Buona;;1;0;0;3;12.409;41.9653;-1;2;Autovettura privata;In marcia / fermata / arresto;Conducente;M;Illeso;0;;Non accertato;
5812014;17;05/02/2022 01:10:00;Strada Urbana;VIA LEONE IV;all'intersezione con;VIA FAMAGOSTA;VIA FAMAGOSTA;;;Scontro frontale/laterale SX fra veicoli in marcia;Incrocio;Una carreggiata a doppio senso;Asciutto;Asfaltata;Verticale ed orizzontale;Sereno;Scarso;Sufficiente;;0;0;0;4;12.4553;41.9087;-1;1;Autovettura privata;In marcia / fermata / arresto;Conducente;M;Illeso;0;;;
5812014;17;05/02/2022 01:10:00;Strada Urbana;VIA LEONE IV;all'intersezione con;VIA FAMAGOSTA;VIA FAMAGOSTA;;;Scontro frontale/laterale SX fra veicoli in marcia;Incrocio;Una carreggiata a doppio senso;Asciutto;Asfaltata;Verticale ed orizzontale;Sereno;Scarso;Sufficiente;;0;0;0;4;12.4553;41.9087;-1;1;Autovettura privata;In marcia / fermata / arresto;Passeggero;M;Illeso;0;;;
5812014;17;05/02/2022 01:10:00;Strada Urbana;VIA LEONE IV;all'intersezione con;VIA FAMAGOSTA;VIA FAMAGOSTA;;;Scontro frontale/laterale SX fra veicoli in marcia;Incrocio;Una carreggiata a doppio senso;Asciutto;Asfaltata;Verticale ed orizzontale;Sereno;Scarso;Sufficiente;;0;0;0;4;12.4553;41.9087;-1;2;Autovettura privata;In marcia / fermata / arresto;Conducente;M;Illeso;0;;;
5812014;17;05/02/2022 01:10:00;Strada Urbana;VIA LEONE IV;all'intersezione con;VIA FAMAGOSTA;VIA FAMAGOSTA;;;Scontro frontale/laterale SX fra veicoli in marcia;Incrocio;Una carreggiata a doppio senso;Asciutto;Asfaltata;Verticale ed orizzontale;Sereno;Scarso;Sufficiente;;0;0;0;4;12.4553;41.9087;-1;2;Autovettura privata;In marcia / fermata / arresto;Passeggero;M;Illeso;0;;;
5812048;17;06/02/2022 01:00:00;Strada Urbana;VIA GERMANICO;all'intersezione con;VIA PAOLO EMILIO;VIA PAOLO EMILIO;;;Scontro frontale/laterale DX fra veicoli in marcia;Intersezione stradale segnalata;Una carreggiata a senso unico di marcia;Bagnato (pioggia);Asfaltata;Verticale ed orizzontale;Sereno;Scarso;Sufficiente;;2;0;0;2;12.4634;41.9091;-1;1;Autovettura privata;In marcia / fermata / arresto;Conducente;F;Rifiuta cure immediate;0;NON DECEDUTO;;
5812048;17;06/02/2022 01:00:00;Strada Urbana;VIA GERMANICO;all'intersezione con;VIA PAOLO EMILIO;VIA PAOLO EMILIO;;;Scontro frontale/laterale DX fra veicoli in marcia;Intersezione stradale segnalata;Una carreggiata a senso unico di marcia;Bagnato (pioggia);Asfaltata;Verticale ed orizzontale;Sereno;Scarso;Sufficiente;;2;0;0;2;12.4634;41.9091;-1;1;Autovettura privata;In marcia / fermata / arresto;Passeggero;F;Rifiuta cure immediate;0;NON DECEDUTO;;
5812048;17;06/02/2022 01:00:00;Strada Urbana;VIA GERMANICO;all'intersezione con;VIA PAOLO EMILIO;VIA PAOLO EMILIO;;;Scontro frontale/laterale DX fra veicoli in marcia;Intersezione stradale segnalata;Una carreggiata a senso unico di marcia;Bagnato (pioggia);Asfaltata;Verticale ed orizzontale;Sereno;Scarso;Sufficiente;;2;0;0;2;12.4634;41.9091;-1;1;Autovettura privata;In marcia / fermata / arresto;Passeggero;F;Illeso;0;;;
5812048;17;06/02/2022 01:00:00;Strada Urbana;VIA GERMANICO;all'intersezione con;VIA PAOLO EMILIO;VIA PAOLO EMILIO;;;Scontro frontale/laterale DX fra veicoli in marcia;Intersezione stradale segnalata;Una carreggiata a senso unico di marcia;Bagnato (pioggia);Asfaltata;Verticale ed orizzontale;Sereno;Scarso;Sufficiente;;2;0;0;2;12.4634;41.9091;-1;2;Autovettura privata;In marcia / fermata / arresto;Conducente;F;Illeso;0;;;
5812082;10;07/02/2022 16:00:00;Strada Urbana;VIA TUSCOLANA;in corrispondenza;;del civico n.;777;;Investimento di pedone;Rettilineo;Una carreggiata a doppio senso;Asciutto;Asfaltata;Verticale ed orizzontale;Sereno;Normale;Buona;;2;0;0;1;12.5567;41.8603;-1;;;;Pedone;F;Rimandato;0;NON DECEDUTO;;
5812082;10;07/02/2022 16:00:00;Strada Urbana;VIA TUSCOLANA;in corrispondenza;;del civico n.;777;;Investimento di pedone;Rettilineo;Una carreggiata a doppio senso;Asciutto;Asfaltata;Verticale ed orizzontale;Sereno;Normale;Buona;;2;0;0;1;12.5567;41.8603;-1;1;Monopattino elettrico;In marcia / fermata / arresto;Conducente;M;Illeso;0;;;Inesistente
5812082;10;07/02/2022 16:00:00;Strada Urbana;VIA TUSCOLANA;in corrispondenza;;del civico n.;777;;Investimento di pedone;Rettilineo;Una carreggiata a doppio senso;Asciutto;Asfaltata;Verticale ed orizzontale;Sereno;Normale;Buona;;2;0;0;1;12.5567;41.8603;-1;1;Monopattino elettrico;In marcia / fermata / arresto;Passeggero;F;Rimandato;0;NON DECEDUTO;;Inesistente
5812165;18;07/02/2022 19:20:00;Strada Urbana;VIA ENRICO BONDI;in corrispondenza;;del civico n.;83;;Investimento di pedone;Rettilineo;Una carreggiata a senso unico di marcia;Asciutto;Asfaltata;Verticale ed orizzontale;Sereno;Normale;Sufficiente;;1;0;0;2;12.3884;41.9026;-1;;;;Pedone;M;Rifiuta cure immediate;0;NON DECEDUTO;;
5812165;18;07/02/2022 19:20:00;Strada Urbana;VIA ENRICO BONDI;in corrispondenza;;del civico n.;83;;Investimento di pedone;Rettilineo;Una carreggiata a senso unico di marcia;Asciutto;Asfaltata;Verticale ed orizzontale;Sereno;Normale;Sufficiente;;1;0;0;2;12.3884;41.9026;-1;1;Autovettura privata;In marcia / fermata / arresto;Conducente;M;Illeso;0;;Non accertato;Inesploso
5812165;18;07/02/2022 19:20:00;Strada Urbana;VIA ENRICO BONDI;in corrispondenza;;del civico n.;83;;Investimento di pedone;Rettilineo;Una carreggiata a senso unico di marcia;Asciutto;Asfaltata;Verticale ed orizzontale;Sereno;Normale;Sufficiente;;1;0;0;2;12.3884;41.9026;-1;1;Autovettura privata;In marcia / fermata / arresto;Passeggero;M;Illeso;0;;Non accertato;Inesploso
5812214;16;05/02/2022 09:50:00;Strada Urbana;PIAZZA BIAGIO PACE;all'intersezione con;VIA GIORGIO ZOEGA;VIA GIORGIO ZOEGA;;;Scontro laterale fra veicoli in marcia;Intersezione stradale segnalata;Una carreggiata a doppio senso;Asciutto;Asfaltata;Verticale ed orizzontale;Sereno;Normale;Buona;;0;0;0;2;12.431;41.8769;-1;1;Autovettura privata;In marcia / fermata / arresto;Conducente;F;Illeso;0;;Non accertato;Inesploso
5812214;16;05/02/2022 09:50:00;Strada Urbana;PIAZZA BIAGIO PACE;all'intersezione con;VIA GIORGIO ZOEGA;VIA GIORGIO ZOEGA;;;Scontro laterale fra veicoli in marcia;Intersezione stradale segnalata;Una carreggiata a doppio senso;Asciutto;Asfaltata;Verticale ed orizzontale;Sereno;Normale;Buona;;0;0;0;2;12.431;41.8769;-1;2;Motociclo a solo;In marcia / fermata / arresto;Conducente;M;Illeso;0;;Non accertato;
5812357;1;07/02/2022 11:40:00;Strada Urbana;VIA CAVOUR;in corrispondenza;;del civico n.;5;;Veicolo in marcia contro ostacolo fisso;Rettilineo;Una carreggiata a doppio senso;Asciutto;Asfaltata;Verticale ed orizzontale;Sereno;Normale;Buona;;1;0;0;0;12.4994;41.9006;-1;1;Autovettura privata;In marcia / fermata / arresto;Conducente;M;Rifiuta cure immediate;0;NON DECEDUTO;;
5812378;11;07/02/2022 08:00:00;Strada Urbana;VIA ARDEATINA;da specificare;;;;PROSSIMITA' FERMATA ATAC N. 73673;Tamponamento;Rettilineo;Una carreggiata a doppio senso;Bagnato (pioggia);Asfaltata;Verticale ed orizzontale;Pioggia in atto;Normale;Buona;;2;0;0;0;12.5255;41.8131;-1;1;Autovettura privata;In marcia / fermata / arresto;Conducente;M;Rifiuta cure immediate;0;NON DECEDUTO;Non accertato;
5812378;11;07/02/2022 08:00:00;Strada Urbana;VIA ARDEATINA;da specificare;;;;PROSSIMITA' FERMATA ATAC N. 73673;Tamponamento;Rettilineo;Una carreggiata a doppio senso;Bagnato (pioggia);Asfaltata;Verticale ed orizzontale;Pioggia in atto;Normale;Buona;;2;0;0;0;12.5255;41.8131;-1;2;Autovettura privata;In marcia / fermata / arresto;Conducente;M;Rifiuta cure immediate;0;NON DECEDUTO;Non accertato;
5812404;11;07/02/2022 08:00:00;Strada Urbana;VIA DI VIGNA MURATA;all'intersezione con;VIA ARDEATINA;VIA ARDEATINA;;;Fuoriuscita dalla sede stradale;Rotatoria;Una carreggiata a senso unico di marcia;Bagnato (umidità in atto);Asfaltata;Verticale ed orizzontale;Nuvoloso;Normale;Buona;;0;0;0;1;12.5183;41.8269;-1;1;Autovettura privata;In marcia / fermata / arresto;Conducente;M;Illeso;0;;Non accertato;
5812422;11;07/02/2022 12:40:00;Strada Urbana;VIA DI GROTTA PERFETTA;all'intersezione con;VIA ARDEATINA;VIA ARDEATINA;;;Scontro frontale/laterale DX fra veicoli in marcia;Incrocio;Una carreggiata a doppio senso;Asciutto;Asfaltata;Verticale ed orizzontale;Sereno;Intenso;Buona;;1;0;0;1;12.5181;41.8295;-1;1;Autovettura privata;In marcia / fermata / arresto;Conducente;M;Illeso;0;;;
5812422;11;07/02/2022 12:40:00;Strada Urbana;VIA DI GROTTA PERFETTA;all'intersezione con;VIA ARDEATINA;VIA ARDEATINA;;;Scontro frontale/laterale DX fra veicoli in marcia;Incrocio;Una carreggiata a doppio senso;Asciutto;Asfaltata;Verticale ed orizzontale;Sereno;Intenso;Buona;;1;0;0;1;12.5181;41.8295;-1;2;Autovettura privata;In marcia / fermata / arresto;Conducente;F;Rifiuta cure immediate;0;NON DECEDUTO;;
5812449;8;07/02/2022 06:15:00;Strada Urbana;VIA CENTRACHE;all'intersezione con;VIA CALOVETO;VIA CALOVETO;;;Scontro frontale/laterale DX fra veicoli in marcia;Intersezione stradale segnalata;Una carreggiata a doppio senso;Bagnato (umidità in atto);Asfaltata;Verticale ed orizzontale;Nuvoloso;Normale;Buona;;0;0;0;2;12.6793;41.8732;-1;1;Autocarro inferiore 35 q.;In marcia / fermata / arresto;Conducente;M;Illeso;0;;Non accertato;Inesploso
5812449;8;07/02/2022 06:15:00;Strada Urbana;VIA CENTRACHE;all'intersezione con;VIA CALOVETO;VIA CALOVETO;;;Scontro frontale/laterale DX fra veicoli in marcia;Intersezione stradale segnalata;Una carreggiata a doppio senso;Bagnato (umidità in atto);Asfaltata;Verticale ed orizzontale;Nuvoloso;Normale;Buona;;0;0;0;2;12.6793;41.8732;-1;2;Autovettura privata;In marcia / fermata / arresto;Conducente;M;Illeso;0;;Non accertato;Inesploso
5812455;11;07/02/2022 12:50:00;Strada Urbana;CIRCONVALLAZIONE OSTIENSE;in corrispondenza;;del palo luce n.;62;;Scontro frontale fra veicoli in marcia;Rettilineo;Due carreggiate;Asciutto;Asfaltata;Verticale ed orizzontale;Sereno;Normale;Buona;;0;0;0;3;12.4903;41.8669;-1;1;Motociclo a solo;In marcia / fermata / arresto;Conducente;M;Illeso;0;;Non accertato;
5812455;11;07/02/2022 12:50:00;Strada Urbana;CIRCONVALLAZIONE OSTIENSE;in corrispondenza;;del palo luce n.;62;;Scontro frontale fra veicoli in marcia;Rettilineo;Due carreggiate;Asciutto;Asfaltata;Verticale ed orizzontale;Sereno;Normale;Buona;;0;0;0;3;12.4903;41.8669;-1;2;Autovettura privata;In marcia / fermata / arresto;Conducente;M;Illeso;0;;Non accertato;
5812455;11;07/02/2022 12:50:00;Strada Urbana;CIRCONVALLAZIONE OSTIENSE;in corrispondenza;;del palo luce n.;62;;Scontro frontale fra veicoli in marcia;Rettilineo;Due carreggiate;Asciutto;Asfaltata;Verticale ed orizzontale;Sereno;Normale;Buona;;0;0;0;3;12.4903;41.8669;-1;2;Autovettura privata;In marcia / fermata / arresto;Passeggero;M;Illeso;0;;Non accertato;
5812456;8;07/02/2022 06:40:00;Statale entro l'abitato;VIA CASILINA;all'intersezione con;VIA GIAN CRISTOFORO ROMANO;VIA GIAN CRISTOFORO ROMANO;;;Scontro frontale/laterale SX fra veicoli in marcia;Intersezione stradale segnalata;Una carreggiata a doppio senso;Bagnato (pioggia);Asfaltata;Verticale ed orizzontale;Pioggia in atto;Intenso;Buona;;1;0;0;1;12.6065;41.8641;-1;1;Autovettura privata;In marcia / fermata / arresto;Conducente;M;Illeso;0;;Non accertato;Inesploso
5812456;8;07/02/2022 06:40:00;Statale entro l'abitato;VIA CASILINA;all'intersezione con;VIA GIAN CRISTOFORO ROMANO;VIA GIAN CRISTOFORO ROMANO;;;Scontro frontale/laterale SX fra veicoli in marcia;Intersezione stradale segnalata;Una carreggiata a doppio senso;Bagnato (pioggia);Asfaltata;Verticale ed orizzontale;Pioggia in atto;Intenso;Buona;;1;0;0;1;12.6065;41.8641;-1;2;Autovettura privata;In marcia / fermata / arresto;Conducente;F;Rimandato;0;NON DECEDUTO;Non accertato;Esploso
5812461;8;07/02/2022 09:45:00;Strada Urbana;VIA DI PRATAPORCI;all'intersezione con;VIA CAMPO BRUNO;VIA CAMPO BRUNO;;;Scontro frontale/laterale DX fra veicoli in marcia;Intersezione stradale segnalata;Due carreggiate;Asciutto;Asfaltata;Verticale ed orizzontale;Sereno;Scarso;Buona;;0;0;0;3;12.6848;41.8595;-1;1;Autovettura privata;In marcia / fermata / arresto;Conducente;M;Illeso;0;;Non accertato;Inesploso
5812461;8;07/02/2022 09:45:00;Strada Urbana;VIA DI PRATAPORCI;all'intersezione con;VIA CAMPO BRUNO;VIA CAMPO BRUNO;;;Scontro frontale/laterale DX fra veicoli in marcia;Intersezione stradale segnalata;Due carreggiate;Asciutto;Asfaltata;Verticale ed orizzontale;Sereno;Scarso;Buona;;0;0;0;3;12.6848;41.8595;-1;2;Autovettura privata;In marcia / fermata / arresto;Conducente;M;Illeso;0;;Non accertato;Inesploso
5812461;8;07/02/2022 09:45:00;Strada Urbana;VIA DI PRATAPORCI;all'intersezione con;VIA CAMPO BRUNO;VIA CAMPO BRUNO;;;Scontro frontale/laterale DX fra veicoli in marcia;Intersezione stradale segnalata;Due carreggiate;Asciutto;Asfaltata;Verticale ed orizzontale;Sereno;Scarso;Buona;;0;0;0;3;12.6848;41.8595;-1;2;Autovettura privata;In marcia / fermata / arresto;Passeggero;F;Illeso;0;;Non accertato;Inesploso
5812466;8;07/02/2022 09:50:00;Strada Urbana;VIA DELLA LITE;all'intersezione con;VIA DEL PONTE DI PANTANO;VIA DEL PONTE DI PANTANO;;;Scontro frontale/laterale DX fra veicoli in marcia;Incrocio;Una carreggiata a doppio senso;Asciutto;Asfaltata;Verticale;Sereno;Scarso;Buona;;3;0;0;0;12.7133;41.856;-1;1;Autovettura privata;In marcia / fermata / arresto;Conducente;M;Rifiuta cure immediate;0;NON DECEDUTO;;
5812466;8;07/02/2022 09:50:00;Strada Urbana;VIA DELLA LITE;all'intersezione con;VIA DEL PONTE DI PANTANO;VIA DEL PONTE DI PANTANO;;;Scontro frontale/laterale DX fra veicoli in marcia;Incrocio;Una carreggiata a doppio senso;Asciutto;Asfaltata;Verticale;Sereno;Scarso;Buona;;3;0;0;0;12.7133;41.856;-1;2;Autocarro inferiore 35 q.;In marcia / fermata / arresto;Conducente;M;Rifiuta cure immediate;0;NON DECEDUTO;;
5812466;8;07/02/2022 09:50:00;Strada Urbana;VIA DELLA LITE;all'intersezione con;VIA DEL PONTE DI PANTANO;VIA DEL PONTE DI PANTANO;;;Scontro frontale/laterale DX fra veicoli in marcia;Incrocio;Una carreggiata a doppio senso;Asciutto;Asfaltata;Verticale;Sereno;Scarso;Buona;;3;0;0;0;12.7133;41.856;-1;2;Autocarro inferiore 35 q.;In marcia / fermata / arresto;Passeggero;M;Rifiuta cure immediate;0;NON DECEDUTO;;
5812471;11;07/02/2022 18:40:00;Strada Urbana;VIALE GIUSTINIANO IMPERATORE;in prossimità;;del civico n.;284;;Investimento di pedone;Rettilineo;Due carreggiate;Asciutto;Asfaltata;Verticale ed orizzontale;Sereno;Scarso;Buona;;1;0;0;1;12.4875;41.8547;-1;;;;Pedone;M;Rimandato;0;NON DECEDUTO;;
5812471;11;07/02/2022 18:40:00;Strada Urbana;VIALE GIUSTINIANO IMPERATORE;in prossimità;;del civico n.;284;;Investimento di pedone;Rettilineo;Due carreggiate;Asciutto;Asfaltata;Verticale ed orizzontale;Sereno;Scarso;Buona;;1;0;0;1;12.4875;41.8547;-1;1;Autovettura pubblica;In marcia / fermata / arresto;Conducente;M;Illeso;0;;Non accertato;Inesploso
5812474;9;08/02/2022 00:10:00;Strada Urbana;VIA ROCCA DI PAPA;all'intersezione con;VIA TUSCOLANA;VIA TUSCOLANA;;;Scontro frontale/laterale SX fra veicoli in marcia;Incrocio;Una carreggiata a doppio senso;Asciutto;Asfaltata;Verticale ed orizzontale;Nuvoloso;Scarso;Sufficiente;;0;0;0;5;12.5361;41.8703;-1;1;Autovettura privata;In marcia / fermata / arresto;Conducente;M;Illeso;0;;Non accertato;Inesploso
5812474;9;08/02/2022 00:10:00;Strada Urbana;VIA ROCCA DI PAPA;all'intersezione con;VIA TUSCOLANA;VIA TUSCOLANA;;;Scontro frontale/laterale SX fra veicoli in marcia;Incrocio;Una carreggiata a doppio senso;Asciutto;Asfaltata;Verticale ed orizzontale;Nuvoloso;Scarso;Sufficiente;;0;0;0;5;12.5361;41.8703;-1;1;Autovettura privata;In marcia / fermata / arresto;Passeggero;M;Illeso;0;;Non accertato;Inesploso
5812474;9;08/02/2022 00:10:00;Strada Urbana;VIA ROCCA DI PAPA;all'intersezione con;VIA TUSCOLANA;VIA TUSCOLANA;;;Scontro frontale/laterale SX fra veicoli in marcia;Incrocio;Una carreggiata a doppio senso;Asciutto;Asfaltata;Verticale ed orizzontale;Nuvoloso;Scarso;Sufficiente;;0;0;0;5;12.5361;41.8703;-1;1;Autovettura privata;In marcia / fermata / arresto;Passeggero;M;Illeso;0;;Non accertato;Inesploso
5812474;9;08/02/2022 00:10:00;Strada Urbana;VIA ROCCA DI PAPA;all'intersezione con;VIA TUSCOLANA;VIA TUSCOLANA;;;Scontro frontale/laterale SX fra veicoli in marcia;Incrocio;Una carreggiata a doppio senso;Asciutto;Asfaltata;Verticale ed orizzontale;Nuvoloso;Scarso;Sufficiente;;0;0;0;5;12.5361;41.8703;-1;2;Autovettura privata;In marcia / fermata / arresto;Conducente;M;Illeso;0;;Non accertato;Inesploso
5812475;8;07/02/2022 10:00:00;Strada Urbana;VIA DI TORRE SPACCATA;all'intersezione con;VIALE DI TORRE MAURA;VIALE DI TORRE MAURA;;;Investimento di pedone;Intersezione semaforizzata;Due carreggiate;Asciutto;Asfaltata;Verticale ed orizzontale;Sereno;Normale;Buona;;1;0;0;1;12.5865;41.8652;-1;;;;Pedone;F;Rimandato;0;NON DECEDUTO;;
5812475;8;07/02/2022 10:00:00;Strada Urbana;VIA DI TORRE SPACCATA;all'intersezione con;VIALE DI TORRE MAURA;VIALE DI TORRE MAURA;;;Investimento di pedone;Intersezione semaforizzata;Due carreggiate;Asciutto;Asfaltata;Verticale ed orizzontale;Sereno;Normale;Buona;;1;0;0;1;12.5865;41.8652;-1;1;Autovettura privata;In marcia / fermata / arresto;Conducente;M;Illeso;0;;Non accertato;Inesploso
5812480;8;07/02/2022 14:30:00;Strada Urbana;VIA PRENESTINA;in prossimità;;del civico n.;1144;;Veicolo in marcia contro ostacolo accidentale;Rettilineo;Una carreggiata a doppio senso;Asciutto;Asfaltata;Verticale ed orizzontale;Sereno;Normale;Buona;;1;0;0;1;12.6197;41.8932;-1;1;Motociclo con passeggero;In marcia / fermata / arresto;Conducente;M;Illeso;0;;Non accertato;
5812480;8;07/02/2022 14:30:00;Strada Urbana;VIA PRENESTINA;in prossimità;;del civico n.;1144;;Veicolo in marcia contro ostacolo accidentale;Rettilineo;Una carreggiata a doppio senso;Asciutto;Asfaltata;Verticale ed orizzontale;Sereno;Normale;Buona;;1;0;0;1;12.6197;41.8932;-1;1;Motociclo con passeggero;In marcia / fermata / arresto;Passeggero;M;Rimandato;0;NON DECEDUTO;Non accertato;
5812481;15;07/02/2022 15:55:00;Strada Urbana;VIA DELLA MAGLIANA;in prossimità;;del civico n.;86;;Scontro laterale fra veicoli in marcia;Rettilineo;Una carreggiata a doppio senso;Asciutto;Asfaltata;Orizzontale;Nuvoloso;Scarso;Buona;;0;0;0;4;12.4585;41.856;-1;1;Autovettura privata;In marcia / fermata / arresto;Conducente;M;Illeso;0;;Non accertato;Inesploso