Protocollo;Gruppo;DataOraIncidente;Localizzazione1;STRADA1;Localizzazione2;STRADA2;Strada02;Chilometrica;DaSpecificare;NaturaIncidente;particolaritastrade;TipoStrada;FondoStradale;Pavimentazione;Segnaletica;CondizioneAtmosferica;Traffico;Visibilita;Illuminazione;NUM_FERITI;NUM_RISERVATA;NUM_MORTI;NUM_ILLESI;Longitude;Latitude;Confermato;Progressivo;TipoVeicolo;StatoVeicolo;TipoPersona;Sesso;Tipolesione;Deceduto;DecedutoDopo;CinturaCascoUtilizzato;Airbag;
5812642;10;07/02/2022 16:20:00;Strada Urbana;VIA TARQUINIO COLLATINO;all'intersezione con;VIA CALPURNIO PISONE;VIA CALPURNIO PISONE;;;Scontro frontale/laterale SX fra veicoli in marcia;Incrocio;Una carreggiata a senso unico di marcia;Asciutto;Asfaltata;Verticale ed orizzontale;Sereno;Normale;Buona;;1;0;0;1;12.5645;41.8612;-1;1;Autovettura privata;In marcia / fermata / arresto;Conducente;M;Illeso;0;;Non accertato;Inesploso
5812642;10;07/02/2022 16:20:00;Strada Urbana;VIA TARQUINIO COLLATINO;all'intersezione con;VIA CALPURNIO PISONE;VIA CALPURNIO PISONE;;;Scontro frontale/laterale SX fra veicoli in marcia;Incrocio;Una carreggiata a senso unico di marcia;Asciutto;Asfaltata;Verticale ed orizzontale;Sereno;Normale;Buona;;1;0;0;1;12.5645;41.8612;-1;2;Autovettura privata;In marcia / fermata / arresto;Conducente;M;Rimandato;0;NON DECEDUTO;Non accertato;Esploso
5812644;16;07/02/2022 12:30:00;Strada Urbana;VIA FONTEIANA;in prossimità;;del civico n.;75;;Scontro laterale fra veicoli in marcia;Rettilineo;Una carreggiata a doppio senso;Asciutto;Asfaltata;Verticale ed orizzontale;Sereno;Normale;Buona;;0;0;0;2;12.4548;41.8812;-1;1;Autovettura privata;In marcia / fermata / arresto;Conducente;F;Illeso;0;;Non accertato;Inesploso
5812644;16;07/02/2022 12:30:00;Strada Urbana;VIA FONTEIANA;in prossimità;;del civico n.;75;;Scontro laterale fra veicoli in marcia;Rettilineo;Una carreggiata a doppio senso;Asciutto;Asfaltata;Verticale ed orizzontale;Sereno;Normale;Buona;;0;0;0;2;12.4548;41.8812;-1;2;Autovettura privata;In marcia / fermata / arresto;Conducente;F;Illeso;0;;Non accertato;Inesploso
5812661;1;07/02/2022 17:20:00;Strada Urbana;VIA DI PORTA MAGGIORE;in corrispondenza;;del civico n.;13;;Veicolo in marcia contro veicolo in sosta;Rettilineo;Più di due carreggiate;Asciutto;Asfaltata;Verticale ed orizzontale;Sereno;Normale;Buona;;0;0;0;2;9.644;45.397;-1;1;Autovettura privata;Sosta;Passeggero;M;Illeso;0;;;
5812661;1;07/02/2022 17:20:00;Strada Urbana;VIA DI PORTA MAGGIORE;in corrispondenza;;del civico n.;13;;Veicolo in marcia contro veicolo in sosta;Rettilineo;Più di due carreggiate;Asciutto;Asfaltata;Verticale ed orizzontale;Sereno;Normale;Buona;;0;0;0;2;9.644;45.397;-1;2;Autobus di linea;In marcia / fermata / arresto;Conducente;M;Illeso;0;;;
5812673;13;07/02/2022 15:10:00;Strada Urbana;VIALE VEGA;da specificare;;;;prossimità piazza vega;Scontro laterale fra veicoli in marcia;Rettilineo;Due carreggiate;Asciutto;Asfaltata;Verticale ed orizzontale;Sereno;Normale;Buona;;0;0;0;4;12.2948;41.7264;-1;1;Autocarro inferiore 35 q.;In marcia / fermata / arresto;Conducente;M;Illeso;0;;;
5812673;13;07/02/2022 15:10:00;Strada Urbana;VIALE VEGA;da specificare;;;;prossimità piazza vega;Scontro laterale fra veicoli in marcia;Rettilineo;Due carreggiate;Asciutto;Asfaltata;Verticale ed orizzontale;Sereno;Normale;Buona;;0;0;0;4;12.2948;41.7264;-1;1;Autocarro inferiore 35 q.;In marcia / fermata / arresto;Passeggero;M;Illeso;0;;;
5812673;13;07/02/2022 15:10:00;Strada Urbana;VIALE VEGA;da specificare;;;;prossimità piazza vega;Scontro laterale fra veicoli in marcia;Rettilineo;Due carreggiate;Asciutto;Asfaltata;Verticale ed orizzontale;Sereno;Normale;Buona;;0;0;0;4;12.2948;41.7264;-1;2;Autovettura privata;In marcia / fermata / arresto;Conducente;F;Illeso;0;;;
5812673;13;07/02/2022 15:10:00;Strada Urbana;VIALE VEGA;da specificare;;;;prossimità piazza vega;Scontro laterale fra veicoli in marcia;Rettilineo;Due carreggiate;Asciutto;Asfaltata;Verticale ed orizzontale;Sereno;Normale;Buona;;0;0;0;4;12.2948;41.7264;-1;2;Autovettura privata;In marcia / fermata / arresto;Passeggero;M;Illeso;0;;Non accertato;
5812678;2;08/02/2022 06:55:00;Strada Urbana;VIALE DELLA MOSCHEA;in prossimità;;del civico n.;7;;Tamponamento;Rettilineo;Due carreggiate;Asciutto;Asfaltata;Verticale ed orizzontale;Sereno;Normale;Buona;;1;0;0;1;12.4932;41.9339;-1;1;Autovettura di polizia;In marcia / fermata / arresto;Conducente;M;Illeso;0;;Non accertato;Inesploso
5812678;2;08/02/2022 06:55:00;Strada Urbana;VIALE DELLA MOSCHEA;in prossimità;;del civico n.;7;;Tamponamento;Rettilineo;Due carreggiate;Asciutto;Asfaltata;Verticale ed orizzontale;Sereno;Normale;Buona;;1;0;0;1;12.4932;41.9339;-1;2;Autovettura privata;In marcia / fermata / arresto;Conducente;F;Rifiuta cure immediate;0;NON DECEDUTO;Non accertato;Inesploso
5812691;18;07/02/2022 15:20:00;Strada Urbana;VIA GREGORIO VII;in corrispondenza;;del civico n.;129;;Veicolo in marcia contro veicolo in sosta;Rettilineo;Più di due carreggiate;Asciutto;Asfaltata;Verticale ed orizzontale;Sereno;Normale;Buona;;0;0;0;1;12.4495;41.8959;-1;1;Autovettura privata;Allontanatosi;Conducente;M;Illeso;0;;;
5812691;18;07/02/2022 15:20:00;Strada Urbana;VIA GREGORIO VII;in corrispondenza;;del civico n.;129;;Veicolo in marcia contro veicolo in sosta;Rettilineo;Più di due carreggiate;Asciutto;Asfaltata;Verticale ed orizzontale;Sereno;Normale;Buona;;0;0;0;1;12.4495;41.8959;-1;2;Motociclo a solo;Sosta;;;;;;;
5812696;16;07/02/2022 19:30:00;Strada Urbana;PIAZZA FLAVIO BIONDO;da specificare;;;;FRONTE CIVICO 17;Veicolo in marcia contro veicolo in sosta;Rettilineo;Una carreggiata a senso unico di marcia;Asciutto;Asfaltata;Orizzontale;Nuvoloso;Normale;Sufficiente;;0;0;0;0;12.4659;41.8731;-1;1;Autovettura privata;Sosta;;;;;;;
5812696;16;07/02/2022 19:30:00;Strada Urbana;PIAZZA FLAVIO BIONDO;da specificare;;;;FRONTE CIVICO 17;Veicolo in marcia contro veicolo in sosta;Rettilineo;Una carreggiata a senso unico di marcia;Asciutto;Asfaltata;Orizzontale;Nuvoloso;Normale;Sufficiente;;0;0;0;0;12.4659;41.8731;-1;2;Autovettura privata;Allontanatosi;;;;;;;
5812703;7;08/02/2022 08:20:00;Strada Urbana;VIA CASILINA;all'intersezione con;VIA GIOVANNI CAMILLO PERESIO;VIA GIOVANNI CAMILLO PERESIO;;;Veicolo in marcia contro ostacolo fisso;Incrocio;Una carreggiata a doppio senso;Asciutto;Asfaltata;Verticale ed orizzontale;Sereno;Normale;Buona;;0;0;0;2;12.5853;41.869;-1;1;Autovettura privata;In marcia / fermata / arresto;Conducente;M;Illeso;0;;;
5812703;7;08/02/2022 08:20:00;Strada Urbana;VIA CASILINA;all'intersezione con;VIA GIOVANNI CAMILLO PERESIO;VIA GIOVANNI CAMILLO PERESIO;;;Veicolo in marcia contro ostacolo fisso;Incrocio;Una carreggiata a doppio senso;Asciutto;Asfaltata;Verticale ed orizzontale;Sereno;Normale;Buona;;0;0;0;2;12.5853;41.869;-1;2;Autovettura privata;In marcia / fermata / arresto;Conducente;M;Illeso;0;;;
5812706;4;07/02/2022 17:40:00;Strada Urbana;VIA DELLA BUFALOTTA;in corrispondenza;;del civico n.;548;;Investimento di pedone;Rettilineo;Una carreggiata a senso unico di marcia;Asciutto;Asfaltata;Verticale ed orizzontale;Nuvoloso;Scarso;Buona;;1;0;0;4;12.549;41.9584;-1;;;;Pedone;F;Rimandato;0;NON DECEDUTO;;
5812706;4;07/02/2022 17:40:00;Strada Urbana;VIA DELLA BUFALOTTA;in corrispondenza;;del civico n.;548;;Investimento di pedone;Rettilineo;Una carreggiata a senso unico di marcia;Asciutto;Asfaltata;Verticale ed orizzontale;Nuvoloso;Scarso;Buona;;1;0;0;4;12.549;41.9584;-1;1;Autovettura privata;In marcia / fermata / arresto;Conducente;M;Illeso;0;;;
5812706;4;07/02/2022 17:40:00;Strada Urbana;VIA DELLA BUFALOTTA;in corrispondenza;;del civico n.;548;;Investimento di pedone;Rettilineo;Una carreggiata a senso unico di marcia;Asciutto;Asfaltata;Verticale ed orizzontale;Nuvoloso;Scarso;Buona;;1;0;0;4;12.549;41.9584;-1;1;Autovettura privata;In marcia / fermata / arresto;Passeggero;F;Illeso;0;;;
5812706;4;07/02/2022 17:40:00;Strada Urbana;VIA DELLA BUFALOTTA;in corrispondenza;;del civico n.;548;;Investimento di pedone;Rettilineo;Una carreggiata a senso unico di marcia;Asciutto;Asfaltata;Verticale ed orizzontale;Nuvoloso;Scarso;Buona;;1;0;0;4;12.549;41.9584;-1;1;Autovettura privata;In marcia / fermata / arresto;Passeggero;F;Illeso;0;;;
5812714;4;07/02/2022 14:30:00;Strada Urbana;VIA FILIPPO ANTONIO GUALTERIO;in prossimità;;del civico n.;97;;Tamponamento;Rettilineo;Una carreggiata a doppio senso;Asciutto;Asfaltata;Orizzontale;Sereno;Scarso;Buona;;0;0;0;3;12.5184;41.9521;-1;1;Autovettura privata;In marcia / fermata / arresto;Conducente;M;Illeso;0;;;
5812714;4;07/02/2022 14:30:00;Strada Urbana;VIA FILIPPO ANTONIO GUALTERIO;in prossimità;;del civico n.;97;;Tamponamento;Rettilineo;Una carreggiata a doppio senso;Asciutto;Asfaltata;Orizzontale;Sereno;Scarso;Buona;;0;0;0;3;12.5184;41.9521;-1;1;Autovettura privata;In marcia / fermata / arresto;Passeggero;F;Illeso;0;;;
5812714;4;07/02/2022 14:30:00;Strada Urbana;VIA FILIPPO ANTONIO GUALTERIO;in prossimità;;del civico n.;97;;Tamponamento;Rettilineo;Una carreggiata a doppio senso;Asciutto;Asfaltata;Orizzontale;Sereno;Scarso;Buona;;0;0;0;3;12.5184;41.9521;-1;2;Ciclomotore;In marcia / fermata / arresto;Conducente;M;Illeso;0;;;
5812720;1;07/02/2022 20:00:00;Strada Urbana;VIALE DI TRASTEVERE;all'intersezione semaforizzata con;VIA EMILIO MOROSINI;VIA EMILIO MOROSINI;;;Scontro frontale/laterale DX fra veicoli in marcia;Incrocio;Una carreggiata a doppio senso;Asciutto;Asfaltata;Verticale ed orizzontale;Sereno;Normale;Buona;;1;0;0;1;12.4679;41.8817;-1;1;Autoveicolo trasp.promisc.;In marcia / fermata / arresto;Conducente;F;Illeso;0;;;
5812720;1;07/02/2022 20:00:00;Strada Urbana;VIALE DI TRASTEVERE;all'intersezione semaforizzata con;VIA EMILIO MOROSINI;VIA EMILIO MOROSINI;;;Scontro frontale/laterale DX fra veicoli in marcia;Incrocio;Una carreggiata a doppio senso;Asciutto;Asfaltata;Verticale ed orizzontale;Sereno;Normale;Buona;;1;0;0;1;12.4679;41.8817;-1;2;Motociclo a solo;In marcia / fermata / arresto;Conducente;M;Rifiuta cure immediate;0;NON DECEDUTO;;
5812744;18;07/02/2022 18:30:00;Strada Urbana;PIAZZA DEI GIURECONSULTI;da specificare;;;;in prossimità;Scontro laterale fra veicoli in marcia;Rettilineo;Più di due carreggiate;Asciutto;Asfaltata;Verticale ed orizzontale;Sereno;Normale;Buona;;0;0;0;4;12.4257;41.902;-1;1;Autovettura privata;In marcia / fermata / arresto;Conducente;F;Illeso;0;;Non accertato;Inesploso
5812744;18;07/02/2022 18:30:00;Strada Urbana;PIAZZA DEI GIURECONSULTI;da specificare;;;;in prossimità;Scontro laterale fra veicoli in marcia;Rettilineo;Più di due carreggiate;Asciutto;Asfaltata;Verticale ed orizzontale;Sereno;Normale;Buona;;0;0;0;4;12.4257;41.902;-1;1;Autovettura privata;In marcia / fermata / arresto;Passeggero;F;Illeso;0;;Non accertato;Inesploso
5812744;18;07/02/2022 18:30:00;Strada Urbana;PIAZZA DEI GIURECONSULTI;da specificare;;;;in prossimità;Scontro laterale fra veicoli in marcia;Rettilineo;Più di due carreggiate;Asciutto;Asfaltata;Verticale ed orizzontale;Sereno;Normale;Buona;;0;0;0;4;12.4257;41.902;-1;2;Autovettura privata;In marcia / fermata / arresto;Conducente;M;Illeso;0;;Non accertato;Inesploso
5812744;18;07/02/2022 18:30:00;Strada Urbana;PIAZZA DEI GIURECONSULTI;da specificare;;;;in prossimità;Scontro laterale fra veicoli in marcia;Rettilineo;Più di due carreggiate;Asciutto;Asfaltata;Verticale ed orizzontale;Sereno;Normale;Buona;;0;0;0;4;12.4257;41.902;-1;2;Autovettura privata;In marcia / fermata / arresto;Passeggero;F;Illeso;0;;Non accertato;Inesploso
5812787;4;07/02/2022 15:20:00;Statale;VIA SALARIA;in corrispondenza;;della chilometrica;16.5;;Veicolo in marcia contro ostacolo accidentale;Rettilineo;Una carreggiata a doppio senso;Asciutto;Asfaltata;Verticale ed orizzontale;Sereno;Normale;Buona;;0;0;0;1;13.0816;42.4174;-1;1;Autovettura privata;In marcia / fermata / arresto;Conducente;M;Illeso;0;;;
5812812;4;07/02/2022 16:20:00;Provinciale entro l'abitato;VIA NOMENTANA;da specificare;;;;altezza cavalcavia G.R.A.;Tamponamento;Rettilineo;Una carreggiata a doppio senso;Asciutto;Asfaltata;Orizzontale;Sereno;Normale;Buona;;0;0;0;2;12.5737;41.959;-1;1;Autovettura privata;In marcia / fermata / arresto;Conducente;F;Illeso;0;;Non accertato;Inesploso
5812812;4;07/02/2022 16:20:00;Provinciale entro l'abitato;VIA NOMENTANA;da specificare;;;;altezza cavalcavia G.R.A.;Tamponamento;Rettilineo;Una carreggiata a doppio senso;Asciutto;Asfaltata;Orizzontale;Sereno;Normale;Buona;;0;0;0;2;12.5737;41.959;-1;2;Autocarro inferiore 35 q.;In marcia / fermata / arresto;Conducente;M;Illeso;0;;;
5812838;4;07/02/2022 16:50:00;Strada Urbana;VIA GAETANO ZIRARDINI;da specificare;;;;altezza scuola "Ernesto Chiovini";Scontro frontale/laterale SX fra veicoli in marcia;Rettilineo;Una carreggiata a doppio senso;Asciutto;Asfaltata;Orizzontale;Sereno;Scarso;Buona;;0;0;0;3;12.5208;41.9621;-1;1;Autovettura privata;In marcia / fermata / arresto;Conducente;F;Illeso;0;;;Esploso
5812838;4;07/02/2022 16:50:00;Strada Urbana;VIA GAETANO ZIRARDINI;da specificare;;;;altezza scuola "Ernesto Chiovini";Scontro frontale/laterale SX fra veicoli in marcia;Rettilineo;Una carreggiata a doppio senso;Asciutto;Asfaltata;Orizzontale;Sereno;Scarso;Buona;;0;0;0;3;12.5208;41.9621;-1;1;Autovettura privata;In marcia / fermata / arresto;Passeggero;M;Illeso;0;;Non accertato;Esploso
5812838;4;07/02/2022 16:50:00;Strada Urbana;VIA GAETANO ZIRARDINI;da specificare;;;;altezza scuola "Ernesto Chiovini";Scontro frontale/laterale SX fra veicoli in marcia;Rettilineo;Una carreggiata a doppio senso;Asciutto;Asfaltata;Orizzontale;Sereno;Scarso;Buona;;0;0;0;3;12.5208;41.9621;-1;2;Autovettura privata;In marcia / fermata / arresto;Conducente;F;Illeso;0;;;
5812851;9;08/02/2022 08:20:00;Strada Urbana;VIA DI PORTA FURBA;in prossimità;;del civico n.;26;;Scontro laterale fra veicoli in marcia;Rettilineo;Una carreggiata a doppio senso;Asciutto;Asfaltata;Orizzontale;Sereno;Intenso;Buona;;0;0;0;2;12.5389;41.8698;-1;1;Autocarro superiore 35 q.;In marcia / fermata / arresto;Conducente;M;Illeso;0;;Non accertato;Inesploso
5812851;9;08/02/2022 08:20:00;Strada Urbana;VIA DI PORTA FURBA;in prossimità;;del civico n.;26;;Scontro laterale fra veicoli in marcia;Rettilineo;Una carreggiata a doppio senso;Asciutto;Asfaltata;Orizzontale;Sereno;Intenso;Buona;;0;0;0;2;12.5389;41.8698;-1;2;Autovettura privata;In marcia / fermata / arresto;Conducente;F;Illeso;0;;Non accertato;Inesploso
5812870;1;04/02/2022 09:00:00;Strada Urbana;VIA GIOVANNI GIOLITTI;da specificare;;;;fronte civico 305;Veicolo in marcia contro veicoli in sosta;Rettilineo;Una carreggiata a senso unico di marcia;Asciutto;Asfaltata;Orizzontale;Sereno;Normale;Buona;;0;0;0;0;12.507;41.8965;-1;1;Autovettura privata;Sosta;;;;;;;
5812870;1;04/02/2022 09:00:00;Strada Urbana;VIA GIOVANNI GIOLITTI;da specificare;;;;fronte civico 305;Veicolo in marcia contro veicoli in sosta;Rettilineo;Una carreggiata a senso unico di marcia;Asciutto;Asfaltata;Orizzontale;Sereno;Normale;Buona;;0;0;0;0;12.507;41.8965;-1;2;Autovettura privata;Sosta;;;;;;;
5812870;1;04/02/2022 09:00:00;Strada Urbana;VIA GIOVANNI GIOLITTI;da specificare;;;;fronte civico 305;Veicolo in marcia contro veicoli in sosta;Rettilineo;Una carreggiata a senso unico di marcia;Asciutto;Asfaltata;Orizzontale;Sereno;Normale;Buona;;0;0;0;0;12.507;41.8965;-1;3;Autovettura privata;Allontanatosi;;;;;;;
5812914;1;07/02/2022 17:10:00;Strada Urbana;CORSO DEL RINASCIMENTO;all'intersezione con;VIA DE' CANESTRARI;VIA DE' CANESTRARI;;;Scontro frontale/laterale DX fra veicoli in marcia;Incrocio;Una carreggiata a doppio senso;Asciutto;In cubetti di porfido;Verticale ed orizzontale;Nuvoloso;Normale;Sufficiente;;0;0;0;2;12.474;41.8979;-1;1;Motociclo a solo;In marcia / fermata / arresto;Conducente;M;Illeso;0;;Non accertato;
5812914;1;07/02/2022 17:10:00;Strada Urbana;CORSO DEL RINASCIMENTO;all'intersezione con;VIA DE' CANESTRARI;VIA DE' CANESTRARI;;;Scontro frontale/laterale DX fra veicoli in marcia;Incrocio;Una carreggiata a doppio senso;Asciutto;In cubetti di porfido;Verticale ed orizzontale;Nuvoloso;Normale;Sufficiente;;0;0;0;2;12.474;41.8979;-1;2;Motociclo a solo;In marcia / fermata / arresto;Conducente;F;Illeso;0;;Non accertato;
5812920;4;07/02/2022 15:00:00;Strada Urbana;VIA DEI PRATI FISCALI;da specificare;;;;fronte civ. 267;Veicolo in marcia contro veicoli in sosta;Rettilineo;Due carreggiate;Asciutto;Asfaltata;Orizzontale;Sereno;Normale;Buona;;0;0;0;1;12.5149;41.9457;-1;1;Autocarro inferiore 35 q.;In marcia / fermata / arresto;Conducente;M;Illeso;0;;Non accertato;Inesploso
5812920;4;07/02/2022 15:00:00;Strada Urbana;VIA DEI PRATI FISCALI;da specificare;;;;fronte civ. 267;Veicolo in marcia contro veicoli in sosta;Rettilineo;Due carreggiate;Asciutto;Asfaltata;Orizzontale;Sereno;Normale;Buona;;0;0;0;1;12.5149;41.9457;-1;2;Autovettura privata;Sosta;;;;;;;
5812920;4;07/02/2022 15:00:00;Strada Urbana;VIA DEI PRATI FISCALI;da specificare;;;;fronte civ. 267;Veicolo in marcia contro veicoli in sosta;Rettilineo;Due carreggiate;Asciutto;Asfaltata;Orizzontale;Sereno;Normale;Buona;;0;0;0;1;12.5149;41.9457;-1;3;Autocarro inferiore 35 q.;Sosta;;;;;;;
5812920;4;07/02/2022 15:00:00;Strada Urbana;VIA DEI PRATI FISCALI;da specificare;;;;fronte civ. 267;Veicolo in marcia contro veicoli in sosta;Rettilineo;Due carreggiate;Asciutto;Asfaltata;Orizzontale;Sereno;Normale;Buona;;0;0;0;1;12.5149;41.9457;-1;4;Autovettura privata;Sosta;;;;;;;
5812920;4;07/02/2022 15:00:00;Strada Urbana;VIA DEI PRATI FISCALI;da specificare;;;;fronte civ. 267;Veicolo in marcia contro veicoli in sosta;Rettilineo;Due carreggiate;Asciutto;Asfaltata;Orizzontale;Sereno;Normale;Buona;;0;0;0;1;12.5149;41.9457;-1;5;Autovettura privata;Sosta;;;;;;;
5812920;4;07/02/2022 15:00:00;Strada Urbana;VIA DEI PRATI FISCALI;da specificare;;;;fronte civ. 267;Veicolo in marcia contro veicoli in sosta;Rettilineo;Due carreggiate;Asciutto;Asfaltata;Orizzontale;Sereno;Normale;Buona;;0;0;0;1;12.5149;41.9457;-1;6;Autovettura privata;Sosta;;;;;;;
5812921;2;07/02/2022 00:45:00;Strada Urbana;VIALE TIZIANO;all'intersezione semaforizzata con;PIAZZALE MANILA;PIAZZALE MANILA;;;Veicolo in marcia contro ostacolo fisso;Incrocio;Due carreggiate;Asciutto;Asfaltata;Verticale ed orizzontale;Nuvoloso;Normale;Sufficiente;;1;0;0;1;12.4705;41.9266;-1;1;Autovettura privata;In marcia / fermata / arresto;Conducente;F;Rimandato;0;NON DECEDUTO;;
5812921;2;07/02/2022 00:45:00;Strada Urbana;VIALE TIZIANO;all'intersezione semaforizzata con;PIAZZALE MANILA;PIAZZALE MANILA;;;Veicolo in marcia contro ostacolo fisso;Incrocio;Due carreggiate;Asciutto;Asfaltata;Verticale ed orizzontale;Nuvoloso;Normale;Sufficiente;;1;0;0;1;12.4705;41.9266;-1;1;Autovettura privata;In marcia / fermata / arresto;Passeggero;F;Illeso;0;;;
5812924;2;07/02/2022 18:15:00;Strada Urbana;PIAZZA TRASIMENO;in prossimità;;del civico n.;1;;Veicolo in marcia contro veicolo in sosta;Rotatoria;Una carreggiata a senso unico di marcia;Asciutto;Asfaltata;Verticale ed orizzontale;Sereno;Normale;Buona;;0;0;0;1;12.5061;41.9186;-1;1;Autovettura privata;In marcia / fermata / arresto;Conducente;M;Illeso;0;;;
5812924;2;07/02/2022 18:15:00;Strada Urbana;PIAZZA TRASIMENO;in prossimità;;del civico n.;1;;Veicolo in marcia contro veicolo in sosta;Rotatoria;Una carreggiata a senso unico di marcia;Asciutto;Asfaltata;Verticale ed orizzontale;Sereno;Normale;Buona;;0;0;0;1;12.5061;41.9186;-1;2;Autovettura privata;Sosta;;;;;;;
5812927;2;08/02/2022 08:45:00;Strada Urbana;VIALE LIEGI;all'intersezione con;VIA MONTEVIDEO;VIA MONTEVIDEO;;;Scontro laterale fra veicoli in marcia;Incrocio;Una carreggiata a doppio senso;Asciutto;Asfaltata;Verticale ed orizzontale;Sereno;Normale;Buona;;0;0;0;3;12.4962;41.9211;-1;1;Motociclo con passeggero;In marcia / fermata / arresto;Conducente;M;Illeso;0;;Non accertato;
5812927;2;08/02/2022 08:45:00;Strada Urbana;VIALE LIEGI;all'intersezione con;VIA MONTEVIDEO;VIA MONTEVIDEO;;;Scontro laterale fra veicoli in marcia;Incrocio;Una carreggiata a doppio senso;Asciutto;Asfaltata;Verticale ed orizzontale;Sereno;Normale;Buona;;0;0;0;3;12.4962;41.9211;-1;1;Motociclo con passeggero;In marcia / fermata / arresto;Passeggero;M;Illeso;0;;Non accertato;
5812927;2;08/02/2022 08:45:00;Strada Urbana;VIALE LIEGI;all'intersezione con;VIA MONTEVIDEO;VIA MONTEVIDEO;;;Scontro laterale fra veicoli in marcia;Incrocio;Una carreggiata a doppio senso;Asciutto;Asfaltata;Verticale ed orizzontale;Sereno;Normale;Buona;;0;0;0;3;12.4962;41.9211;-1;2;Autovettura privata;In marcia / fermata / arresto;Conducente;F;Illeso;0;;Non accertato;Inesploso
5812928;2;05/02/2022 20:00:00;Strada Urbana;LUNGOTEVERE DELLE NAVI;all'intersezione con;VIA DOMENICO ALBERTO AZUNI;VIA DOMENICO ALBERTO AZUNI;;;Scontro frontale/laterale SX fra veicoli in marcia;Incrocio;Una carreggiata a senso unico di marcia;Asciutto;Asfaltata;Verticale ed orizzontale;Sereno;Normale;Sufficiente;;0;0;0;3;12.4716;41.9166;-1;1;Quadriciclo;In marcia / fermata / arresto;Conducente;M;Illeso;0;;Non accertato;Inesploso
5812928;2;05/02/2022 20:00:00;Strada Urbana;LUNGOTEVERE DELLE NAVI;all'intersezione con;VIA DOMENICO ALBERTO AZUNI;VIA DOMENICO ALBERTO AZUNI;;;Scontro frontale/laterale SX fra veicoli in marcia;Incrocio;Una carreggiata a senso unico di marcia;Asciutto;Asfaltata;Verticale ed orizzontale;Sereno;Normale;Sufficiente;;0;0;0;3;12.4716;41.9166;-1;1;Quadriciclo;In marcia / fermata / arresto;Passeggero;F;Illeso;0;;Non accertato;Inesploso
5812928;2;05/02/2022 20:00:00;Strada Urbana;LUNGOTEVERE DELLE NAVI;all'intersezione con;VIA DOMENICO ALBERTO AZUNI;VIA DOMENICO ALBERTO AZUNI;;;Scontro frontale/laterale SX fra veicoli in marcia;Incrocio;Una carreggiata a senso unico di marcia;Asciutto;Asfaltata;Verticale ed orizzontale;Sereno;Normale;Sufficiente;;0;0;0;3;12.4716;41.9166;-1;2;Autocarro inferiore 35 q.;In marcia / fermata / arresto;Conducente;M;Illeso;0;;Non accertato;Inesploso
5812934;2;05/02/2022 15:00:00;Strada Urbana;VIALE DEL MURO TORTO;da specificare;;;;dir. P.le Brasile, pross. palo luce 17;Veicolo in marcia contro ostacolo fisso;Curva senza visuale libera;Due carreggiate;Asciutto;Asfaltata;Verticale ed orizzontale;Nuvoloso;Normale;Buona;;1;0;0;0;12.4817;41.9107;-1;1;Motociclo a solo;In marcia / fermata / arresto;Conducente;M;Ricoverato;0;NON DECEDUTO;;
5812950;23;07/02/2022 15:15:00;Strada Urbana;VIA CRISTOFORO COLOMBO;in prossimità;;della chilometrica;10.65;;Scontro laterale fra veicoli in marcia;Rettilineo;Due carreggiate;Asciutto;Asfaltata;Verticale ed orizzontale;Nuvoloso;Normale;Buona;;0;0;0;3;12.4626;41.8176;-1;1;Autovettura privata;In marcia / fermata / arresto;Conducente;F;Illeso;0;;Non accertato;Inesploso
5812950;23;07/02/2022 15:15:00;Strada Urbana;VIA CRISTOFORO COLOMBO;in prossimità;;della chilometrica;10.65;;Scontro laterale fra veicoli in marcia;Rettilineo;Due carreggiate;Asciutto;Asfaltata;Verticale ed orizzontale;Nuvoloso;Normale;Buona;;0;0;0;3;12.4626;41.8176;-1;2;Autocarro inferiore 35 q.;In marcia / fermata / arresto;Conducente;M;Illeso;0;;Non accertato;Inesploso
5812950;23;07/02/2022 15:15:00;Strada Urbana;VIA CRISTOFORO COLOMBO;in prossimità;;della chilometrica;10.65;;Scontro laterale fra veicoli in marcia;Rettilineo;Due carreggiate;Asciutto;Asfaltata;Verticale ed orizzontale;Nuvoloso;Normale;Buona;;0;0;0;3;12.4626;41.8176;-1;2;Autocarro inferiore 35 q.;In marcia / fermata / arresto;Passeggero;M;Illeso;0;;Non accertato;Inesploso
5812951;2;06/02/2022 08:50:00;Strada Urbana;VIA PIETRO MASCAGNI;in prossimità;;del civico n.;190;;Veicolo in marcia contro veicolo in sosta;Rettilineo;Una carreggiata a doppio senso;Asciutto;Asfaltata;Verticale ed orizzontale;Sereno;Scarso;Buona;;0;0;0;1;12.5198;41.935;-1;1;Autovettura privata;Sosta;;;;;;;
5812951;2;06/02/2022 08:50:00;Strada Urbana;VIA PIETRO MASCAGNI;in prossimità;;del civico n.;190;;Veicolo in marcia contro veicolo in sosta;Rettilineo;Una carreggiata a doppio senso;Asciutto;Asfaltata;Verticale ed orizzontale;Sereno;Scarso;Buona;;0;0;0;1;12.5198;41.935;-1;2;Autovettura privata;In marcia / fermata / arresto;Conducente;M;Illeso;0;;Non accertato;Esploso
5812953;17;07/02/2022 18:00:00;Strada Urbana;VIA PAOLO EMILIO;all'intersezione con;VIA DEGLI SCIPIONI;VIA DEGLI SCIPIONI;;;Scontro frontale/laterale SX fra veicoli in marcia;Incrocio;Una carreggiata a senso unico di marcia;Asciutto;Asfaltata;Verticale ed orizzontale;Sereno;Normale;Sufficiente;;1;0;0;1;12.4634;41.9091;-1;1;Autovettura privata;In marcia / fermata / arresto;Conducente;M;Illeso;0;;;