Protocollo;Gruppo;DataOraIncidente;Localizzazione1;STRADA1;Localizzazione2;STRADA2;Strada02;Chilometrica;DaSpecificare;NaturaIncidente;particolaritastrade;TipoStrada;FondoStradale;Pavimentazione;Segnaletica;CondizioneAtmosferica;Traffico;Visibilita;Illuminazione;NUM_FERITI;NUM_RISERVATA;NUM_MORTI;NUM_ILLESI;Longitude;Latitude;Confermato;Progressivo;TipoVeicolo;StatoVeicolo;TipoPersona;Sesso;Tipolesione;Deceduto;DecedutoDopo;CinturaCascoUtilizzato;Airbag;
5812953;17;07/02/2022 18:00:00;Strada Urbana;VIA PAOLO EMILIO;all'intersezione con;VIA DEGLI SCIPIONI;VIA DEGLI SCIPIONI;;;Scontro frontale/laterale SX fra veicoli in marcia;Incrocio;Una carreggiata a senso unico di marcia;Asciutto;Asfaltata;Verticale ed orizzontale;Sereno;Normale;Sufficiente;;1;0;0;1;12.4634;41.9091;-1;2;Motociclo a solo;In marcia / fermata / arresto;Conducente;M;Rimandato;0;NON DECEDUTO;;
5813005;3;04/02/2022 20:00:00;Strada Urbana;CIRCONVALLAZIONE TIBURTINA;da specificare;;;;rampa di immissione da Via Tiburtina;Veicolo in marcia contro ostacolo fisso;Curva a visuale libera;Una carreggiata a senso unico di marcia;Asciutto;Asfaltata;Verticale;Sereno;Scarso;Buona;;0;0;0;0;12.5309;41.909;-1;1;Autovettura privata;In marcia / fermata / arresto;;;;;;;
5813010;3;04/02/2022 10:15:00;Strada Urbana;VIA LUDOVICO II;in corrispondenza;;del civico n.;1;;Veicolo in marcia contro veicolo in sosta;Rettilineo;Una carreggiata a senso unico di marcia;Asciutto;Asfaltata;Verticale ed orizzontale;Nuvoloso;Normale;Buona;;0;0;0;1;12.525;41.9113;-1;1;Autovettura privata;In marcia / fermata / arresto;Conducente;F;Illeso;0;;;
5813010;3;04/02/2022 10:15:00;Strada Urbana;VIA LUDOVICO II;in corrispondenza;;del civico n.;1;;Veicolo in marcia contro veicolo in sosta;Rettilineo;Una carreggiata a senso unico di marcia;Asciutto;Asfaltata;Verticale ed orizzontale;Nuvoloso;Normale;Buona;;0;0;0;1;12.525;41.9113;-1;2;Autovettura privata;Sosta;;;;;;;
5813030;13;07/02/2022 18:35:00;Strada Urbana;VIA DEL FOSSO DI DRAGONCELLO;in prossimità;;del civico n.;52;;Scontro frontale/laterale SX fra veicoli in marcia;Rettilineo;Una carreggiata a doppio senso;Asciutto;Asfaltata;Assente;Sereno;Normale;Buona;;3;0;0;2;12.3295;41.7601;-1;1;Autovettura privata;In marcia / fermata / arresto;Conducente;M;Rimandato;0;NON DECEDUTO;Non accertato;Esploso
5813030;13;07/02/2022 18:35:00;Strada Urbana;VIA DEL FOSSO DI DRAGONCELLO;in prossimità;;del civico n.;52;;Scontro frontale/laterale SX fra veicoli in marcia;Rettilineo;Una carreggiata a doppio senso;Asciutto;Asfaltata;Assente;Sereno;Normale;Buona;;3;0;0;2;12.3295;41.7601;-1;2;Autovettura privata;In marcia / fermata / arresto;Conducente;F;Rimandato;0;NON DECEDUTO;Non accertato;Esploso
5813030;13;07/02/2022 18:35:00;Strada Urbana;VIA DEL FOSSO DI DRAGONCELLO;in prossimità;;del civico n.;52;;Scontro frontale/laterale SX fra veicoli in marcia;Rettilineo;Una carreggiata a doppio senso;Asciutto;Asfaltata;Assente;Sereno;Normale;Buona;;3;0;0;2;12.3295;41.7601;-1;2;Autovettura privata;In marcia / fermata / arresto;Passeggero;M;Rimandato;0;NON DECEDUTO;Non accertato;Inesploso
5813030;13;07/02/2022 18:35:00;Strada Urbana;VIA DEL FOSSO DI DRAGONCELLO;in prossimità;;del civico n.;52;;Scontro frontale/laterale SX fra veicoli in marcia;Rettilineo;Una carreggiata a doppio senso;Asciutto;Asfaltata;Assente;Sereno;Normale;Buona;;3;0;0;2;12.3295;41.7601;-1;2;Autovettura privata;In marcia / fermata / arresto;Passeggero;M;Illeso;0;;Non accertato;Inesploso
5813037;3;05/02/2022 16:05:00;Strada Urbana;VIALE DEL POLICLINICO;all'intersezione semaforizzata con;VIA GIOVANNI BATTISTA MORGAGNI;VIA GIOVANNI BATTISTA MORGAGNI;;;Tamponamento;Incrocio;Una carreggiata a doppio senso;Asciutto;Asfaltata;Verticale ed orizzontale;Sereno;Normale;Buona;;0;0;0;2;12.5105;41.9098;0;1;Autovettura privata;In marcia / fermata / arresto;Conducente;F;Illeso;0;;;
5813037;3;05/02/2022 16:05:00;Strada Urbana;VIALE DEL POLICLINICO;all'intersezione semaforizzata con;VIA GIOVANNI BATTISTA MORGAGNI;VIA GIOVANNI BATTISTA MORGAGNI;;;Tamponamento;Incrocio;Una carreggiata a doppio senso;Asciutto;Asfaltata;Verticale ed orizzontale;Sereno;Normale;Buona;;0;0;0;2;12.5105;41.9098;0;2;Autovettura privata;In marcia / fermata / arresto;Conducente;F;Illeso;0;;;
5813043;13;07/02/2022 19:30:00;Strada Urbana;VIALE DI CASTEL PORZIANO;da specificare;;;;CIV 343/ A;Veicolo in marcia contro veicolo fermo;Rettilineo;Una carreggiata a doppio senso;Asciutto;Asfaltata;Orizzontale;Sereno;Normale;Sufficiente;;1;0;0;3;12.3569;41.7336;-1;1;Autovettura privata;In marcia / fermata / arresto;Conducente;M;Illeso;0;;;
5813043;13;07/02/2022 19:30:00;Strada Urbana;VIALE DI CASTEL PORZIANO;da specificare;;;;CIV 343/ A;Veicolo in marcia contro veicolo fermo;Rettilineo;Una carreggiata a doppio senso;Asciutto;Asfaltata;Orizzontale;Sereno;Normale;Sufficiente;;1;0;0;3;12.3569;41.7336;-1;1;Autovettura privata;In marcia / fermata / arresto;Passeggero;F;Rimandato;0;NON DECEDUTO;;
5813043;13;07/02/2022 19:30:00;Strada Urbana;VIALE DI CASTEL PORZIANO;da specificare;;;;CIV 343/ A;Veicolo in marcia contro veicolo fermo;Rettilineo;Una carreggiata a doppio senso;Asciutto;Asfaltata;Orizzontale;Sereno;Normale;Sufficiente;;1;0;0;3;12.3569;41.7336;-1;2;Autovettura privata;In marcia / fermata / arresto;Conducente;F;Illeso;0;;;
5813043;13;07/02/2022 19:30:00;Strada Urbana;VIALE DI CASTEL PORZIANO;da specificare;;;;CIV 343/ A;Veicolo in marcia contro veicolo fermo;Rettilineo;Una carreggiata a doppio senso;Asciutto;Asfaltata;Orizzontale;Sereno;Normale;Sufficiente;;1;0;0;3;12.3569;41.7336;-1;2;Autovettura privata;In marcia / fermata / arresto;Passeggero;F;Illeso;0;;;
5813051;1;07/02/2022 09:05:00;Strada Urbana;LUNGOTEVERE MARZIO;da specificare;;;;pross. piazza di porto di ripetta;Scontro laterale fra veicoli in marcia;Rettilineo;Una carreggiata a senso unico di marcia;Bagnato (pioggia);Asfaltata;Verticale ed orizzontale;Pioggia in atto;Normale;Buona;;0;0;0;3;12.4739;41.9032;-1;1;Macchina operatrice;In marcia / fermata / arresto;Conducente;M;Illeso;0;;;
5813051;1;07/02/2022 09:05:00;Strada Urbana;LUNGOTEVERE MARZIO;da specificare;;;;pross. piazza di porto di ripetta;Scontro laterale fra veicoli in marcia;Rettilineo;Una carreggiata a senso unico di marcia;Bagnato (pioggia);Asfaltata;Verticale ed orizzontale;Pioggia in atto;Normale;Buona;;0;0;0;3;12.4739;41.9032;-1;1;Macchina operatrice;In marcia / fermata / arresto;Passeggero;M;Illeso;0;;;
5813051;1;07/02/2022 09:05:00;Strada Urbana;LUNGOTEVERE MARZIO;da specificare;;;;pross. piazza di porto di ripetta;Scontro laterale fra veicoli in marcia;Rettilineo;Una carreggiata a senso unico di marcia;Bagnato (pioggia);Asfaltata;Verticale ed orizzontale;Pioggia in atto;Normale;Buona;;0;0;0;3;12.4739;41.9032;-1;2;Autovettura privata;In marcia / fermata / arresto;Conducente;M;Illeso;0;;;
5813077;3;06/02/2022 02:00:00;Strada Urbana;PIAZZALE TIBURTINO;da specificare;;;;fr civ n. 15;Veicolo in marcia contro ostacolo fisso;Rettilineo;Più di due carreggiate;Asciutto;Asfaltata;Verticale ed orizzontale;Sereno;Scarso;Buona;;0;0;0;1;12.5113;41.8968;-1;1;Autovettura privata;In marcia / fermata / arresto;Conducente;M;Illeso;0;;;
5813085;3;07/02/2022 11:00:00;Strada Urbana;VIA DELLA LEGA LOMBARDA;all'intersezione con;PIAZZA DELLE CROCIATE;PIAZZA DELLE CROCIATE;;;Scontro frontale/laterale DX fra veicoli in marcia;Intersezione non regolata/non segnalata;Una carreggiata a doppio senso;Asciutto;Asfaltata;Orizzontale;Sereno;Normale;Buona;;1;0;0;3;12.5234;41.9089;-1;1;Autovettura privata;In marcia / fermata / arresto;Conducente;M;Illeso;0;;Non accertato;Inesploso
5813085;3;07/02/2022 11:00:00;Strada Urbana;VIA DELLA LEGA LOMBARDA;all'intersezione con;PIAZZA DELLE CROCIATE;PIAZZA DELLE CROCIATE;;;Scontro frontale/laterale DX fra veicoli in marcia;Intersezione non regolata/non segnalata;Una carreggiata a doppio senso;Asciutto;Asfaltata;Orizzontale;Sereno;Normale;Buona;;1;0;0;3;12.5234;41.9089;-1;1;Autovettura privata;In marcia / fermata / arresto;Passeggero;F;Illeso;0;;Non accertato;Inesploso
5813085;3;07/02/2022 11:00:00;Strada Urbana;VIA DELLA LEGA LOMBARDA;all'intersezione con;PIAZZA DELLE CROCIATE;PIAZZA DELLE CROCIATE;;;Scontro frontale/laterale DX fra veicoli in marcia;Intersezione non regolata/non segnalata;Una carreggiata a doppio senso;Asciutto;Asfaltata;Orizzontale;Sereno;Normale;Buona;;1;0;0;3;12.5234;41.9089;-1;2;Motociclo con passeggero;In marcia / fermata / arresto;Conducente;M;Illeso;0;;Non accertato;
5813085;3;07/02/2022 11:00:00;Strada Urbana;VIA DELLA LEGA LOMBARDA;all'intersezione con;PIAZZA DELLE CROCIATE;PIAZZA DELLE CROCIATE;;;Scontro frontale/laterale DX fra veicoli in marcia;Intersezione non regolata/non segnalata;Una carreggiata a doppio senso;Asciutto;Asfaltata;Orizzontale;Sereno;Normale;Buona;;1;0;0;3;12.5234;41.9089;-1;2;Motociclo con passeggero;In marcia / fermata / arresto;Passeggero;F;Rimandato;0;NON DECEDUTO;Non accertato;
5813131;1;07/02/2022 17:45:00;Strada Urbana;PIAZZA BARBERINI;all'intersezione con;VIA VITTORIO VENETO;VIA VITTORIO VENETO;;;Veicolo in marcia contro veicolo in sosta;Intersezione semaforizzata;Una carreggiata a doppio senso;Asciutto;Asfaltata;Verticale ed orizzontale;Sereno;Normale;Sufficiente;;0;0;0;1;12.4885;41.9039;-1;1;Autovettura di polizia;In marcia / fermata / arresto;Conducente;M;Illeso;0;;;
5813131;1;07/02/2022 17:45:00;Strada Urbana;PIAZZA BARBERINI;all'intersezione con;VIA VITTORIO VENETO;VIA VITTORIO VENETO;;;Veicolo in marcia contro veicolo in sosta;Intersezione semaforizzata;Una carreggiata a doppio senso;Asciutto;Asfaltata;Verticale ed orizzontale;Sereno;Normale;Sufficiente;;0;0;0;1;12.4885;41.9039;-1;2;Autovettura privata;Sosta;;;;;;;
5813172;1;08/02/2022 07:45:00;Strada Urbana;PIAZZA VITTORIO EMANUELE II;all'intersezione con;VIA MAMIANI;VIA MAMIANI;;;Scontro frontale/laterale DX fra veicoli in marcia;Intersezione stradale segnalata;Una carreggiata a senso unico di marcia;Asciutto;Asfaltata;Verticale ed orizzontale;Sereno;Scarso;Buona;;0;0;0;3;12.5044;41.8954;-1;1;Autovettura privata;In marcia / fermata / arresto;Conducente;M;Illeso;0;;Non accertato;Inesploso
5813172;1;08/02/2022 07:45:00;Strada Urbana;PIAZZA VITTORIO EMANUELE II;all'intersezione con;VIA MAMIANI;VIA MAMIANI;;;Scontro frontale/laterale DX fra veicoli in marcia;Intersezione stradale segnalata;Una carreggiata a senso unico di marcia;Asciutto;Asfaltata;Verticale ed orizzontale;Sereno;Scarso;Buona;;0;0;0;3;12.5044;41.8954;-1;1;Autovettura privata;In marcia / fermata / arresto;Passeggero;F;Illeso;0;;Non accertato;Inesploso
5813172;1;08/02/2022 07:45:00;Strada Urbana;PIAZZA VITTORIO EMANUELE II;all'intersezione con;VIA MAMIANI;VIA MAMIANI;;;Scontro frontale/laterale DX fra veicoli in marcia;Intersezione stradale segnalata;Una carreggiata a senso unico di marcia;Asciutto;Asfaltata;Verticale ed orizzontale;Sereno;Scarso;Buona;;0;0;0;3;12.5044;41.8954;-1;2;Motociclo a solo;In marcia / fermata / arresto;Conducente;M;Illeso;0;;Non accertato;
5813200;3;07/02/2022 13:50:00;Strada Urbana;PIAZZALE DELLE PROVINCIE;in prossimità;;del civico n.;11;;Scontro laterale fra veicoli in marcia;Rotatoria;Una carreggiata a senso unico di marcia;Asciutto;Asfaltata;Verticale ed orizzontale;Sereno;Intenso;Buona;;0;0;0;2;12.5217;41.9096;-1;1;Autovettura privata;In marcia / fermata / arresto;Conducente;F;Illeso;0;;;
5813200;3;07/02/2022 13:50:00;Strada Urbana;PIAZZALE DELLE PROVINCIE;in prossimità;;del civico n.;11;;Scontro laterale fra veicoli in marcia;Rotatoria;Una carreggiata a senso unico di marcia;Asciutto;Asfaltata;Verticale ed orizzontale;Sereno;Intenso;Buona;;0;0;0;2;12.5217;41.9096;-1;2;Autocarro inferiore 35 q.;In marcia / fermata / arresto;Conducente;M;Illeso;0;;;
5813224;3;07/02/2022 16:30:00;Strada Urbana;VIA BARTOLOMEO BORGHESI;in corrispondenza;;del civico n.;21;;Scontro laterale fra veicoli in marcia;Rettilineo;Una carreggiata a doppio senso;Asciutto;Asfaltata;Verticale ed orizzontale;Sereno;Normale;Buona;;0;0;0;1;12.5245;41.918;-1;1;Autovettura privata;In marcia / fermata / arresto;Conducente;F;Illeso;0;;;
5813224;3;07/02/2022 16:30:00;Strada Urbana;VIA BARTOLOMEO BORGHESI;in corrispondenza;;del civico n.;21;;Scontro laterale fra veicoli in marcia;Rettilineo;Una carreggiata a doppio senso;Asciutto;Asfaltata;Verticale ed orizzontale;Sereno;Normale;Buona;;0;0;0;1;12.5245;41.918;-1;2;Autobus urbano;Allontanatosi;;;;;;;
5813240;10;08/02/2022 10:45:00;Strada Urbana;VIALE SPARTACO;all'intersezione con;VIA DEL QUADRARO;VIA DEL QUADRARO;;;Investimento di pedone;Incrocio;Una carreggiata a doppio senso;Asciutto;Asfaltata;Verticale ed orizzontale;Sereno;Normale;Buona;;1;0;0;1;12.5539;41.8588;-1;;;;Pedone;F;Ricoverato;0;NON DECEDUTO;;
5813240;10;08/02/2022 10:45:00;Strada Urbana;VIALE SPARTACO;all'intersezione con;VIA DEL QUADRARO;VIA DEL QUADRARO;;;Investimento di pedone;Incrocio;Una carreggiata a doppio senso;Asciutto;Asfaltata;Verticale ed orizzontale;Sereno;Normale;Buona;;1;0;0;1;12.5539;41.8588;-1;1;Autovettura privata;In marcia / fermata / arresto;Conducente;M;Illeso;0;;Non accertato;Inesploso
5813248;16;07/02/2022 14:00:00;Strada Urbana;VIA DEL FONTANILE DI MEZZALUNA;in prossimità;;del palo luce n.;49;;Tamponamento Multiplo;Rettilineo;Una carreggiata a doppio senso;Asciutto;Asfaltata;Verticale ed orizzontale;Sereno;Normale;Buona;;0;0;0;5;12.2555;41.8957;-1;1;Autovettura privata;In marcia / fermata / arresto;Conducente;F;Illeso;0;;Non accertato;Inesploso
5813248;16;07/02/2022 14:00:00;Strada Urbana;VIA DEL FONTANILE DI MEZZALUNA;in prossimità;;del palo luce n.;49;;Tamponamento Multiplo;Rettilineo;Una carreggiata a doppio senso;Asciutto;Asfaltata;Verticale ed orizzontale;Sereno;Normale;Buona;;0;0;0;5;12.2555;41.8957;-1;2;Autovettura privata;In marcia / fermata / arresto;Conducente;F;Illeso;0;;Non accertato;Inesploso
5813248;16;07/02/2022 14:00:00;Strada Urbana;VIA DEL FONTANILE DI MEZZALUNA;in prossimità;;del palo luce n.;49;;Tamponamento Multiplo;Rettilineo;Una carreggiata a doppio senso;Asciutto;Asfaltata;Verticale ed orizzontale;Sereno;Normale;Buona;;0;0;0;5;12.2555;41.8957;-1;3;Autovettura privata;In marcia / fermata / arresto;Conducente;F;Illeso;0;;Non accertato;Inesploso
5813248;16;07/02/2022 14:00:00;Strada Urbana;VIA DEL FONTANILE DI MEZZALUNA;in prossimità;;del palo luce n.;49;;Tamponamento Multiplo;Rettilineo;Una carreggiata a doppio senso;Asciutto;Asfaltata;Verticale ed orizzontale;Sereno;Normale;Buona;;0;0;0;5;12.2555;41.8957;-1;3;Autovettura privata;In marcia / fermata / arresto;Passeggero;F;Illeso;0;;Non accertato;Inesploso
5813248;16;07/02/2022 14:00:00;Strada Urbana;VIA DEL FONTANILE DI MEZZALUNA;in prossimità;;del palo luce n.;49;;Tamponamento Multiplo;Rettilineo;Una carreggiata a doppio senso;Asciutto;Asfaltata;Verticale ed orizzontale;Sereno;Normale;Buona;;0;0;0;5;12.2555;41.8957;-1;4;Autovettura privata;In marcia / fermata / arresto;Conducente;F;Illeso;0;;Non accertato;Inesploso
5813258;18;08/02/2022 12:45:00;Altra strada;VIA AURELIA;da specificare;;;;470 all'interno parcheggio pubblico XIII Municipio;Veicolo in marcia contro veicolo arresto;Rettilineo;Una carreggiata a senso unico di marcia;Asciutto;Asfaltata;Verticale ed orizzontale;Sereno;Normale;Buona;;0;0;0;3;12.4245;41.8999;0;1;Autovettura di polizia;In marcia / fermata / arresto;Conducente;M;Illeso;0;;;
5813258;18;08/02/2022 12:45:00;Altra strada;VIA AURELIA;da specificare;;;;470 all'interno parcheggio pubblico XIII Municipio;Veicolo in marcia contro veicolo arresto;Rettilineo;Una carreggiata a senso unico di marcia;Asciutto;Asfaltata;Verticale ed orizzontale;Sereno;Normale;Buona;;0;0;0;3;12.4245;41.8999;0;1;Autovettura di polizia;In marcia / fermata / arresto;Passeggero;F;Illeso;0;;Esente;
5813258;18;08/02/2022 12:45:00;Altra strada;VIA AURELIA;da specificare;;;;470 all'interno parcheggio pubblico XIII Municipio;Veicolo in marcia contro veicolo arresto;Rettilineo;Una carreggiata a senso unico di marcia;Asciutto;Asfaltata;Verticale ed orizzontale;Sereno;Normale;Buona;;0;0;0;3;12.4245;41.8999;0;2;Autovettura privata;In marcia / fermata / arresto;Conducente;M;Illeso;0;;;
5813274;9;08/02/2022 11:45:00;;PIAZZA EPIRO;da specificare;;;;fronte civico 7;Veicolo in marcia contro veicolo fermo;;;;;;;;;;0;0;0;1;12.5042;41.8788;0;1;Autocarro inferiore 35 q.;Sosta;;;;;;;
5813274;9;08/02/2022 11:45:00;;PIAZZA EPIRO;da specificare;;;;fronte civico 7;Veicolo in marcia contro veicolo fermo;;;;;;;;;;0;0;0;1;12.5042;41.8788;0;2;Autovettura privata;In marcia / fermata / arresto;Conducente;M;Illeso;0;;Non accertato;Inesploso
5813299;16;08/02/2022 07:55:00;Strada Urbana;VIA DI MONTE VERDE;all'intersezione con;PIAZZALE ENRICO DUNANT;PIAZZALE ENRICO DUNANT;;;Veicolo in marcia contro veicolo arresto;Intersezione stradale segnalata;Una carreggiata a senso unico di marcia;Asciutto;Asfaltata;Verticale ed orizzontale;Sereno;Intenso;Buona;;0;0;0;3;12.4492;41.8712;-1;1;Autovettura privata;In marcia / fermata / arresto;Conducente;M;Illeso;0;;Non accertato;Inesploso
5813299;16;08/02/2022 07:55:00;Strada Urbana;VIA DI MONTE VERDE;all'intersezione con;PIAZZALE ENRICO DUNANT;PIAZZALE ENRICO DUNANT;;;Veicolo in marcia contro veicolo arresto;Intersezione stradale segnalata;Una carreggiata a senso unico di marcia;Asciutto;Asfaltata;Verticale ed orizzontale;Sereno;Intenso;Buona;;0;0;0;3;12.4492;41.8712;-1;1;Autovettura privata;In marcia / fermata / arresto;Passeggero;F;Illeso;0;;Non accertato;Inesploso
5813299;16;08/02/2022 07:55:00;Strada Urbana;VIA DI MONTE VERDE;all'intersezione con;PIAZZALE ENRICO DUNANT;PIAZZALE ENRICO DUNANT;;;Veicolo in marcia contro veicolo arresto;Intersezione stradale segnalata;Una carreggiata a senso unico di marcia;Asciutto;Asfaltata;Verticale ed orizzontale;Sereno;Intenso;Buona;;0;0;0;3;12.4492;41.8712;-1;2;Autovettura privata;In marcia / fermata / arresto;Conducente;M;Illeso;0;;Non accertato;Inesploso
5813364;23;08/02/2022 07:10:00;Strada Urbana;CIRCONVALLAZIONE OSTIENSE;in prossimità;;del civico n.;191;;Veicolo in marcia contro veicolo in sosta;Rotatoria;Una carreggiata a senso unico di marcia;Asciutto;In cubetti di porfido;Orizzontale;Sereno;Scarso;Buona;;0;0;0;1;12.4877;41.8678;-1;1;Altro;Sosta;;;;;;;
5813364;23;08/02/2022 07:10:00;Strada Urbana;CIRCONVALLAZIONE OSTIENSE;in prossimità;;del civico n.;191;;Veicolo in marcia contro veicolo in sosta;Rotatoria;Una carreggiata a senso unico di marcia;Asciutto;In cubetti di porfido;Orizzontale;Sereno;Scarso;Buona;;0;0;0;1;12.4877;41.8678;-1;2;Autocarro inferiore 35 q.;In marcia / fermata / arresto;Conducente;M;Illeso;0;;Non accertato;Inesploso
5813407;10;08/02/2022 12:10:00;Statale entro l'abitato;VIA ANAGNINA;all'intersezione con;VIA DI ACQUA ACETOSA ANAGNINA;VIA DI ACQUA ACETOSA ANAGNINA;;;Scontro laterale fra veicoli in marcia;Incrocio;Più di due carreggiate;Asciutto;Asfaltata;Verticale ed orizzontale;Sereno;Normale;Buona;;0;0;0;3;12.6202;41.8143;-1;1;Autovettura privata;In marcia / fermata / arresto;Conducente;M;Illeso;0;;;
5813407;10;08/02/2022 12:10:00;Statale entro l'abitato;VIA ANAGNINA;all'intersezione con;VIA DI ACQUA ACETOSA ANAGNINA;VIA DI ACQUA ACETOSA ANAGNINA;;;Scontro laterale fra veicoli in marcia;Incrocio;Più di due carreggiate;Asciutto;Asfaltata;Verticale ed orizzontale;Sereno;Normale;Buona;;0;0;0;3;12.6202;41.8143;-1;1;Autovettura privata;In marcia / fermata / arresto;Passeggero;F;Illeso;0;;;
5813407;10;08/02/2022 12:10:00;Statale entro l'abitato;VIA ANAGNINA;all'intersezione con;VIA DI ACQUA ACETOSA ANAGNINA;VIA DI ACQUA ACETOSA ANAGNINA;;;Scontro laterale fra veicoli in marcia;Incrocio;Più di due carreggiate;Asciutto;Asfaltata;Verticale ed orizzontale;Sereno;Normale;Buona;;0;0;0;3;12.6202;41.8143;-1;2;Autovettura privata;In marcia / fermata / arresto;Conducente;M;Illeso;0;;;
5813407;10;08/02/2022 12:10:00;Statale entro l'abitato;VIA ANAGNINA;all'intersezione con;VIA DI ACQUA ACETOSA ANAGNINA;VIA DI ACQUA ACETOSA ANAGNINA;;;Scontro laterale fra veicoli in marcia;Incrocio;Più di due carreggiate;Asciutto;Asfaltata;Verticale ed orizzontale;Sereno;Normale;Buona;;0;0;0;3;12.6202;41.8143;-1;3;Autobus in extraurbana;Allontanatosi;;;;;;;
5813518;15;08/02/2022 09:45:00;Strada Urbana;LUNGOTEVERE DI PIETRA PAPA;da specificare;;;;prossimità fronte civico 71;Scontro laterale fra veicoli in marcia;Rettilineo;Due carreggiate;Asciutto;Asfaltata;Orizzontale;Sereno;Scarso;Buona;;1;0;0;2;12.4743;41.8629;-1;1;Autovettura privata;In marcia / fermata / arresto;Conducente;M;Illeso;0;;Non accertato;Inesploso
5813518;15;08/02/2022 09:45:00;Strada Urbana;LUNGOTEVERE DI PIETRA PAPA;da specificare;;;;prossimità fronte civico 71;Scontro laterale fra veicoli in marcia;Rettilineo;Due carreggiate;Asciutto;Asfaltata;Orizzontale;Sereno;Scarso;Buona;;1;0;0;2;12.4743;41.8629;-1;1;Autovettura privata;In marcia / fermata / arresto;Passeggero;M;Illeso;0;;Non accertato;Inesploso
5813518;15;08/02/2022 09:45:00;Strada Urbana;LUNGOTEVERE DI PIETRA PAPA;da specificare;;;;prossimità fronte civico 71;Scontro laterale fra veicoli in marcia;Rettilineo;Due carreggiate;Asciutto;Asfaltata;Orizzontale;Sereno;Scarso;Buona;;1;0;0;2;12.4743;41.8629;-1;2;Motociclo a solo;In marcia / fermata / arresto;Conducente;F;Rimandato;0;NON DECEDUTO;Non accertato;
5813586;15;08/02/2022 11:55:00;Strada Urbana;VIA DELLA MAGLIANA;da specificare;;;;prossimità fronte civico 1090;Veicolo in marcia contro ostacolo accidentale;Rettilineo;Una carreggiata a doppio senso;Asciutto;Asfaltata;Assente;Sereno;Scarso;Buona;;0;0;0;1;12.4196;41.8317;-1;1;Autovettura privata;In marcia / fermata / arresto;Conducente;M;Illeso;0;;Non accertato;Inesploso
5813588;13;07/02/2022 20:10:00;Strada Urbana;VIA ERMANNO WOLF FERRARI;all'intersezione con;VIA ANTONIO SCONTRINO;VIA ANTONIO SCONTRINO;;;Scontro frontale/laterale SX fra veicoli in marcia;Incrocio;Una carreggiata a doppio senso;Asciutto;Asfaltata;Assente;Sereno;Normale;Buona;;2;0;0;1;12.3753;41.7509;-1;1;Autovettura privata;In marcia / fermata / arresto;Conducente;M;Illeso;0;;Non accertato;Inesploso
5813588;13;07/02/2022 20:10:00;Strada Urbana;VIA ERMANNO WOLF FERRARI;all'intersezione con;VIA ANTONIO SCONTRINO;VIA ANTONIO SCONTRINO;;;Scontro frontale/laterale SX fra veicoli in marcia;Incrocio;Una carreggiata a doppio senso;Asciutto;Asfaltata;Assente;Sereno;Normale;Buona;;2;0;0;1;12.3753;41.7509;-1;1;Autovettura privata;In marcia / fermata / arresto;Passeggero;F;Rimandato;0;NON DECEDUTO;Non accertato;Inesploso
5813588;13;07/02/2022 20:10:00;Strada Urbana;VIA ERMANNO WOLF FERRARI;all'intersezione con;VIA ANTONIO SCONTRINO;VIA ANTONIO SCONTRINO;;;Scontro frontale/laterale SX fra veicoli in marcia;Incrocio;Una carreggiata a doppio senso;Asciutto;Asfaltata;Assente;Sereno;Normale;Buona;;2;0;0;1;12.3753;41.7509;-1;2;Motociclo a solo;In marcia / fermata / arresto;Conducente;M;Rimandato;0;NON DECEDUTO;Non accertato;
5813664;12;08/02/2022 14:15:00;Strada Urbana;VIA EDOARDO AMALDI;in prossimità;;del civico n.;199;;Scontro frontale/laterale SX fra veicoli in marcia;Rettilineo;Due carreggiate;Asciutto;Asfaltata;Verticale ed orizzontale;Sereno;Scarso;Buona;;1;0;0;1;12.4865;41.7943;-1;1;Autovettura privata;In marcia / fermata / arresto;Conducente;M;Illeso;0;;Non accertato;Inesploso
5813664;12;08/02/2022 14:15:00;Strada Urbana;VIA EDOARDO AMALDI;in prossimità;;del civico n.;199;;Scontro frontale/laterale SX fra veicoli in marcia;Rettilineo;Due carreggiate;Asciutto;Asfaltata;Verticale ed orizzontale;Sereno;Scarso;Buona;;1;0;0;1;12.4865;41.7943;-1;2;Autovettura privata;In marcia / fermata / arresto;Conducente;F;Rimandato;0;NON DECEDUTO;Non accertato;Inesploso
5813852;10;08/02/2022 16:40:00;Strada Urbana;PIAZZA FABIO SABATINI;all'intersezione con;VIA UBALDO COMANDINI;VIA UBALDO COMANDINI;;;Scontro laterale fra veicoli in marcia;Rotatoria;Più di due carreggiate;Asciutto;Asfaltata;Verticale ed orizzontale;Sereno;Normale;Buona;;0;0;0;2;12.5914;41.8465;-1;1;Autovettura privata;In marcia / fermata / arresto;Conducente;M;Illeso;0;;Non accertato;Inesploso
5813852;10;08/02/2022 16:40:00;Strada Urbana;PIAZZA FABIO SABATINI;all'intersezione con;VIA UBALDO COMANDINI;VIA UBALDO COMANDINI;;;Scontro laterale fra veicoli in marcia;Rotatoria;Più di due carreggiate;Asciutto;Asfaltata;Verticale ed orizzontale;Sereno;Normale;Buona;;0;0;0;2;12.5914;41.8465;-1;2;Autovettura di soccorso;In marcia / fermata / arresto;Conducente;M;Illeso;0;;Non accertato;Inesploso