Protocollo;Gruppo;DataOraIncidente;Localizzazione1;STRADA1;Localizzazione2;STRADA2;Strada02;Chilometrica;DaSpecificare;NaturaIncidente;particolaritastrade;TipoStrada;FondoStradale;Pavimentazione;Segnaletica;CondizioneAtmosferica;Traffico;Visibilita;Illuminazione;NUM_FERITI;NUM_RISERVATA;NUM_MORTI;NUM_ILLESI;Longitude;Latitude;Confermato;Progressivo;TipoVeicolo;StatoVeicolo;TipoPersona;Sesso;Tipolesione;Deceduto;DecedutoDopo;CinturaCascoUtilizzato;Airbag;
5814259;11;08/02/2022 10:55:00;Strada Urbana;VIA LUIGI FINCATI;all'intersezione con;PIAZZA BARTOLOMEO ROMANO;PIAZZA BARTOLOMEO ROMANO;;;Scontro frontale/laterale SX fra veicoli in marcia;Intersezione non regolata/non segnalata;Due carreggiate;Asciutto;Asfaltata;Verticale ed orizzontale;Sereno;Normale;Buona;;0;0;0;3;12.4853;41.8629;-1;2;Autovettura privata;In marcia / fermata / arresto;Conducente;M;Illeso;0;;;
5814259;11;08/02/2022 10:55:00;Strada Urbana;VIA LUIGI FINCATI;all'intersezione con;PIAZZA BARTOLOMEO ROMANO;PIAZZA BARTOLOMEO ROMANO;;;Scontro frontale/laterale SX fra veicoli in marcia;Intersezione non regolata/non segnalata;Due carreggiate;Asciutto;Asfaltata;Verticale ed orizzontale;Sereno;Normale;Buona;;0;0;0;3;12.4853;41.8629;-1;2;Autovettura privata;In marcia / fermata / arresto;Passeggero;F;Illeso;0;;;
5814281;13;08/02/2022 19:30:00;Strada Urbana;VIA DI CASTEL FUSANO;all'intersezione con;VIA AGOSTINO CHIGI;VIA AGOSTINO CHIGI;;;Scontro laterale fra veicoli in marcia;Incrocio;Una carreggiata a doppio senso;Asciutto;Asfaltata;Verticale ed orizzontale;Sereno;Normale;Buona;;0;0;0;2;12.3115;41.7467;-1;1;Autovettura privata;In marcia / fermata / arresto;Conducente;F;Illeso;0;;;
5814281;13;08/02/2022 19:30:00;Strada Urbana;VIA DI CASTEL FUSANO;all'intersezione con;VIA AGOSTINO CHIGI;VIA AGOSTINO CHIGI;;;Scontro laterale fra veicoli in marcia;Incrocio;Una carreggiata a doppio senso;Asciutto;Asfaltata;Verticale ed orizzontale;Sereno;Normale;Buona;;0;0;0;2;12.3115;41.7467;-1;2;Motociclo a solo;In marcia / fermata / arresto;Conducente;M;Illeso;0;;;
5814285;1;04/02/2022 21:43:00;Strada Urbana;LARGO DI TORRE ARGENTINA;da specificare;;;;fronte civico 12;Scontro frontale/laterale DX fra veicoli in marcia;Rettilineo;Due carreggiate;Asciutto;Asfaltata;Verticale ed orizzontale;Sereno;Normale;Sufficiente;;0;0;0;2;12.4769;41.896;-1;1;Autovettura pubblica;In marcia / fermata / arresto;Conducente;M;Illeso;0;;;
5814285;1;04/02/2022 21:43:00;Strada Urbana;LARGO DI TORRE ARGENTINA;da specificare;;;;fronte civico 12;Scontro frontale/laterale DX fra veicoli in marcia;Rettilineo;Due carreggiate;Asciutto;Asfaltata;Verticale ed orizzontale;Sereno;Normale;Sufficiente;;0;0;0;2;12.4769;41.896;-1;2;Autovettura pubblica;In marcia / fermata / arresto;Conducente;M;Illeso;0;;;
5814297;13;08/02/2022 11:10:00;Strada Urbana;PIAZZALE CRISTOFORO COLOMBO;all'intersezione con;LUNGOMARE LUTAZIO CATULO;LUNGOMARE LUTAZIO CATULO;;;Scontro frontale/laterale DX fra veicoli in marcia;Rotatoria;Una carreggiata a senso unico di marcia;Asciutto;Asfaltata;Verticale ed orizzontale;Sereno;Normale;Buona;;1;0;0;2;12.3176;41.715;-1;1;Autovettura privata;In marcia / fermata / arresto;Conducente;M;Illeso;0;;Non accertato;Inesploso
5814297;13;08/02/2022 11:10:00;Strada Urbana;PIAZZALE CRISTOFORO COLOMBO;all'intersezione con;LUNGOMARE LUTAZIO CATULO;LUNGOMARE LUTAZIO CATULO;;;Scontro frontale/laterale DX fra veicoli in marcia;Rotatoria;Una carreggiata a senso unico di marcia;Asciutto;Asfaltata;Verticale ed orizzontale;Sereno;Normale;Buona;;1;0;0;2;12.3176;41.715;-1;2;Autovettura privata;In marcia / fermata / arresto;Conducente;F;Illeso;0;;Non accertato;Inesploso
5814297;13;08/02/2022 11:10:00;Strada Urbana;PIAZZALE CRISTOFORO COLOMBO;all'intersezione con;LUNGOMARE LUTAZIO CATULO;LUNGOMARE LUTAZIO CATULO;;;Scontro frontale/laterale DX fra veicoli in marcia;Rotatoria;Una carreggiata a senso unico di marcia;Asciutto;Asfaltata;Verticale ed orizzontale;Sereno;Normale;Buona;;1;0;0;2;12.3176;41.715;-1;2;Autovettura privata;In marcia / fermata / arresto;Passeggero;M;Rimandato;0;NON DECEDUTO;Non accertato;Inesploso
5814298;13;08/02/2022 13:25:00;;VIA SALVATORE GALLOTTI;in prossimità;;del civico n.;2;;Veicolo in marcia contro veicolo arresto;;;;;;;;;;0;0;0;2;12.3654;41.7417;0;1;Motociclo a solo;In marcia / fermata / arresto;Conducente;M;Illeso;0;;Non accertato;
5814298;13;08/02/2022 13:25:00;;VIA SALVATORE GALLOTTI;in prossimità;;del civico n.;2;;Veicolo in marcia contro veicolo arresto;;;;;;;;;;0;0;0;2;12.3654;41.7417;0;2;Autocarro inferiore 35 q.;In marcia / fermata / arresto;Conducente;M;Illeso;0;;Non accertato;Inesploso
5814305;6;08/02/2022 16:35:00;Strada Urbana;VIA DEI PISONI;all'intersezione con;VIA DEI LENTULI;VIA DEI LENTULI;;;Investimento di pedone;Incrocio;Una carreggiata a senso unico di marcia;Asciutto;Asfaltata;Verticale ed orizzontale;Sereno;Scarso;Buona;;1;0;0;1;12.5438;41.8655;-1;;;;Pedone;M;Ricoverato;0;NON DECEDUTO;;
5814305;6;08/02/2022 16:35:00;Strada Urbana;VIA DEI PISONI;all'intersezione con;VIA DEI LENTULI;VIA DEI LENTULI;;;Investimento di pedone;Incrocio;Una carreggiata a senso unico di marcia;Asciutto;Asfaltata;Verticale ed orizzontale;Sereno;Scarso;Buona;;1;0;0;1;12.5438;41.8655;-1;1;Autovettura privata;In marcia / fermata / arresto;Conducente;M;Illeso;0;;Non accertato;Inesploso
5814329;20;08/02/2022 15:45:00;Strada Urbana;VIALE CORTINA D'AMPEZZO;all'intersezione con;VIA ROCCARASO;VIA ROCCARASO;;;Scontro frontale/laterale DX fra veicoli in marcia;Incrocio;Una carreggiata a doppio senso;Asciutto;Asfaltata;Verticale ed orizzontale;Sereno;Normale;Buona;;0;0;0;3;12.4437;41.9478;-1;1;Autovettura privata;In marcia / fermata / arresto;Conducente;F;Illeso;0;;Non accertato;Inesploso
5814329;20;08/02/2022 15:45:00;Strada Urbana;VIALE CORTINA D'AMPEZZO;all'intersezione con;VIA ROCCARASO;VIA ROCCARASO;;;Scontro frontale/laterale DX fra veicoli in marcia;Incrocio;Una carreggiata a doppio senso;Asciutto;Asfaltata;Verticale ed orizzontale;Sereno;Normale;Buona;;0;0;0;3;12.4437;41.9478;-1;1;Autovettura privata;In marcia / fermata / arresto;Passeggero;M;Illeso;0;;Non accertato;Inesploso
5814329;20;08/02/2022 15:45:00;Strada Urbana;VIALE CORTINA D'AMPEZZO;all'intersezione con;VIA ROCCARASO;VIA ROCCARASO;;;Scontro frontale/laterale DX fra veicoli in marcia;Incrocio;Una carreggiata a doppio senso;Asciutto;Asfaltata;Verticale ed orizzontale;Sereno;Normale;Buona;;0;0;0;3;12.4437;41.9478;-1;2;Autovettura privata;In marcia / fermata / arresto;Conducente;F;Illeso;0;;Non accertato;Inesploso
5814342;11;08/02/2022 11:55:00;Strada Urbana;VIA OSTIENSE;in corrispondenza;;del civico n.;359;;Tamponamento;Rettilineo;Una carreggiata a doppio senso;Asciutto;Asfaltata;Verticale ed orizzontale;Sereno;Normale;Buona;;2;0;0;1;12.477;41.8542;-1;;;;Pedone;M;Rimandato;0;NON DECEDUTO;;
5814342;11;08/02/2022 11:55:00;Strada Urbana;VIA OSTIENSE;in corrispondenza;;del civico n.;359;;Tamponamento;Rettilineo;Una carreggiata a doppio senso;Asciutto;Asfaltata;Verticale ed orizzontale;Sereno;Normale;Buona;;2;0;0;1;12.477;41.8542;-1;;;;Pedone;F;Ricoverato;0;NON DECEDUTO;;
5814342;11;08/02/2022 11:55:00;Strada Urbana;VIA OSTIENSE;in corrispondenza;;del civico n.;359;;Tamponamento;Rettilineo;Una carreggiata a doppio senso;Asciutto;Asfaltata;Verticale ed orizzontale;Sereno;Normale;Buona;;2;0;0;1;12.477;41.8542;-1;1;Autovettura privata;In marcia / fermata / arresto;Conducente;F;Illeso;0;;;
5814342;11;08/02/2022 11:55:00;Strada Urbana;VIA OSTIENSE;in corrispondenza;;del civico n.;359;;Tamponamento;Rettilineo;Una carreggiata a doppio senso;Asciutto;Asfaltata;Verticale ed orizzontale;Sereno;Normale;Buona;;2;0;0;1;12.477;41.8542;-1;2;Motociclo a solo;Allontanatosi;;;;;;;
5814343;11;08/02/2022 11:30:00;Strada Urbana;VIA ALESSANDRO SEVERO;in corrispondenza;;del civico n.;175;;Scontro laterale fra veicoli in marcia;Rettilineo;Una carreggiata a senso unico di marcia;Asciutto;Asfaltata;Verticale ed orizzontale;Sereno;Normale;Buona;;0;0;0;3;12.4861;41.8541;-1;1;Autovettura privata;In marcia / fermata / arresto;Conducente;M;Illeso;0;;Non accertato;Inesploso
5814343;11;08/02/2022 11:30:00;Strada Urbana;VIA ALESSANDRO SEVERO;in corrispondenza;;del civico n.;175;;Scontro laterale fra veicoli in marcia;Rettilineo;Una carreggiata a senso unico di marcia;Asciutto;Asfaltata;Verticale ed orizzontale;Sereno;Normale;Buona;;0;0;0;3;12.4861;41.8541;-1;1;Autovettura privata;In marcia / fermata / arresto;Passeggero;M;Illeso;0;;Non accertato;Inesploso
5814343;11;08/02/2022 11:30:00;Strada Urbana;VIA ALESSANDRO SEVERO;in corrispondenza;;del civico n.;175;;Scontro laterale fra veicoli in marcia;Rettilineo;Una carreggiata a senso unico di marcia;Asciutto;Asfaltata;Verticale ed orizzontale;Sereno;Normale;Buona;;0;0;0;3;12.4861;41.8541;-1;2;Autovettura privata;In marcia / fermata / arresto;Conducente;M;Illeso;0;;Non accertato;Inesploso
5814344;4;08/02/2022 08:30:00;Strada Urbana;PIAZZA MENENIO AGRIPPA;da specificare;;;;fronte civico 3;Scontro laterale fra veicoli in marcia;Rettilineo;Una carreggiata a senso unico di marcia;Asciutto;Asfaltata;Verticale ed orizzontale;Sereno;Normale;Buona;;0;0;0;3;12.5358;41.9349;-1;1;Autovettura privata;In marcia / fermata / arresto;Conducente;F;Illeso;0;;;
5814344;4;08/02/2022 08:30:00;Strada Urbana;PIAZZA MENENIO AGRIPPA;da specificare;;;;fronte civico 3;Scontro laterale fra veicoli in marcia;Rettilineo;Una carreggiata a senso unico di marcia;Asciutto;Asfaltata;Verticale ed orizzontale;Sereno;Normale;Buona;;0;0;0;3;12.5358;41.9349;-1;1;Autovettura privata;In marcia / fermata / arresto;Passeggero;M;Illeso;0;;Non accertato;
5814344;4;08/02/2022 08:30:00;Strada Urbana;PIAZZA MENENIO AGRIPPA;da specificare;;;;fronte civico 3;Scontro laterale fra veicoli in marcia;Rettilineo;Una carreggiata a senso unico di marcia;Asciutto;Asfaltata;Verticale ed orizzontale;Sereno;Normale;Buona;;0;0;0;3;12.5358;41.9349;-1;2;Autobus di linea;In marcia / fermata / arresto;Conducente;M;Illeso;0;;Non accertato;
5814363;1;08/02/2022 19:45:00;Strada Urbana;PIAZZA DI PORTA S. PAOLO;all'intersezione con;VIA RAFFAELE PERSICHETTI;VIA RAFFAELE PERSICHETTI;;;Scontro laterale fra veicoli in marcia;Intersezione semaforizzata;Una carreggiata a doppio senso;Asciutto;Asfaltata;Assente;Sereno;Normale;Sufficiente;;0;0;0;3;12.4819;41.877;-1;1;Autovettura privata;In marcia / fermata / arresto;Conducente;M;Illeso;0;;;
5814363;1;08/02/2022 19:45:00;Strada Urbana;PIAZZA DI PORTA S. PAOLO;all'intersezione con;VIA RAFFAELE PERSICHETTI;VIA RAFFAELE PERSICHETTI;;;Scontro laterale fra veicoli in marcia;Intersezione semaforizzata;Una carreggiata a doppio senso;Asciutto;Asfaltata;Assente;Sereno;Normale;Sufficiente;;0;0;0;3;12.4819;41.877;-1;1;Autovettura privata;In marcia / fermata / arresto;Passeggero;F;Illeso;0;;;
5814363;1;08/02/2022 19:45:00;Strada Urbana;PIAZZA DI PORTA S. PAOLO;all'intersezione con;VIA RAFFAELE PERSICHETTI;VIA RAFFAELE PERSICHETTI;;;Scontro laterale fra veicoli in marcia;Intersezione semaforizzata;Una carreggiata a doppio senso;Asciutto;Asfaltata;Assente;Sereno;Normale;Sufficiente;;0;0;0;3;12.4819;41.877;-1;2;Autovettura privata;In marcia / fermata / arresto;Conducente;M;Illeso;0;;;
5814369;4;08/02/2022 11:20:00;Strada Urbana;VIA DELLE VIGNE NUOVE;da specificare;;;;fronte civico 551;Scontro laterale fra veicoli in marcia;Rettilineo;Due carreggiate;Asciutto;Asfaltata;Verticale ed orizzontale;Sereno;Normale;Buona;;0;0;0;4;12.5358;41.9554;-1;1;Autovettura privata;In marcia / fermata / arresto;Conducente;M;Illeso;0;;Non accertato;Inesploso
5814369;4;08/02/2022 11:20:00;Strada Urbana;VIA DELLE VIGNE NUOVE;da specificare;;;;fronte civico 551;Scontro laterale fra veicoli in marcia;Rettilineo;Due carreggiate;Asciutto;Asfaltata;Verticale ed orizzontale;Sereno;Normale;Buona;;0;0;0;4;12.5358;41.9554;-1;2;Autovettura privata;In marcia / fermata / arresto;Conducente;M;Illeso;0;;Non accertato;Esploso
5814369;4;08/02/2022 11:20:00;Strada Urbana;VIA DELLE VIGNE NUOVE;da specificare;;;;fronte civico 551;Scontro laterale fra veicoli in marcia;Rettilineo;Due carreggiate;Asciutto;Asfaltata;Verticale ed orizzontale;Sereno;Normale;Buona;;0;0;0;4;12.5358;41.9554;-1;3;Autovettura privata;In marcia / fermata / arresto;Conducente;M;Illeso;0;;Non accertato;Inesploso
5814369;4;08/02/2022 11:20:00;Strada Urbana;VIA DELLE VIGNE NUOVE;da specificare;;;;fronte civico 551;Scontro laterale fra veicoli in marcia;Rettilineo;Due carreggiate;Asciutto;Asfaltata;Verticale ed orizzontale;Sereno;Normale;Buona;;0;0;0;4;12.5358;41.9554;-1;3;Autovettura privata;In marcia / fermata / arresto;Passeggero;F;Illeso;0;;Non accertato;Inesploso
5814377;20;08/02/2022 18:30:00;Strada Urbana;VIA DEI DUE PONTI;in corrispondenza;;del civico n.;214;;Veicolo in marcia contro veicolo arresto;Rettilineo;Una carreggiata a doppio senso;Asciutto;Asfaltata;Verticale ed orizzontale;Sereno;Normale;Sufficiente;;0;0;0;2;12.4499;41.9657;-1;1;Autovettura privata;In marcia / fermata / arresto;Conducente;M;Illeso;0;;Non accertato;Inesploso
5814377;20;08/02/2022 18:30:00;Strada Urbana;VIA DEI DUE PONTI;in corrispondenza;;del civico n.;214;;Veicolo in marcia contro veicolo arresto;Rettilineo;Una carreggiata a doppio senso;Asciutto;Asfaltata;Verticale ed orizzontale;Sereno;Normale;Sufficiente;;0;0;0;2;12.4499;41.9657;-1;2;Autovettura privata;In marcia / fermata / arresto;Conducente;M;Illeso;0;;Non accertato;Inesploso
5814391;11;08/02/2022 12:00:00;Strada Urbana;PIAZZALE DEL CARAVAGGIO;in corrispondenza;;del civico n.;14;;Scontro laterale fra veicoli in marcia;Rotatoria;Una carreggiata a senso unico di marcia;Asciutto;Asfaltata;Verticale ed orizzontale;Sereno;Normale;Buona;;0;0;0;2;12.4935;41.8511;-1;1;Autovettura privata;In marcia / fermata / arresto;Conducente;F;Illeso;0;;Non accertato;
5814391;11;08/02/2022 12:00:00;Strada Urbana;PIAZZALE DEL CARAVAGGIO;in corrispondenza;;del civico n.;14;;Scontro laterale fra veicoli in marcia;Rotatoria;Una carreggiata a senso unico di marcia;Asciutto;Asfaltata;Verticale ed orizzontale;Sereno;Normale;Buona;;0;0;0;2;12.4935;41.8511;-1;2;Autovettura privata;In marcia / fermata / arresto;Conducente;F;Illeso;0;;Non accertato;
5814428;11;08/02/2022 13:15:00;Strada Urbana;VIA CRISTOFORO COLOMBO;all'intersezione con;VIA CESARE FEDERICI;VIA CESARE FEDERICI;;;Scontro frontale/laterale DX fra veicoli in marcia;Incrocio;Più di due carreggiate;Asciutto;Asfaltata;Verticale ed orizzontale;Sereno;Normale;Buona;;0;0;0;3;12.4977;41.8638;-1;1;Autovettura privata;In marcia / fermata / arresto;Conducente;M;Illeso;0;;Non accertato;
5814428;11;08/02/2022 13:15:00;Strada Urbana;VIA CRISTOFORO COLOMBO;all'intersezione con;VIA CESARE FEDERICI;VIA CESARE FEDERICI;;;Scontro frontale/laterale DX fra veicoli in marcia;Incrocio;Più di due carreggiate;Asciutto;Asfaltata;Verticale ed orizzontale;Sereno;Normale;Buona;;0;0;0;3;12.4977;41.8638;-1;1;Autovettura privata;In marcia / fermata / arresto;Passeggero;M;Illeso;0;;;
5814428;11;08/02/2022 13:15:00;Strada Urbana;VIA CRISTOFORO COLOMBO;all'intersezione con;VIA CESARE FEDERICI;VIA CESARE FEDERICI;;;Scontro frontale/laterale DX fra veicoli in marcia;Incrocio;Più di due carreggiate;Asciutto;Asfaltata;Verticale ed orizzontale;Sereno;Normale;Buona;;0;0;0;3;12.4977;41.8638;-1;2;Autovettura privata;In marcia / fermata / arresto;Conducente;M;Illeso;0;;;
5814428;11;08/02/2022 13:15:00;Strada Urbana;VIA CRISTOFORO COLOMBO;all'intersezione con;VIA CESARE FEDERICI;VIA CESARE FEDERICI;;;Scontro frontale/laterale DX fra veicoli in marcia;Incrocio;Più di due carreggiate;Asciutto;Asfaltata;Verticale ed orizzontale;Sereno;Normale;Buona;;0;0;0;3;12.4977;41.8638;-1;3;Autovettura privata;Sosta;;;;;;;
5814428;11;08/02/2022 13:15:00;Strada Urbana;VIA CRISTOFORO COLOMBO;all'intersezione con;VIA CESARE FEDERICI;VIA CESARE FEDERICI;;;Scontro frontale/laterale DX fra veicoli in marcia;Incrocio;Più di due carreggiate;Asciutto;Asfaltata;Verticale ed orizzontale;Sereno;Normale;Buona;;0;0;0;3;12.4977;41.8638;-1;4;Autovettura privata;Sosta;;;;;;;
5814428;11;08/02/2022 13:15:00;Strada Urbana;VIA CRISTOFORO COLOMBO;all'intersezione con;VIA CESARE FEDERICI;VIA CESARE FEDERICI;;;Scontro frontale/laterale DX fra veicoli in marcia;Incrocio;Più di due carreggiate;Asciutto;Asfaltata;Verticale ed orizzontale;Sereno;Normale;Buona;;0;0;0;3;12.4977;41.8638;-1;5;Autovettura privata;Sosta;;;;;;;
5814428;11;08/02/2022 13:15:00;Strada Urbana;VIA CRISTOFORO COLOMBO;all'intersezione con;VIA CESARE FEDERICI;VIA CESARE FEDERICI;;;Scontro frontale/laterale DX fra veicoli in marcia;Incrocio;Più di due carreggiate;Asciutto;Asfaltata;Verticale ed orizzontale;Sereno;Normale;Buona;;0;0;0;3;12.4977;41.8638;-1;6;Autovettura privata;Sosta;;;;;;;
5814428;11;08/02/2022 13:15:00;Strada Urbana;VIA CRISTOFORO COLOMBO;all'intersezione con;VIA CESARE FEDERICI;VIA CESARE FEDERICI;;;Scontro frontale/laterale DX fra veicoli in marcia;Incrocio;Più di due carreggiate;Asciutto;Asfaltata;Verticale ed orizzontale;Sereno;Normale;Buona;;0;0;0;3;12.4977;41.8638;-1;7;Autovettura privata;Sosta;;;;;;;
5814428;11;08/02/2022 13:15:00;Strada Urbana;VIA CRISTOFORO COLOMBO;all'intersezione con;VIA CESARE FEDERICI;VIA CESARE FEDERICI;;;Scontro frontale/laterale DX fra veicoli in marcia;Incrocio;Più di due carreggiate;Asciutto;Asfaltata;Verticale ed orizzontale;Sereno;Normale;Buona;;0;0;0;3;12.4977;41.8638;-1;8;Autovettura privata;Sosta;;;;;;;
5814441;7;08/02/2022 12:45:00;Strada Urbana;VIA DELLE SUSINE;in prossimità;;del civico n.;109;;Veicolo in marcia contro veicolo fermo;Rettilineo;Una carreggiata a doppio senso;Asciutto;Asfaltata;Verticale ed orizzontale;Sereno;Normale;Buona;;0;0;0;2;12.5781;41.8796;-1;1;Autovettura privata;In marcia / fermata / arresto;Conducente;M;Illeso;0;;Non utilizzato;Inesploso
5814441;7;08/02/2022 12:45:00;Strada Urbana;VIA DELLE SUSINE;in prossimità;;del civico n.;109;;Veicolo in marcia contro veicolo fermo;Rettilineo;Una carreggiata a doppio senso;Asciutto;Asfaltata;Verticale ed orizzontale;Sereno;Normale;Buona;;0;0;0;2;12.5781;41.8796;-1;2;Autovettura privata;In marcia / fermata / arresto;Conducente;M;Illeso;0;;Non accertato;Inesploso
5814456;11;08/02/2022 14:00:00;Provinciale entro l'abitato;VIA ARDEATINA;da specificare;;;;altezza Rampa immissione GRA  dir. Fiumicino;Scontro frontale/laterale DX fra veicoli in marcia;Rettilineo;Una carreggiata a doppio senso;Asciutto;Asfaltata;Verticale ed orizzontale;Sereno;Normale;Buona;;2;0;0;3;12.5351;41.7977;-1;1;Autovettura privata;In marcia / fermata / arresto;Conducente;M;Illeso;0;;;
5814456;11;08/02/2022 14:00:00;Provinciale entro l'abitato;VIA ARDEATINA;da specificare;;;;altezza Rampa immissione GRA  dir. Fiumicino;Scontro frontale/laterale DX fra veicoli in marcia;Rettilineo;Una carreggiata a doppio senso;Asciutto;Asfaltata;Verticale ed orizzontale;Sereno;Normale;Buona;;2;0;0;3;12.5351;41.7977;-1;1;Autovettura privata;In marcia / fermata / arresto;Passeggero;F;Rifiuta cure immediate;0;NON DECEDUTO;;
5814456;11;08/02/2022 14:00:00;Provinciale entro l'abitato;VIA ARDEATINA;da specificare;;;;altezza Rampa immissione GRA  dir. Fiumicino;Scontro frontale/laterale DX fra veicoli in marcia;Rettilineo;Una carreggiata a doppio senso;Asciutto;Asfaltata;Verticale ed orizzontale;Sereno;Normale;Buona;;2;0;0;3;12.5351;41.7977;-1;1;Autovettura privata;In marcia / fermata / arresto;Passeggero;M;Rifiuta cure immediate;0;NON DECEDUTO;;
5814456;11;08/02/2022 14:00:00;Provinciale entro l'abitato;VIA ARDEATINA;da specificare;;;;altezza Rampa immissione GRA  dir. Fiumicino;Scontro frontale/laterale DX fra veicoli in marcia;Rettilineo;Una carreggiata a doppio senso;Asciutto;Asfaltata;Verticale ed orizzontale;Sereno;Normale;Buona;;2;0;0;3;12.5351;41.7977;-1;1;Autovettura privata;In marcia / fermata / arresto;Passeggero;F;Illeso;0;;;
5814456;11;08/02/2022 14:00:00;Provinciale entro l'abitato;VIA ARDEATINA;da specificare;;;;altezza Rampa immissione GRA  dir. Fiumicino;Scontro frontale/laterale DX fra veicoli in marcia;Rettilineo;Una carreggiata a doppio senso;Asciutto;Asfaltata;Verticale ed orizzontale;Sereno;Normale;Buona;;2;0;0;3;12.5351;41.7977;-1;2;Autovettura privata;In marcia / fermata / arresto;Conducente;M;Illeso;0;;;
5814459;13;08/02/2022 12:20:00;;VIA LUIGI PERNIER;in prossimità;;del civico n.;19;;Veicolo in marcia che urta buche nella carreggiata;;;;;;;;;;0;0;0;1;;;0;1;Autovettura privata;In marcia / fermata / arresto;Conducente;F;Illeso;0;;Non accertato;Inesploso
5814469;11;08/02/2022 21:30:00;Strada Urbana;VIA ANDREA MANTEGNA;all'intersezione con;VIA DEI GEORGOFILI;VIA DEI GEORGOFILI;;;Scontro frontale/laterale SX fra veicoli in marcia;Incrocio;Due carreggiate;Asciutto;Asfaltata;Verticale ed orizzontale;Sereno;Normale;Sufficiente;;2;0;0;1;12.4939;41.8519;-1;1;Autovettura privata;In marcia / fermata / arresto;Conducente;M;Illeso;0;;Non accertato;Inesploso
5814469;11;08/02/2022 21:30:00;Strada Urbana;VIA ANDREA MANTEGNA;all'intersezione con;VIA DEI GEORGOFILI;VIA DEI GEORGOFILI;;;Scontro frontale/laterale SX fra veicoli in marcia;Incrocio;Due carreggiate;Asciutto;Asfaltata;Verticale ed orizzontale;Sereno;Normale;Sufficiente;;2;0;0;1;12.4939;41.8519;-1;2;Autovettura privata;In marcia / fermata / arresto;Conducente;M;Rimandato;0;NON DECEDUTO;Non accertato;Inesploso
5814469;11;08/02/2022 21:30:00;Strada Urbana;VIA ANDREA MANTEGNA;all'intersezione con;VIA DEI GEORGOFILI;VIA DEI GEORGOFILI;;;Scontro frontale/laterale SX fra veicoli in marcia;Incrocio;Due carreggiate;Asciutto;Asfaltata;Verticale ed orizzontale;Sereno;Normale;Sufficiente;;2;0;0;1;12.4939;41.8519;-1;2;Autovettura privata;In marcia / fermata / arresto;Passeggero;M;Rimandato;0;NON DECEDUTO;Non accertato;Inesploso
5814470;4;08/02/2022 12:20:00;Strada Urbana;VIA PIAN DI SCO;in corrispondenza;;del civico n.;100;;Tamponamento;Curva a visuale libera;Una carreggiata a doppio senso;Asciutto;Asfaltata;Verticale ed orizzontale;Sereno;Normale;Buona;;0;0;0;2;12.5185;41.9642;-1;1;Autovettura privata;In marcia / fermata / arresto;Conducente;M;Illeso;0;;Non accertato;Inesploso
5814470;4;08/02/2022 12:20:00;Strada Urbana;VIA PIAN DI SCO;in corrispondenza;;del civico n.;100;;Tamponamento;Curva a visuale libera;Una carreggiata a doppio senso;Asciutto;Asfaltata;Verticale ed orizzontale;Sereno;Normale;Buona;;0;0;0;2;12.5185;41.9642;-1;2;Autovettura privata;In marcia / fermata / arresto;Conducente;F;Illeso;0;;Non accertato;Inesploso
5814473;20;08/02/2022 15:30:00;Strada Urbana;VIA DI BACCANELLO;in prossimità;;del civico n.;30;;Tamponamento Multiplo;Rettilineo;Una carreggiata a doppio senso;Asciutto;Asfaltata;Orizzontale;Sereno;Intenso;Buona;;4;0;0;1;12.3665;42.058;-1;1;Autovettura privata;In marcia / fermata / arresto;Conducente;M;Illeso;0;;Non accertato;
5814473;20;08/02/2022 15:30:00;Strada Urbana;VIA DI BACCANELLO;in prossimità;;del civico n.;30;;Tamponamento Multiplo;Rettilineo;Una carreggiata a doppio senso;Asciutto;Asfaltata;Orizzontale;Sereno;Intenso;Buona;;4;0;0;1;12.3665;42.058;-1;1;Autovettura privata;In marcia / fermata / arresto;Passeggero;M;Rimandato;0;NON DECEDUTO;Non accertato;
5814473;20;08/02/2022 15:30:00;Strada Urbana;VIA DI BACCANELLO;in prossimità;;del civico n.;30;;Tamponamento Multiplo;Rettilineo;Una carreggiata a doppio senso;Asciutto;Asfaltata;Orizzontale;Sereno;Intenso;Buona;;4;0;0;1;12.3665;42.058;-1;2;Autovettura privata;In marcia / fermata / arresto;Conducente;M;Rimandato;0;NON DECEDUTO;Non accertato;
5814473;20;08/02/2022 15:30:00;Strada Urbana;VIA DI BACCANELLO;in prossimità;;del civico n.;30;;Tamponamento Multiplo;Rettilineo;Una carreggiata a doppio senso;Asciutto;Asfaltata;Orizzontale;Sereno;Intenso;Buona;;4;0;0;1;12.3665;42.058;-1;2;Autovettura privata;In marcia / fermata / arresto;Passeggero;F;Ricoverato;0;NON DECEDUTO;Non accertato;
5814473;20;08/02/2022 15:30:00;Strada Urbana;VIA DI BACCANELLO;in prossimità;;del civico n.;30;;Tamponamento Multiplo;Rettilineo;Una carreggiata a doppio senso;Asciutto;Asfaltata;Orizzontale;Sereno;Intenso;Buona;;4;0;0;1;12.3665;42.058;-1;3;Autovettura privata;In marcia / fermata / arresto;Conducente;M;Rimandato;0;NON DECEDUTO;Non accertato;
5814478;13;08/02/2022 14:25:00;;VIA DELLE GONDOLE;in corrispondenza;;del civico n.;4;;Investimento di pedone;;;;;;;;;;0;0;0;2;12.2795;41.7346;0;;;;Pedone;M;Illeso;0;;;
5814478;13;08/02/2022 14:25:00;;VIA DELLE GONDOLE;in corrispondenza;;del civico n.;4;;Investimento di pedone;;;;;;;;;;0;0;0;2;12.2795;41.7346;0;1;Autovettura privata;In marcia / fermata / arresto;Conducente;F;Illeso;0;;Non accertato;Inesploso