Protocollo;Gruppo;DataOraIncidente;Localizzazione1;STRADA1;Localizzazione2;STRADA2;Strada02;Chilometrica;DaSpecificare;NaturaIncidente;particolaritastrade;TipoStrada;FondoStradale;Pavimentazione;Segnaletica;CondizioneAtmosferica;Traffico;Visibilita;Illuminazione;NUM_FERITI;NUM_RISERVATA;NUM_MORTI;NUM_ILLESI;Longitude;Latitude;Confermato;Progressivo;TipoVeicolo;StatoVeicolo;TipoPersona;Sesso;Tipolesione;Deceduto;DecedutoDopo;CinturaCascoUtilizzato;Airbag;
5815467;16;08/02/2022 12:30:00;Strada Urbana;VIALE ISACCO NEWTON;in corrispondenza;;del civico n.;98;;Tamponamento Multiplo;Rettilineo;Due carreggiate;Asciutto;Asfaltata;Verticale ed orizzontale;Sereno;Normale;Buona;;0;0;0;5;12.4427;41.8481;-1;4;Autovettura privata;In marcia / fermata / arresto;Conducente;M;Illeso;0;;Non accertato;
5815467;16;08/02/2022 12:30:00;Strada Urbana;VIALE ISACCO NEWTON;in corrispondenza;;del civico n.;98;;Tamponamento Multiplo;Rettilineo;Due carreggiate;Asciutto;Asfaltata;Verticale ed orizzontale;Sereno;Normale;Buona;;0;0;0;5;12.4427;41.8481;-1;5;Autocarro inferiore 35 q.;In marcia / fermata / arresto;Conducente;M;Illeso;0;;Non accertato;
5815576;18;09/02/2022 16:25:00;Strada Urbana;VIA AURELIA;in corrispondenza;;del civico n.;273;;Scontro frontale/laterale SX fra veicoli in marcia;Rettilineo;Una carreggiata a doppio senso;Asciutto;Asfaltata;Verticale ed orizzontale;Sereno;Normale;Buona;;1;0;0;1;12.4387;41.8983;-1;1;Autovettura privata;In marcia / fermata / arresto;Conducente;M;Illeso;0;;Non accertato;Inesploso
5815576;18;09/02/2022 16:25:00;Strada Urbana;VIA AURELIA;in corrispondenza;;del civico n.;273;;Scontro frontale/laterale SX fra veicoli in marcia;Rettilineo;Una carreggiata a doppio senso;Asciutto;Asfaltata;Verticale ed orizzontale;Sereno;Normale;Buona;;1;0;0;1;12.4387;41.8983;-1;2;Motociclo a solo;In marcia / fermata / arresto;Conducente;M;Rimandato;0;NON DECEDUTO;Non accertato;
5815597;17;09/02/2022 09:45:00;Strada Urbana;PIAZZA DEL RISORGIMENTO;in prossimità;;del civico n.;46;;Scontro laterale fra veicoli in marcia;Rettilineo;Una carreggiata a senso unico di marcia;Asciutto;Asfaltata;Verticale ed orizzontale;Sereno;Normale;Buona;;0;0;0;2;12.4591;41.9063;-1;1;Autovettura privata;In marcia / fermata / arresto;Conducente;F;Illeso;0;;;
5815597;17;09/02/2022 09:45:00;Strada Urbana;PIAZZA DEL RISORGIMENTO;in prossimità;;del civico n.;46;;Scontro laterale fra veicoli in marcia;Rettilineo;Una carreggiata a senso unico di marcia;Asciutto;Asfaltata;Verticale ed orizzontale;Sereno;Normale;Buona;;0;0;0;2;12.4591;41.9063;-1;2;Autovettura privata;In marcia / fermata / arresto;Conducente;M;Illeso;0;;;
5815604;7;09/02/2022 16:45:00;Strada Urbana;VIA DEL FOSSO DI TOR TRE TESTE;all'intersezione con;VIA MURACCIO DI RISCHIARO;VIA MURACCIO DI RISCHIARO;;;Scontro laterale fra veicoli in marcia;Incrocio;Due carreggiate;Asciutto;Asfaltata;Assente;Sereno;Scarso;Buona;;0;0;0;2;12.6052;41.8867;-1;1;Autovettura privata;In marcia / fermata / arresto;Conducente;M;Illeso;0;;;
5815604;7;09/02/2022 16:45:00;Strada Urbana;VIA DEL FOSSO DI TOR TRE TESTE;all'intersezione con;VIA MURACCIO DI RISCHIARO;VIA MURACCIO DI RISCHIARO;;;Scontro laterale fra veicoli in marcia;Incrocio;Due carreggiate;Asciutto;Asfaltata;Assente;Sereno;Scarso;Buona;;0;0;0;2;12.6052;41.8867;-1;2;Autovettura privata;In marcia / fermata / arresto;Conducente;M;Illeso;0;;;
5815646;16;08/02/2022 09:05:00;Strada Urbana;CIRCONVALLAZIONE GIANICOLENSE;in corrispondenza;;del civico n.;294/A;;Scontro frontale/laterale DX fra veicoli in marcia;Rettilineo;Più di due carreggiate;Asciutto;Asfaltata;Verticale ed orizzontale;Sereno;Normale;Buona;;0;0;0;2;12.4463;41.8753;-1;1;Autovettura privata;In marcia / fermata / arresto;Conducente;M;Illeso;0;;Non accertato;
5815646;16;08/02/2022 09:05:00;Strada Urbana;CIRCONVALLAZIONE GIANICOLENSE;in corrispondenza;;del civico n.;294/A;;Scontro frontale/laterale DX fra veicoli in marcia;Rettilineo;Più di due carreggiate;Asciutto;Asfaltata;Verticale ed orizzontale;Sereno;Normale;Buona;;0;0;0;2;12.4463;41.8753;-1;2;Autovettura privata;In marcia / fermata / arresto;Conducente;F;Illeso;0;;Non accertato;
5815664;16;09/02/2022 08:35:00;Strada Urbana;VIA FELICE CAVALLOTTI;all'intersezione con;VIA FEDERICO TORRE;VIA FEDERICO TORRE;;;Scontro frontale/laterale SX fra veicoli in marcia;Incrocio;Due carreggiate;Asciutto;Asfaltata;Verticale ed orizzontale;Sereno;Normale;Buona;;1;0;0;2;12.4621;41.8792;-1;1;Autovettura privata;In marcia / fermata / arresto;Conducente;M;Rimandato;0;NON DECEDUTO;Non accertato;Inesploso
5815664;16;09/02/2022 08:35:00;Strada Urbana;VIA FELICE CAVALLOTTI;all'intersezione con;VIA FEDERICO TORRE;VIA FEDERICO TORRE;;;Scontro frontale/laterale SX fra veicoli in marcia;Incrocio;Due carreggiate;Asciutto;Asfaltata;Verticale ed orizzontale;Sereno;Normale;Buona;;1;0;0;2;12.4621;41.8792;-1;2;Autovettura privata;In marcia / fermata / arresto;Conducente;F;Illeso;0;;Non accertato;Inesploso
5815664;16;09/02/2022 08:35:00;Strada Urbana;VIA FELICE CAVALLOTTI;all'intersezione con;VIA FEDERICO TORRE;VIA FEDERICO TORRE;;;Scontro frontale/laterale SX fra veicoli in marcia;Incrocio;Due carreggiate;Asciutto;Asfaltata;Verticale ed orizzontale;Sereno;Normale;Buona;;1;0;0;2;12.4621;41.8792;-1;2;Autovettura privata;In marcia / fermata / arresto;Passeggero;F;Illeso;0;;Non accertato;Inesploso
5815664;16;09/02/2022 08:35:00;Strada Urbana;VIA FELICE CAVALLOTTI;all'intersezione con;VIA FEDERICO TORRE;VIA FEDERICO TORRE;;;Scontro frontale/laterale SX fra veicoli in marcia;Incrocio;Due carreggiate;Asciutto;Asfaltata;Verticale ed orizzontale;Sereno;Normale;Buona;;1;0;0;2;12.4621;41.8792;-1;3;Autovettura privata;Sosta;;;;;;;
5815664;16;09/02/2022 08:35:00;Strada Urbana;VIA FELICE CAVALLOTTI;all'intersezione con;VIA FEDERICO TORRE;VIA FEDERICO TORRE;;;Scontro frontale/laterale SX fra veicoli in marcia;Incrocio;Due carreggiate;Asciutto;Asfaltata;Verticale ed orizzontale;Sereno;Normale;Buona;;1;0;0;2;12.4621;41.8792;-1;4;Autovettura privata;Sosta;;;;;;;
5815686;19;09/02/2022 08:20:00;Strada Urbana;VIA BERNARDO DA BIBBIENA;da specificare;;;;Prossimità fronte via Ascalesi;Veicolo in marcia contro veicolo in sosta;Rettilineo;Una carreggiata a senso unico di marcia;Asciutto;Asfaltata;Assente;Sereno;Scarso;Buona;;0;0;0;0;12.4135;41.9166;-1;1;Autovettura privata;Sosta;;;;;;;
5815686;19;09/02/2022 08:20:00;Strada Urbana;VIA BERNARDO DA BIBBIENA;da specificare;;;;Prossimità fronte via Ascalesi;Veicolo in marcia contro veicolo in sosta;Rettilineo;Una carreggiata a senso unico di marcia;Asciutto;Asfaltata;Assente;Sereno;Scarso;Buona;;0;0;0;0;12.4135;41.9166;-1;2;Autovettura privata;In marcia / fermata / arresto;;;;;;;
5815697;18;08/02/2022 15:00:00;Strada Urbana;CIRCONVALLAZIONE AURELIA;all'intersezione con;VIA GIUSEPPE PALOMBINI;VIA GIUSEPPE PALOMBINI;;;Scontro frontale/laterale SX fra veicoli in marcia;Incrocio;Due carreggiate;Asciutto;Asfaltata;Verticale ed orizzontale;Sereno;Normale;Buona;;1;0;0;3;12.4282;41.8971;-1;1;Autovettura privata;In marcia / fermata / arresto;Conducente;F;Illeso;0;;Non accertato;
5815697;18;08/02/2022 15:00:00;Strada Urbana;CIRCONVALLAZIONE AURELIA;all'intersezione con;VIA GIUSEPPE PALOMBINI;VIA GIUSEPPE PALOMBINI;;;Scontro frontale/laterale SX fra veicoli in marcia;Incrocio;Due carreggiate;Asciutto;Asfaltata;Verticale ed orizzontale;Sereno;Normale;Buona;;1;0;0;3;12.4282;41.8971;-1;1;Autovettura privata;In marcia / fermata / arresto;Passeggero;M;Illeso;0;;Non accertato;Inesploso
5815697;18;08/02/2022 15:00:00;Strada Urbana;CIRCONVALLAZIONE AURELIA;all'intersezione con;VIA GIUSEPPE PALOMBINI;VIA GIUSEPPE PALOMBINI;;;Scontro frontale/laterale SX fra veicoli in marcia;Incrocio;Due carreggiate;Asciutto;Asfaltata;Verticale ed orizzontale;Sereno;Normale;Buona;;1;0;0;3;12.4282;41.8971;-1;1;Autovettura privata;In marcia / fermata / arresto;Passeggero;F;Illeso;0;;Non accertato;Inesploso
5815697;18;08/02/2022 15:00:00;Strada Urbana;CIRCONVALLAZIONE AURELIA;all'intersezione con;VIA GIUSEPPE PALOMBINI;VIA GIUSEPPE PALOMBINI;;;Scontro frontale/laterale SX fra veicoli in marcia;Incrocio;Due carreggiate;Asciutto;Asfaltata;Verticale ed orizzontale;Sereno;Normale;Buona;;1;0;0;3;12.4282;41.8971;-1;2;Motociclo a solo;In marcia / fermata / arresto;Conducente;F;Rimandato;0;NON DECEDUTO;Non accertato;
5815709;16;09/02/2022 09:00:00;Strada Urbana;VIALE DI TRASTEVERE;all'intersezione con;VIA CARLO PORTA;VIA CARLO PORTA;;;Scontro laterale fra veicoli in marcia;Intersezione semaforizzata;Una carreggiata a doppio senso;Asciutto;Asfaltata;Verticale;Sereno;Normale;Buona;;0;0;0;2;12.4679;41.8817;-1;1;Autovettura privata;In marcia / fermata / arresto;Conducente;M;Illeso;0;;Non accertato;Inesploso
5815709;16;09/02/2022 09:00:00;Strada Urbana;VIALE DI TRASTEVERE;all'intersezione con;VIA CARLO PORTA;VIA CARLO PORTA;;;Scontro laterale fra veicoli in marcia;Intersezione semaforizzata;Una carreggiata a doppio senso;Asciutto;Asfaltata;Verticale;Sereno;Normale;Buona;;0;0;0;2;12.4679;41.8817;-1;2;Autovettura privata;In marcia / fermata / arresto;Conducente;F;Illeso;0;;Non accertato;Inesploso
5815730;18;08/02/2022 17:05:00;Statale;VIA AURELIA;in corrispondenza;;del civico n.;824;;Tamponamento;Rettilineo;Due carreggiate;Asciutto;Asfaltata;Verticale ed orizzontale;Sereno;Normale;Buona;;0;0;0;2;12.4034;41.8877;-1;1;Autovettura privata;In marcia / fermata / arresto;Conducente;M;Illeso;0;;Non accertato;Inesploso
5815730;18;08/02/2022 17:05:00;Statale;VIA AURELIA;in corrispondenza;;del civico n.;824;;Tamponamento;Rettilineo;Due carreggiate;Asciutto;Asfaltata;Verticale ed orizzontale;Sereno;Normale;Buona;;0;0;0;2;12.4034;41.8877;-1;2;Autobus urbano;In marcia / fermata / arresto;Conducente;M;Illeso;0;;Esente;Inesistente
5815739;16;09/02/2022 11:00:00;;PIAZZETTA DEL BEL RESPIRO;all'intersezione con;VIA VITELLIA;VIA VITELLIA;;;Infortunio per caduta del veicolo;;;;;;;;;;1;0;0;0;12.4411;41.8795;0;1;Motociclo a solo;In marcia / fermata / arresto;Conducente;M;Rimandato;0;NON DECEDUTO;;
5815748;1;09/02/2022 08:50:00;Strada Urbana;VIALE DI PORTA ARDEATINA;all'intersezione con;LARGO GIOVANNI CHIARINI;LARGO GIOVANNI CHIARINI;;;Scontro frontale/laterale DX fra veicoli in marcia;Incrocio;Una carreggiata a doppio senso;Asciutto;Asfaltata;Verticale ed orizzontale;Sereno;Scarso;Buona;;0;0;0;2;12.4897;41.8765;0;1;Autovettura privata;In marcia / fermata / arresto;Conducente;M;Illeso;0;;Non accertato;Inesploso
5815748;1;09/02/2022 08:50:00;Strada Urbana;VIALE DI PORTA ARDEATINA;all'intersezione con;LARGO GIOVANNI CHIARINI;LARGO GIOVANNI CHIARINI;;;Scontro frontale/laterale DX fra veicoli in marcia;Incrocio;Una carreggiata a doppio senso;Asciutto;Asfaltata;Verticale ed orizzontale;Sereno;Scarso;Buona;;0;0;0;2;12.4897;41.8765;0;2;Velocipede;In marcia / fermata / arresto;Conducente;M;Illeso;0;;Esente;
5815752;18;08/02/2022 18:00:00;Strada Urbana;LARGO BEATA TERESA VERZERI;all'intersezione con;VIA GIUSEPPE PIOLTI DE' BIANCHI;VIA GIUSEPPE PIOLTI DE' BIANCHI;;;Scontro frontale/laterale SX fra veicoli in marcia;Intersezione non regolata/non segnalata;Una carreggiata a doppio senso;Asciutto;Asfaltata;Assente;Sereno;Scarso;Sufficiente;;3;0;0;2;12.3949;41.9119;-1;1;Autovettura privata;In marcia / fermata / arresto;Conducente;M;Illeso;0;;Non accertato;Inesploso
5815752;18;08/02/2022 18:00:00;Strada Urbana;LARGO BEATA TERESA VERZERI;all'intersezione con;VIA GIUSEPPE PIOLTI DE' BIANCHI;VIA GIUSEPPE PIOLTI DE' BIANCHI;;;Scontro frontale/laterale SX fra veicoli in marcia;Intersezione non regolata/non segnalata;Una carreggiata a doppio senso;Asciutto;Asfaltata;Assente;Sereno;Scarso;Sufficiente;;3;0;0;2;12.3949;41.9119;-1;1;Autovettura privata;In marcia / fermata / arresto;Passeggero;M;Rimandato;0;NON DECEDUTO;Non accertato;Inesploso
5815752;18;08/02/2022 18:00:00;Strada Urbana;LARGO BEATA TERESA VERZERI;all'intersezione con;VIA GIUSEPPE PIOLTI DE' BIANCHI;VIA GIUSEPPE PIOLTI DE' BIANCHI;;;Scontro frontale/laterale SX fra veicoli in marcia;Intersezione non regolata/non segnalata;Una carreggiata a doppio senso;Asciutto;Asfaltata;Assente;Sereno;Scarso;Sufficiente;;3;0;0;2;12.3949;41.9119;-1;2;Autovettura privata;In marcia / fermata / arresto;Conducente;F;Illeso;0;;;
5815752;18;08/02/2022 18:00:00;Strada Urbana;LARGO BEATA TERESA VERZERI;all'intersezione con;VIA GIUSEPPE PIOLTI DE' BIANCHI;VIA GIUSEPPE PIOLTI DE' BIANCHI;;;Scontro frontale/laterale SX fra veicoli in marcia;Intersezione non regolata/non segnalata;Una carreggiata a doppio senso;Asciutto;Asfaltata;Assente;Sereno;Scarso;Sufficiente;;3;0;0;2;12.3949;41.9119;-1;2;Autovettura privata;In marcia / fermata / arresto;Passeggero;M;Rifiuta cure immediate;0;NON DECEDUTO;Non accertato;Inesploso
5815757;12;09/02/2022 15:10:00;Strada Urbana;VIA DI MEZZOCAMMINO;all'intersezione con;LARGO DELLE PLEIADI;LARGO DELLE PLEIADI;;;Scontro laterale fra veicoli in marcia;Incrocio;Una carreggiata a doppio senso;Asciutto;Asfaltata;Verticale ed orizzontale;Sereno;Normale;Buona;;0;0;0;3;12.4308;41.7848;-1;1;Autovettura privata;In marcia / fermata / arresto;Conducente;M;Illeso;0;;Utilizzato;Inesploso
5815757;12;09/02/2022 15:10:00;Strada Urbana;VIA DI MEZZOCAMMINO;all'intersezione con;LARGO DELLE PLEIADI;LARGO DELLE PLEIADI;;;Scontro laterale fra veicoli in marcia;Incrocio;Una carreggiata a doppio senso;Asciutto;Asfaltata;Verticale ed orizzontale;Sereno;Normale;Buona;;0;0;0;3;12.4308;41.7848;-1;1;Autovettura privata;In marcia / fermata / arresto;Passeggero;F;Illeso;0;;Utilizzato;Inesploso
5815757;12;09/02/2022 15:10:00;Strada Urbana;VIA DI MEZZOCAMMINO;all'intersezione con;LARGO DELLE PLEIADI;LARGO DELLE PLEIADI;;;Scontro laterale fra veicoli in marcia;Incrocio;Una carreggiata a doppio senso;Asciutto;Asfaltata;Verticale ed orizzontale;Sereno;Normale;Buona;;0;0;0;3;12.4308;41.7848;-1;2;Autovettura privata;In marcia / fermata / arresto;Conducente;M;Illeso;0;;Utilizzato;Inesploso
5815761;1;09/02/2022 10:50:00;Strada Urbana;PIAZZA VENEZIA;in prossimità;;del civico n.;15;;Investimento di pedone;Rettilineo;Due carreggiate;Asciutto;In cubetti di porfido;Verticale ed orizzontale;Sereno;Normale;Buona;;1;0;0;1;12.4828;41.896;-1;;;;Pedone;F;Rimandato;0;NON DECEDUTO;;
5815761;1;09/02/2022 10:50:00;Strada Urbana;PIAZZA VENEZIA;in prossimità;;del civico n.;15;;Investimento di pedone;Rettilineo;Due carreggiate;Asciutto;In cubetti di porfido;Verticale ed orizzontale;Sereno;Normale;Buona;;1;0;0;1;12.4828;41.896;-1;1;Motociclo a solo;In marcia / fermata / arresto;Conducente;F;Illeso;0;;Non accertato;
5815767;7;09/02/2022 18:25:00;Strada Urbana;VIA COLLATINA;in corrispondenza;;del civico n.;119;;Scontro frontale/laterale DX fra veicoli in marcia;Rettilineo;Una carreggiata a doppio senso;Asciutto;Asfaltata;Orizzontale;Sereno;Normale;Buona;;1;0;0;1;12.5705;41.9023;-1;1;Motociclo a solo;In marcia / fermata / arresto;Conducente;M;Ricoverato;0;NON DECEDUTO;Non accertato;
5815767;7;09/02/2022 18:25:00;Strada Urbana;VIA COLLATINA;in corrispondenza;;del civico n.;119;;Scontro frontale/laterale DX fra veicoli in marcia;Rettilineo;Una carreggiata a doppio senso;Asciutto;Asfaltata;Orizzontale;Sereno;Normale;Buona;;1;0;0;1;12.5705;41.9023;-1;2;Motociclo a solo;In marcia / fermata / arresto;Conducente;M;Illeso;0;;Non accertato;
5815773;18;09/02/2022 08:40:00;Statale entro l'abitato;VIA AURELIA;in corrispondenza;;del civico n.;660;;Ribaltamento senza urto contro ostacolo fisso;Rettilineo;Due carreggiate;Asciutto;Asfaltata;Verticale ed orizzontale;Sereno;Normale;Buona;;1;0;0;0;12.4164;41.8948;-1;1;Motociclo a solo;In marcia / fermata / arresto;Conducente;M;Rimandato;0;NON DECEDUTO;;
5815783;1;09/02/2022 09:30:00;Strada Urbana;VIA QUINTINO SELLA;in prossimità;;del civico n.;1A;;Veicolo in marcia contro veicolo in sosta;Rettilineo;Una carreggiata a senso unico di marcia;Asciutto;Asfaltata;Verticale ed orizzontale;Sereno;Normale;Buona;;0;0;0;0;12.497;41.9067;-1;1;Autovettura privata;Sosta;;;;;;;
5815783;1;09/02/2022 09:30:00;Strada Urbana;VIA QUINTINO SELLA;in prossimità;;del civico n.;1A;;Veicolo in marcia contro veicolo in sosta;Rettilineo;Una carreggiata a senso unico di marcia;Asciutto;Asfaltata;Verticale ed orizzontale;Sereno;Normale;Buona;;0;0;0;0;12.497;41.9067;-1;2;Autovettura privata;In marcia / fermata / arresto;;;;;;;
5815798;1;09/02/2022 14:30:00;Strada Urbana;VIA DELLE TERME DI TRAIANO;in prossimità;;del civico n.;13;;Veicolo in marcia contro veicolo in sosta;Rotatoria;Una carreggiata a doppio senso;Asciutto;Asfaltata;Verticale ed orizzontale;Sereno;Scarso;Buona;;1;0;0;1;12.4984;41.8927;-1;1;Ciclomotore con passeggero;In marcia / fermata / arresto;Conducente;M;Illeso;0;;Non accertato;
5815798;1;09/02/2022 14:30:00;Strada Urbana;VIA DELLE TERME DI TRAIANO;in prossimità;;del civico n.;13;;Veicolo in marcia contro veicolo in sosta;Rotatoria;Una carreggiata a doppio senso;Asciutto;Asfaltata;Verticale ed orizzontale;Sereno;Scarso;Buona;;1;0;0;1;12.4984;41.8927;-1;1;Ciclomotore con passeggero;In marcia / fermata / arresto;Passeggero;M;Rifiuta cure immediate;0;NON DECEDUTO;Non accertato;
5815798;1;09/02/2022 14:30:00;Strada Urbana;VIA DELLE TERME DI TRAIANO;in prossimità;;del civico n.;13;;Veicolo in marcia contro veicolo in sosta;Rotatoria;Una carreggiata a doppio senso;Asciutto;Asfaltata;Verticale ed orizzontale;Sereno;Scarso;Buona;;1;0;0;1;12.4984;41.8927;-1;2;Autovettura privata;Sosta;;;;;;;
5815809;1;09/02/2022 16:25:00;Strada Urbana;LUNGOTEVERE TOR DI NONA;in prossimità;;del civico n.;6;;Scontro laterale fra veicoli in marcia;Rettilineo;Una carreggiata a senso unico di marcia;Asciutto;Asfaltata;Verticale ed orizzontale;Sereno;Intenso;Buona;;2;0;0;2;12.4713;41.902;-1;1;Autovettura privata;In marcia / fermata / arresto;Conducente;M;Illeso;0;;Non accertato;Inesploso
5815809;1;09/02/2022 16:25:00;Strada Urbana;LUNGOTEVERE TOR DI NONA;in prossimità;;del civico n.;6;;Scontro laterale fra veicoli in marcia;Rettilineo;Una carreggiata a senso unico di marcia;Asciutto;Asfaltata;Verticale ed orizzontale;Sereno;Intenso;Buona;;2;0;0;2;12.4713;41.902;-1;2;Motociclo a solo;In marcia / fermata / arresto;Conducente;M;Rifiuta cure immediate;0;NON DECEDUTO;;
5815809;1;09/02/2022 16:25:00;Strada Urbana;LUNGOTEVERE TOR DI NONA;in prossimità;;del civico n.;6;;Scontro laterale fra veicoli in marcia;Rettilineo;Una carreggiata a senso unico di marcia;Asciutto;Asfaltata;Verticale ed orizzontale;Sereno;Intenso;Buona;;2;0;0;2;12.4713;41.902;-1;2;Motociclo a solo;In marcia / fermata / arresto;Passeggero;F;Rimandato;0;NON DECEDUTO;Non accertato;
5815809;1;09/02/2022 16:25:00;Strada Urbana;LUNGOTEVERE TOR DI NONA;in prossimità;;del civico n.;6;;Scontro laterale fra veicoli in marcia;Rettilineo;Una carreggiata a senso unico di marcia;Asciutto;Asfaltata;Verticale ed orizzontale;Sereno;Intenso;Buona;;2;0;0;2;12.4713;41.902;-1;3;Autovettura privata;In marcia / fermata / arresto;Conducente;F;Illeso;0;;;
5815814;16;09/02/2022 12:10:00;Strada Urbana;VIA PASQUALE REVOLTELLA;all'intersezione con;VIA DAMASO CERQUETTI;VIA DAMASO CERQUETTI;;;Investimento di pedone;Incrocio;Una carreggiata a senso unico di marcia;Asciutto;Asfaltata;Assente;Sereno;Normale;Buona;;1;0;0;1;12.4529;41.8738;-1;;;;Pedone;M;Rimandato;0;NON DECEDUTO;;
5815814;16;09/02/2022 12:10:00;Strada Urbana;VIA PASQUALE REVOLTELLA;all'intersezione con;VIA DAMASO CERQUETTI;VIA DAMASO CERQUETTI;;;Investimento di pedone;Incrocio;Una carreggiata a senso unico di marcia;Asciutto;Asfaltata;Assente;Sereno;Normale;Buona;;1;0;0;1;12.4529;41.8738;-1;1;Autovettura privata;In marcia / fermata / arresto;Conducente;F;Illeso;0;;Non accertato;Inesploso
5815820;5;09/02/2022 07:50:00;Strada Urbana;VIA DEL CASALE DI S. BASILIO;all'intersezione con;VIA S. GIUSEPPE CAFASSO;VIA S. GIUSEPPE CAFASSO;;;Scontro frontale/laterale SX fra veicoli in marcia;Incrocio;Una carreggiata a senso unico di marcia;Asciutto;Asfaltata;Verticale ed orizzontale;Sereno;Normale;Buona;;1;0;0;2;12.5813;41.9368;-1;1;Autovettura privata;In marcia / fermata / arresto;Conducente;F;Illeso;0;;Non accertato;
5815820;5;09/02/2022 07:50:00;Strada Urbana;VIA DEL CASALE DI S. BASILIO;all'intersezione con;VIA S. GIUSEPPE CAFASSO;VIA S. GIUSEPPE CAFASSO;;;Scontro frontale/laterale SX fra veicoli in marcia;Incrocio;Una carreggiata a senso unico di marcia;Asciutto;Asfaltata;Verticale ed orizzontale;Sereno;Normale;Buona;;1;0;0;2;12.5813;41.9368;-1;1;Autovettura privata;In marcia / fermata / arresto;Passeggero;M;Illeso;0;;Non accertato;
5815820;5;09/02/2022 07:50:00;Strada Urbana;VIA DEL CASALE DI S. BASILIO;all'intersezione con;VIA S. GIUSEPPE CAFASSO;VIA S. GIUSEPPE CAFASSO;;;Scontro frontale/laterale SX fra veicoli in marcia;Incrocio;Una carreggiata a senso unico di marcia;Asciutto;Asfaltata;Verticale ed orizzontale;Sereno;Normale;Buona;;1;0;0;2;12.5813;41.9368;-1;2;Motociclo a solo;In marcia / fermata / arresto;Conducente;F;Rimandato;0;NON DECEDUTO;;
5815825;5;09/02/2022 08:00:00;Strada Urbana;VIA TIBURTINA;in prossimità;;del civico n.;1051;;Scontro laterale fra veicoli in marcia;Rettilineo;Due carreggiate;Asciutto;Asfaltata;Verticale ed orizzontale;Sereno;Intenso;Buona;;0;0;0;2;12.5827;41.9324;-1;1;Autovettura privata;In marcia / fermata / arresto;Conducente;F;Illeso;0;;Non accertato;Inesploso
5815825;5;09/02/2022 08:00:00;Strada Urbana;VIA TIBURTINA;in prossimità;;del civico n.;1051;;Scontro laterale fra veicoli in marcia;Rettilineo;Due carreggiate;Asciutto;Asfaltata;Verticale ed orizzontale;Sereno;Intenso;Buona;;0;0;0;2;12.5827;41.9324;-1;2;Autocarro superiore 35 q.;In marcia / fermata / arresto;Conducente;M;Illeso;0;;Non accertato;
5815831;5;09/02/2022 08:50:00;Strada Urbana;VIA DI PORTONACCIO;da specificare;;;;altezza Via Partini;Infortunio per sola frenata improvvisa;Rettilineo;Una carreggiata a doppio senso;Asciutto;Asfaltata;Verticale ed orizzontale;Sereno;Normale;Buona;;1;0;0;0;12.536;41.9045;-1;1;Motociclo a solo;In marcia / fermata / arresto;Conducente;M;Rimandato;0;NON DECEDUTO;Non accertato;
5815832;5;09/02/2022 12:05:00;Strada Urbana;VIA TIBURTINA;in corrispondenza;;del civico n.;576;;Tamponamento;Rettilineo;Una carreggiata a senso unico di marcia;Asciutto;Asfaltata;Verticale ed orizzontale;Sereno;Intenso;Buona;;0;0;0;2;12.5436;41.9085;-1;1;Autovettura privata;In marcia / fermata / arresto;Conducente;M;Illeso;0;;Non accertato;
5815832;5;09/02/2022 12:05:00;Strada Urbana;VIA TIBURTINA;in corrispondenza;;del civico n.;576;;Tamponamento;Rettilineo;Una carreggiata a senso unico di marcia;Asciutto;Asfaltata;Verticale ed orizzontale;Sereno;Intenso;Buona;;0;0;0;2;12.5436;41.9085;-1;2;Autocarro inferiore 35 q.;In marcia / fermata / arresto;Conducente;M;Illeso;0;;;
5815833;5;09/02/2022 14:15:00;Strada Urbana;VIA RUBELLIA;all'intersezione con;VIA DI CASAL BIANCO;VIA DI CASAL BIANCO;;;Scontro frontale/laterale DX fra veicoli in marcia;Incrocio;Una carreggiata a doppio senso;Asciutto;Asfaltata;Verticale ed orizzontale;Sereno;Normale;Buona;;0;0;0;2;12.6236;41.939;-1;1;Autovettura privata;In marcia / fermata / arresto;Conducente;F;Illeso;0;;Non accertato;
5815833;5;09/02/2022 14:15:00;Strada Urbana;VIA RUBELLIA;all'intersezione con;VIA DI CASAL BIANCO;VIA DI CASAL BIANCO;;;Scontro frontale/laterale DX fra veicoli in marcia;Incrocio;Una carreggiata a doppio senso;Asciutto;Asfaltata;Verticale ed orizzontale;Sereno;Normale;Buona;;0;0;0;2;12.6236;41.939;-1;2;Autovettura privata;In marcia / fermata / arresto;Conducente;F;Illeso;0;;Non accertato;
5815836;1;09/02/2022 16:30:00;Strada Urbana;PIAZZA DI PORTA CAPENA;all'intersezione con;VIA DI S. GREGORIO;VIA DI S. GREGORIO;;;Veicolo in marcia contro ostacolo fisso;Intersezione stradale segnalata;Una carreggiata a doppio senso;Asciutto;Asfaltata;Verticale ed orizzontale;Sereno;Normale;Buona;;0;0;0;1;12.4893;41.8848;0;1;Autovettura privata;In marcia / fermata / arresto;Conducente;M;Illeso;0;;Non accertato;Inesploso
5816022;11;09/02/2022 08:00:00;Strada Urbana;VIALE MOLIERE;in corrispondenza;;del civico n.;40;;Veicolo in marcia che urta buche nella carreggiata;Rettilineo;Due carreggiate;Asciutto;Asfaltata;Verticale ed orizzontale;Sereno;Scarso;Buona;;1;0;0;0;12.5057;41.8399;-1;1;Motociclo a solo;In marcia / fermata / arresto;Conducente;M;Rifiuta cure immediate;0;NON DECEDUTO;Utilizzato;