Protocollo;Gruppo;DataOraIncidente;Localizzazione1;STRADA1;Localizzazione2;STRADA2;Strada02;Chilometrica;DaSpecificare;NaturaIncidente;particolaritastrade;TipoStrada;FondoStradale;Pavimentazione;Segnaletica;CondizioneAtmosferica;Traffico;Visibilita;Illuminazione;NUM_FERITI;NUM_RISERVATA;NUM_MORTI;NUM_ILLESI;Longitude;Latitude;Confermato;Progressivo;TipoVeicolo;StatoVeicolo;TipoPersona;Sesso;Tipolesione;Deceduto;DecedutoDopo;CinturaCascoUtilizzato;Airbag;
5817873;20;11/02/2022 01:30:00;Strada Urbana;LUNGOTEVERE MARESCIALLO DIAZ;all'intersezione con;VIALE PAOLO BOSELLI;VIALE PAOLO BOSELLI;;;Tamponamento;Incrocio;Due carreggiate;Asciutto;Asfaltata;Verticale ed orizzontale;Sereno;Scarso;Buona;;0;0;0;2;12.462;41.9339;-1;1;Autovettura privata;In marcia / fermata / arresto;Conducente;M;Illeso;0;;;
5817873;20;11/02/2022 01:30:00;Strada Urbana;LUNGOTEVERE MARESCIALLO DIAZ;all'intersezione con;VIALE PAOLO BOSELLI;VIALE PAOLO BOSELLI;;;Tamponamento;Incrocio;Due carreggiate;Asciutto;Asfaltata;Verticale ed orizzontale;Sereno;Scarso;Buona;;0;0;0;2;12.462;41.9339;-1;2;Autovettura privata;In marcia / fermata / arresto;Conducente;F;Illeso;0;;;
5817876;8;10/02/2022 13:25:00;Strada Urbana;VIA ENRICO GIGLIOLI;all'intersezione con;VIA GIUSEPPE GINANNI;VIA GIUSEPPE GINANNI;;;Scontro frontale/laterale SX fra veicoli in marcia;Incrocio;Una carreggiata a doppio senso;Asciutto;Asfaltata;Verticale ed orizzontale;Sereno;Scarso;Buona;;0;0;0;2;12.5981;41.8694;-1;1;Autovettura privata;In marcia / fermata / arresto;Conducente;F;Illeso;0;;;
5817876;8;10/02/2022 13:25:00;Strada Urbana;VIA ENRICO GIGLIOLI;all'intersezione con;VIA GIUSEPPE GINANNI;VIA GIUSEPPE GINANNI;;;Scontro frontale/laterale SX fra veicoli in marcia;Incrocio;Una carreggiata a doppio senso;Asciutto;Asfaltata;Verticale ed orizzontale;Sereno;Scarso;Buona;;0;0;0;2;12.5981;41.8694;-1;2;Autovettura privata;In marcia / fermata / arresto;Conducente;M;Illeso;0;;;
5817882;8;10/02/2022 13:25:00;Strada Urbana;VIA CASILINA;all'intersezione con;VIA SERRADIFALCO;VIA SERRADIFALCO;;;Scontro frontale/laterale SX fra veicoli in marcia;Incrocio;Una carreggiata a doppio senso;Asciutto;Asfaltata;Verticale ed orizzontale;Sereno;Normale;Sufficiente;;0;0;0;2;12.6915;41.8637;-1;1;Autovettura privata;In marcia / fermata / arresto;Conducente;M;Illeso;0;;Non accertato;Inesploso
5817882;8;10/02/2022 13:25:00;Strada Urbana;VIA CASILINA;all'intersezione con;VIA SERRADIFALCO;VIA SERRADIFALCO;;;Scontro frontale/laterale SX fra veicoli in marcia;Incrocio;Una carreggiata a doppio senso;Asciutto;Asfaltata;Verticale ed orizzontale;Sereno;Normale;Sufficiente;;0;0;0;2;12.6915;41.8637;-1;2;Autovettura privata;In marcia / fermata / arresto;Conducente;M;Illeso;0;;Non accertato;Inesploso
5817883;19;10/02/2022 19:00:00;Strada Urbana;VIA DELLA BALDUINA;in corrispondenza;;del civico n.;120;;Veicolo in marcia contro veicoli in sosta;Rettilineo;Una carreggiata a doppio senso;Asciutto;Asfaltata;Orizzontale;Sereno;Normale;Buona;;0;0;0;0;12.4407;41.9206;-1;1;Autocarro inferiore 35 q.;Sosta;;;;;;;
5817883;19;10/02/2022 19:00:00;Strada Urbana;VIA DELLA BALDUINA;in corrispondenza;;del civico n.;120;;Veicolo in marcia contro veicoli in sosta;Rettilineo;Una carreggiata a doppio senso;Asciutto;Asfaltata;Orizzontale;Sereno;Normale;Buona;;0;0;0;0;12.4407;41.9206;-1;2;Autovettura privata;Sosta;;;;;;;
5817885;8;10/02/2022 17:55:00;Strada Urbana;VIA SAN BIAGIO PLATANI;in prossimità;;del civico n.;314;;Investimento di pedone;Rettilineo;Una carreggiata a doppio senso;Asciutto;Asfaltata;Verticale ed orizzontale;Sereno;Intenso;Buona;;1;0;0;1;12.6446;41.875;-1;;;;Pedone;M;Rimandato;0;NON DECEDUTO;;
5817885;8;10/02/2022 17:55:00;Strada Urbana;VIA SAN BIAGIO PLATANI;in prossimità;;del civico n.;314;;Investimento di pedone;Rettilineo;Una carreggiata a doppio senso;Asciutto;Asfaltata;Verticale ed orizzontale;Sereno;Intenso;Buona;;1;0;0;1;12.6446;41.875;-1;1;Autovettura privata;In marcia / fermata / arresto;Conducente;F;Illeso;0;;;
5817889;8;10/02/2022 10:40:00;Strada Urbana;VIA CISTERNINO;in corrispondenza;;del civico n.;41/45;;Veicolo in marcia contro ostacolo fisso;Curva senza visuale libera;Una carreggiata a doppio senso;Asciutto;Asfaltata;Assente;Sereno;Normale;Buona;;0;0;0;1;12.6152;41.883;-1;1;Autoarticolato;In marcia / fermata / arresto;Conducente;M;Illeso;0;;Non accertato;Inesploso
5817900;18;10/02/2022 19:10:00;Strada Urbana;PIAZZA IRNERIO;all'intersezione con;VIA BALDO DEGLI UBALDI;VIA BALDO DEGLI UBALDI;;;Scontro frontale fra veicoli in marcia;Intersezione semaforizzata;Due carreggiate;Asciutto;Asfaltata;Verticale ed orizzontale;Nuvoloso;Normale;Buona;;0;0;0;2;12.4298;41.8984;0;1;Motociclo a solo;In marcia / fermata / arresto;Conducente;M;Illeso;0;;Non accertato;
5817900;18;10/02/2022 19:10:00;Strada Urbana;PIAZZA IRNERIO;all'intersezione con;VIA BALDO DEGLI UBALDI;VIA BALDO DEGLI UBALDI;;;Scontro frontale fra veicoli in marcia;Intersezione semaforizzata;Due carreggiate;Asciutto;Asfaltata;Verticale ed orizzontale;Nuvoloso;Normale;Buona;;0;0;0;2;12.4298;41.8984;0;2;Autovettura privata;In marcia / fermata / arresto;Conducente;F;Illeso;0;;Non accertato;Inesploso
5817904;10;10/02/2022 15:00:00;Strada Urbana;VIA CALPURNIO FIAMMA;all'intersezione semaforizzata con;VIALE S. GIOVANNI BOSCO;VIALE S. GIOVANNI BOSCO;;;Scontro laterale fra veicoli in marcia;Intersezione semaforizzata;Due carreggiate;Asciutto;Asfaltata;Verticale ed orizzontale;Sereno;Normale;Buona;;1;0;0;1;12.5609;41.8608;-1;1;Motociclo con passeggero;In marcia / fermata / arresto;Conducente;M;Rimandato;0;NON DECEDUTO;Non accertato;
5817904;10;10/02/2022 15:00:00;Strada Urbana;VIA CALPURNIO FIAMMA;all'intersezione semaforizzata con;VIALE S. GIOVANNI BOSCO;VIALE S. GIOVANNI BOSCO;;;Scontro laterale fra veicoli in marcia;Intersezione semaforizzata;Due carreggiate;Asciutto;Asfaltata;Verticale ed orizzontale;Sereno;Normale;Buona;;1;0;0;1;12.5609;41.8608;-1;2;Autovettura privata;In marcia / fermata / arresto;Conducente;M;Illeso;0;;Non accertato;Inesploso
5817924;10;11/02/2022 00:45:00;Strada Urbana;VIALE BRUNO PELIZZI;all'intersezione semaforizzata con;VIA DI TORRE SPACCATA;VIA DI TORRE SPACCATA;;;Scontro frontale/laterale SX fra veicoli in marcia;Intersezione semaforizzata;Due carreggiate;Asciutto;Asfaltata;Verticale ed orizzontale;Sereno;Scarso;Buona;;1;0;0;1;12.5838;41.8553;-1;1;Autovettura privata;In marcia / fermata / arresto;Conducente;F;Rimandato;0;NON DECEDUTO;Non accertato;Inesploso
5817924;10;11/02/2022 00:45:00;Strada Urbana;VIALE BRUNO PELIZZI;all'intersezione semaforizzata con;VIA DI TORRE SPACCATA;VIA DI TORRE SPACCATA;;;Scontro frontale/laterale SX fra veicoli in marcia;Intersezione semaforizzata;Due carreggiate;Asciutto;Asfaltata;Verticale ed orizzontale;Sereno;Scarso;Buona;;1;0;0;1;12.5838;41.8553;-1;2;Autovettura privata;In marcia / fermata / arresto;Conducente;M;Illeso;0;;Non accertato;Inesploso
5817936;2;10/02/2022 19:15:00;Strada Urbana;VIA GUIDUBALDO DEL MONTE;in corrispondenza;;del civico n.;39;;Veicolo in marcia contro veicoli in sosta;Rettilineo;Una carreggiata a senso unico di marcia;Asciutto;Asfaltata;Verticale ed orizzontale;Sereno;Normale;Buona;;0;0;0;1;12.4786;41.9282;-1;1;Autovettura privata;In marcia / fermata / arresto;Conducente;M;Illeso;0;;;
5817936;2;10/02/2022 19:15:00;Strada Urbana;VIA GUIDUBALDO DEL MONTE;in corrispondenza;;del civico n.;39;;Veicolo in marcia contro veicoli in sosta;Rettilineo;Una carreggiata a senso unico di marcia;Asciutto;Asfaltata;Verticale ed orizzontale;Sereno;Normale;Buona;;0;0;0;1;12.4786;41.9282;-1;2;Autovettura privata;Sosta;;;;;;;
5817936;2;10/02/2022 19:15:00;Strada Urbana;VIA GUIDUBALDO DEL MONTE;in corrispondenza;;del civico n.;39;;Veicolo in marcia contro veicoli in sosta;Rettilineo;Una carreggiata a senso unico di marcia;Asciutto;Asfaltata;Verticale ed orizzontale;Sereno;Normale;Buona;;0;0;0;1;12.4786;41.9282;-1;3;Autovettura privata;Sosta;;;;;;;
5817946;1;10/02/2022 12:05:00;Strada Urbana;LUNGOTEVERE DEI VALLATI;in prossimità;;del civico n.;23;;Veicolo in marcia contro veicoli in sosta;Curva a visuale libera;Una carreggiata a senso unico di marcia;Asciutto;Asfaltata;Verticale ed orizzontale;Sereno;Normale;Buona;;1;0;0;2;12.4736;41.8919;-1;1;Autovettura privata;In marcia / fermata / arresto;Conducente;M;Illeso;0;;;
5817946;1;10/02/2022 12:05:00;Strada Urbana;LUNGOTEVERE DEI VALLATI;in prossimità;;del civico n.;23;;Veicolo in marcia contro veicoli in sosta;Curva a visuale libera;Una carreggiata a senso unico di marcia;Asciutto;Asfaltata;Verticale ed orizzontale;Sereno;Normale;Buona;;1;0;0;2;12.4736;41.8919;-1;2;Autovettura privata;In marcia / fermata / arresto;Conducente;M;Illeso;0;;;
5817946;1;10/02/2022 12:05:00;Strada Urbana;LUNGOTEVERE DEI VALLATI;in prossimità;;del civico n.;23;;Veicolo in marcia contro veicoli in sosta;Curva a visuale libera;Una carreggiata a senso unico di marcia;Asciutto;Asfaltata;Verticale ed orizzontale;Sereno;Normale;Buona;;1;0;0;2;12.4736;41.8919;-1;2;Autovettura privata;In marcia / fermata / arresto;Passeggero;F;Rimandato;0;NON DECEDUTO;;
5817946;1;10/02/2022 12:05:00;Strada Urbana;LUNGOTEVERE DEI VALLATI;in prossimità;;del civico n.;23;;Veicolo in marcia contro veicoli in sosta;Curva a visuale libera;Una carreggiata a senso unico di marcia;Asciutto;Asfaltata;Verticale ed orizzontale;Sereno;Normale;Buona;;1;0;0;2;12.4736;41.8919;-1;3;Autovettura privata;Sosta;;;;;;;
5817946;1;10/02/2022 12:05:00;Strada Urbana;LUNGOTEVERE DEI VALLATI;in prossimità;;del civico n.;23;;Veicolo in marcia contro veicoli in sosta;Curva a visuale libera;Una carreggiata a senso unico di marcia;Asciutto;Asfaltata;Verticale ed orizzontale;Sereno;Normale;Buona;;1;0;0;2;12.4736;41.8919;-1;4;Autovettura privata;Sosta;;;;;;;
5817946;1;10/02/2022 12:05:00;Strada Urbana;LUNGOTEVERE DEI VALLATI;in prossimità;;del civico n.;23;;Veicolo in marcia contro veicoli in sosta;Curva a visuale libera;Una carreggiata a senso unico di marcia;Asciutto;Asfaltata;Verticale ed orizzontale;Sereno;Normale;Buona;;1;0;0;2;12.4736;41.8919;-1;5;Autovettura privata;Sosta;;;;;;;
5817956;19;10/02/2022 15:15:00;Strada Urbana;VIA DELLA PINETA SACCHETTI;all'intersezione con;VIA LUIGI ARBIB PASCUCCI;VIA LUIGI ARBIB PASCUCCI;;;Scontro laterale fra veicoli in marcia;Intersezione semaforizzata;Una carreggiata a senso unico di marcia;Asciutto;Asfaltata;Verticale ed orizzontale;Sereno;Normale;Buona;;1;0;0;1;12.425;41.924;-1;1;Autovettura privata;In marcia / fermata / arresto;Conducente;M;Illeso;0;;Non accertato;Inesploso
5817956;19;10/02/2022 15:15:00;Strada Urbana;VIA DELLA PINETA SACCHETTI;all'intersezione con;VIA LUIGI ARBIB PASCUCCI;VIA LUIGI ARBIB PASCUCCI;;;Scontro laterale fra veicoli in marcia;Intersezione semaforizzata;Una carreggiata a senso unico di marcia;Asciutto;Asfaltata;Verticale ed orizzontale;Sereno;Normale;Buona;;1;0;0;1;12.425;41.924;-1;2;Motociclo a solo;In marcia / fermata / arresto;Conducente;M;Rifiuta cure immediate;0;NON DECEDUTO;Non accertato;
5817965;4;10/02/2022 11:15:00;Strada Urbana;VIA CIMONE;in prossimità;;del civico n.;32;;Scontro frontale fra veicoli in marcia;Rettilineo;Una carreggiata a senso unico di marcia;Asciutto;Asfaltata;Verticale ed orizzontale;Sereno;Normale;Buona;;0;0;0;3;12.5369;41.9338;-1;1;Autovettura privata;In marcia / fermata / arresto;Conducente;F;Illeso;0;;;
5817965;4;10/02/2022 11:15:00;Strada Urbana;VIA CIMONE;in prossimità;;del civico n.;32;;Scontro frontale fra veicoli in marcia;Rettilineo;Una carreggiata a senso unico di marcia;Asciutto;Asfaltata;Verticale ed orizzontale;Sereno;Normale;Buona;;0;0;0;3;12.5369;41.9338;-1;1;Autovettura privata;In marcia / fermata / arresto;Passeggero;F;Illeso;0;;;
5817965;4;10/02/2022 11:15:00;Strada Urbana;VIA CIMONE;in prossimità;;del civico n.;32;;Scontro frontale fra veicoli in marcia;Rettilineo;Una carreggiata a senso unico di marcia;Asciutto;Asfaltata;Verticale ed orizzontale;Sereno;Normale;Buona;;0;0;0;3;12.5369;41.9338;-1;2;Autovettura privata;In marcia / fermata / arresto;Conducente;M;Illeso;0;;;
5817994;1;10/02/2022 21:10:00;Strada Urbana;LUNGOTEVERE RIPA;in corrispondenza;;del civico n.;3;;Scontro laterale fra veicoli in marcia;Rettilineo;Una carreggiata a senso unico di marcia;Asciutto;Asfaltata;Verticale ed orizzontale;Sereno;Normale;Sufficiente;;0;0;0;3;12.4785;41.8874;-1;1;Autovettura privata;In marcia / fermata / arresto;Conducente;F;Illeso;0;;;
5817994;1;10/02/2022 21:10:00;Strada Urbana;LUNGOTEVERE RIPA;in corrispondenza;;del civico n.;3;;Scontro laterale fra veicoli in marcia;Rettilineo;Una carreggiata a senso unico di marcia;Asciutto;Asfaltata;Verticale ed orizzontale;Sereno;Normale;Sufficiente;;0;0;0;3;12.4785;41.8874;-1;2;Autovettura privata;In marcia / fermata / arresto;Conducente;M;Illeso;0;;;
5817994;1;10/02/2022 21:10:00;Strada Urbana;LUNGOTEVERE RIPA;in corrispondenza;;del civico n.;3;;Scontro laterale fra veicoli in marcia;Rettilineo;Una carreggiata a senso unico di marcia;Asciutto;Asfaltata;Verticale ed orizzontale;Sereno;Normale;Sufficiente;;0;0;0;3;12.4785;41.8874;-1;2;Autovettura privata;In marcia / fermata / arresto;Passeggero;F;Illeso;0;;;
5818003;19;10/02/2022 15:00:00;Strada Urbana;VIA DI SELVA CANDIDA;in prossimità;;del civico n.;362;;Scontro laterale fra veicoli in marcia;Rettilineo;Una carreggiata a doppio senso;Asciutto;Asfaltata;Orizzontale;Sereno;Normale;Buona;;0;0;0;2;12.3785;41.938;-1;1;Autovettura privata;In marcia / fermata / arresto;Conducente;M;Illeso;0;;Non accertato;Inesploso
5818003;19;10/02/2022 15:00:00;Strada Urbana;VIA DI SELVA CANDIDA;in prossimità;;del civico n.;362;;Scontro laterale fra veicoli in marcia;Rettilineo;Una carreggiata a doppio senso;Asciutto;Asfaltata;Orizzontale;Sereno;Normale;Buona;;0;0;0;2;12.3785;41.938;-1;2;Autovettura privata;In marcia / fermata / arresto;Conducente;M;Illeso;0;;Non accertato;Inesploso
5818006;13;10/02/2022 21:10:00;;VIALE DEI ROMAGNOLI;all'intersezione con;VIA DELLA CANAPA;VIA DELLA CANAPA;;;Scontro frontale/laterale DX fra veicoli in marcia;;;;;;;;;;0;0;0;2;;;0;1;Autovettura privata;In marcia / fermata / arresto;Conducente;M;Illeso;0;;;
5818006;13;10/02/2022 21:10:00;;VIALE DEI ROMAGNOLI;all'intersezione con;VIA DELLA CANAPA;VIA DELLA CANAPA;;;Scontro frontale/laterale DX fra veicoli in marcia;;;;;;;;;;0;0;0;2;;;0;2;Autovettura privata;In marcia / fermata / arresto;Conducente;M;Illeso;0;;;
5818014;4;10/02/2022 07:30:00;Strada Urbana;VIA CAMERATA PICENA;in corrispondenza;;del civico n.;307;;Veicolo in marcia contro veicolo in sosta;Rettilineo;Una carreggiata a doppio senso;Asciutto;Asfaltata;Verticale ed orizzontale;Sereno;Normale;Buona;;0;0;0;0;12.5138;41.9867;-1;1;Autovettura privata;Sosta;;;;;;;
5818014;4;10/02/2022 07:30:00;Strada Urbana;VIA CAMERATA PICENA;in corrispondenza;;del civico n.;307;;Veicolo in marcia contro veicolo in sosta;Rettilineo;Una carreggiata a doppio senso;Asciutto;Asfaltata;Verticale ed orizzontale;Sereno;Normale;Buona;;0;0;0;0;12.5138;41.9867;-1;2;Autocarro inferiore 35 q.;Allontanatosi;;;;;;;
5818019;4;10/02/2022 13:05:00;Strada Urbana;VIA MAIELLA;in prossimità;;del civico n.;19;;Veicolo in marcia contro ostacolo accidentale;Rettilineo;Una carreggiata a senso unico di marcia;Asciutto;Asfaltata;Verticale ed orizzontale;Sereno;Normale;Buona;;0;0;0;1;12.5351;41.935;-1;1;Motociclo a solo;In marcia / fermata / arresto;Conducente;M;Illeso;0;;Non accertato;
5818022;7;11/02/2022 00:30:00;Strada Urbana;VIA GIOVANNI GUSSONE;in corrispondenza;;del civico n.;38;;Veicolo in marcia contro veicoli in sosta;Curva a visuale libera;Una carreggiata a senso unico di marcia;Asciutto;Asfaltata;Orizzontale;Sereno;Scarso;Sufficiente;;0;0;0;1;12.5629;41.8926;-1;1;Autovettura privata;Sosta;;;;;;;
5818022;7;11/02/2022 00:30:00;Strada Urbana;VIA GIOVANNI GUSSONE;in corrispondenza;;del civico n.;38;;Veicolo in marcia contro veicoli in sosta;Curva a visuale libera;Una carreggiata a senso unico di marcia;Asciutto;Asfaltata;Orizzontale;Sereno;Scarso;Sufficiente;;0;0;0;1;12.5629;41.8926;-1;2;Autovettura privata;In marcia / fermata / arresto;Conducente;M;Illeso;0;;Non accertato;Inesploso
5818022;7;11/02/2022 00:30:00;Strada Urbana;VIA GIOVANNI GUSSONE;in corrispondenza;;del civico n.;38;;Veicolo in marcia contro veicoli in sosta;Curva a visuale libera;Una carreggiata a senso unico di marcia;Asciutto;Asfaltata;Orizzontale;Sereno;Scarso;Sufficiente;;0;0;0;1;12.5629;41.8926;-1;3;Autovettura privata;Sosta;;;;;;;
5818022;7;11/02/2022 00:30:00;Strada Urbana;VIA GIOVANNI GUSSONE;in corrispondenza;;del civico n.;38;;Veicolo in marcia contro veicoli in sosta;Curva a visuale libera;Una carreggiata a senso unico di marcia;Asciutto;Asfaltata;Orizzontale;Sereno;Scarso;Sufficiente;;0;0;0;1;12.5629;41.8926;-1;4;Autovettura privata;Sosta;;;;;;;
5818045;13;10/02/2022 17:15:00;Strada Urbana;VIA FIUMALBO;da specificare;;;;PROSS. VIA OSTIENSE;Veicolo in marcia contro ostacolo fisso;Rettilineo;Una carreggiata a doppio senso;Asciutto;Asfaltata;Verticale ed orizzontale;Sereno;Normale;Buona;;0;0;0;1;12.3947;41.7937;-1;1;Autovettura privata;In marcia / fermata / arresto;Conducente;M;Illeso;0;;Non accertato;Inesploso
5818062;17;10/02/2022 09:30:00;Strada Urbana;VIALE GIULIO CESARE;in corrispondenza;;del civico n.;47;;Investimento di pedone;Rettilineo;Più di due carreggiate;Asciutto;Asfaltata;Verticale ed orizzontale;Sereno;Normale;Buona;;2;0;0;1;12.4654;41.9108;-1;;;;Pedone;F;Rimandato;0;NON DECEDUTO;;
5818062;17;10/02/2022 09:30:00;Strada Urbana;VIALE GIULIO CESARE;in corrispondenza;;del civico n.;47;;Investimento di pedone;Rettilineo;Più di due carreggiate;Asciutto;Asfaltata;Verticale ed orizzontale;Sereno;Normale;Buona;;2;0;0;1;12.4654;41.9108;-1;1;Motociclo a solo;In marcia / fermata / arresto;Conducente;M;Rimandato;0;NON DECEDUTO;Non accertato;
5818062;17;10/02/2022 09:30:00;Strada Urbana;VIALE GIULIO CESARE;in corrispondenza;;del civico n.;47;;Investimento di pedone;Rettilineo;Più di due carreggiate;Asciutto;Asfaltata;Verticale ed orizzontale;Sereno;Normale;Buona;;2;0;0;1;12.4654;41.9108;-1;2;Autobus di linea;In marcia / fermata / arresto;Conducente;M;Illeso;0;;Non accertato;
5818099;10;11/02/2022 09:00:00;Strada Urbana;VIA MARCO PAPIO;in prossimità;;del civico n.;12;;Scontro laterale fra veicoli in marcia;Rettilineo;Una carreggiata a doppio senso;Asciutto;Asfaltata;Assente;Sereno;Normale;Buona;;0;0;0;2;12.5511;41.8654;-1;1;Motociclo a solo;In marcia / fermata / arresto;Conducente;F;Illeso;0;;Utilizzato;
5818099;10;11/02/2022 09:00:00;Strada Urbana;VIA MARCO PAPIO;in prossimità;;del civico n.;12;;Scontro laterale fra veicoli in marcia;Rettilineo;Una carreggiata a doppio senso;Asciutto;Asfaltata;Assente;Sereno;Normale;Buona;;0;0;0;2;12.5511;41.8654;-1;2;Autovettura privata;In marcia / fermata / arresto;Conducente;M;Illeso;0;;Non accertato;Inesploso
5818108;4;10/02/2022 13:45:00;Strada Urbana;VIA NOMENTANA;all'intersezione semaforizzata con;VIA VAL BREMBANA;VIA VAL BREMBANA;;;Veicolo in marcia contro ostacolo fisso;Intersezione semaforizzata;Più di due carreggiate;Asciutto;Asfaltata;Verticale ed orizzontale;Sereno;Normale;Buona;;0;0;0;2;12.5271;41.9307;-1;1;Trattore stradale;In marcia / fermata / arresto;Conducente;M;Illeso;0;;Non accertato;
5818108;4;10/02/2022 13:45:00;Strada Urbana;VIA NOMENTANA;all'intersezione semaforizzata con;VIA VAL BREMBANA;VIA VAL BREMBANA;;;Veicolo in marcia contro ostacolo fisso;Intersezione semaforizzata;Più di due carreggiate;Asciutto;Asfaltata;Verticale ed orizzontale;Sereno;Normale;Buona;;0;0;0;2;12.5271;41.9307;-1;2;Rimorchio;In marcia / fermata / arresto;Conducente;M;Illeso;0;;;
5818110;17;10/02/2022 16:20:00;Strada Urbana;LARGO GIOVANNI XXIII;da specificare;;;;FRONTE VIA DELLA CONCILIAZIONE ;Scontro laterale fra veicoli in marcia;Rettilineo;Una carreggiata a senso unico di marcia;Asciutto;In cubetti di porfido;Verticale ed orizzontale;Sereno;Normale;Buona;;1;0;0;2;12.4644;41.9023;-1;1;Autovettura privata;In marcia / fermata / arresto;Conducente;M;Illeso;0;;;
5818110;17;10/02/2022 16:20:00;Strada Urbana;LARGO GIOVANNI XXIII;da specificare;;;;FRONTE VIA DELLA CONCILIAZIONE ;Scontro laterale fra veicoli in marcia;Rettilineo;Una carreggiata a senso unico di marcia;Asciutto;In cubetti di porfido;Verticale ed orizzontale;Sereno;Normale;Buona;;1;0;0;2;12.4644;41.9023;-1;2;Motociclo a solo;In marcia / fermata / arresto;Conducente;M;Rimandato;0;NON DECEDUTO;;
5818110;17;10/02/2022 16:20:00;Strada Urbana;LARGO GIOVANNI XXIII;da specificare;;;;FRONTE VIA DELLA CONCILIAZIONE ;Scontro laterale fra veicoli in marcia;Rettilineo;Una carreggiata a senso unico di marcia;Asciutto;In cubetti di porfido;Verticale ed orizzontale;Sereno;Normale;Buona;;1;0;0;2;12.4644;41.9023;-1;3;Autovettura pubblica;In marcia / fermata / arresto;Conducente;M;Illeso;0;;;
5818117;2;10/02/2022 08:20:00;Strada Urbana;CIRCONVALLAZIONE SALARIA;da specificare;;;;dir. Stadio alt. rampa per v.le Etiopia;Tamponamento;Rettilineo;Due carreggiate;Asciutto;Asfaltata;Verticale ed orizzontale;Sereno;Intenso;Buona;;3;0;0;0;12.5207;41.9347;-1;1;Autovettura privata;In marcia / fermata / arresto;Conducente;M;Rifiuta cure immediate;0;NON DECEDUTO;;
5818117;2;10/02/2022 08:20:00;Strada Urbana;CIRCONVALLAZIONE SALARIA;da specificare;;;;dir. Stadio alt. rampa per v.le Etiopia;Tamponamento;Rettilineo;Due carreggiate;Asciutto;Asfaltata;Verticale ed orizzontale;Sereno;Intenso;Buona;;3;0;0;0;12.5207;41.9347;-1;1;Autovettura privata;In marcia / fermata / arresto;Passeggero;M;Rifiuta cure immediate;0;NON DECEDUTO;;
5818117;2;10/02/2022 08:20:00;Strada Urbana;CIRCONVALLAZIONE SALARIA;da specificare;;;;dir. Stadio alt. rampa per v.le Etiopia;Tamponamento;Rettilineo;Due carreggiate;Asciutto;Asfaltata;Verticale ed orizzontale;Sereno;Intenso;Buona;;3;0;0;0;12.5207;41.9347;-1;2;Autovettura privata;In marcia / fermata / arresto;Conducente;M;Rimandato;0;NON DECEDUTO;;
5818119;2;10/02/2022 15:20:00;Strada Urbana;VIA GIOVANNI PAISIELLO;all'intersezione con;VIA NICOLO' PORPORA;VIA NICOLO' PORPORA;;;Investimento di pedone;Incrocio;Una carreggiata a senso unico di marcia;Asciutto;Asfaltata;Verticale ed orizzontale;Sereno;Normale;Buona;;1;0;0;2;12.4932;41.9185;-1;;;;Pedone;F;Rimandato;0;NON DECEDUTO;;
5818119;2;10/02/2022 15:20:00;Strada Urbana;VIA GIOVANNI PAISIELLO;all'intersezione con;VIA NICOLO' PORPORA;VIA NICOLO' PORPORA;;;Investimento di pedone;Incrocio;Una carreggiata a senso unico di marcia;Asciutto;Asfaltata;Verticale ed orizzontale;Sereno;Normale;Buona;;1;0;0;2;12.4932;41.9185;-1;1;Autovettura privata;In marcia / fermata / arresto;Conducente;M;Illeso;0;;;
5818119;2;10/02/2022 15:20:00;Strada Urbana;VIA GIOVANNI PAISIELLO;all'intersezione con;VIA NICOLO' PORPORA;VIA NICOLO' PORPORA;;;Investimento di pedone;Incrocio;Una carreggiata a senso unico di marcia;Asciutto;Asfaltata;Verticale ed orizzontale;Sereno;Normale;Buona;;1;0;0;2;12.4932;41.9185;-1;1;Autovettura privata;In marcia / fermata / arresto;Passeggero;F;Illeso;0;;;
5818129;2;10/02/2022 15:40:00;Strada Urbana;VIA LUIGI ROSSINI;in corrispondenza;;del civico n.;19;;Scontro frontale/laterale SX fra veicoli in marcia;Rettilineo;Una carreggiata a senso unico di marcia;Asciutto;Asfaltata;Verticale ed orizzontale;Sereno;Intenso;Buona;;0;0;0;2;12.6061;41.8602;-1;1;Autovettura di polizia;In marcia / fermata / arresto;Conducente;M;Illeso;0;;Non accertato;Inesploso
5818129;2;10/02/2022 15:40:00;Strada Urbana;VIA LUIGI ROSSINI;in corrispondenza;;del civico n.;19;;Scontro frontale/laterale SX fra veicoli in marcia;Rettilineo;Una carreggiata a senso unico di marcia;Asciutto;Asfaltata;Verticale ed orizzontale;Sereno;Intenso;Buona;;0;0;0;2;12.6061;41.8602;-1;2;Autovettura privata;In marcia / fermata / arresto;Conducente;M;Illeso;0;;Non accertato;Inesploso
5818130;1;10/02/2022 19:50:00;Strada Urbana;PIAZZA DI PORTA CAPENA;all'intersezione con;VIA DEI CERCHI;VIA DEI CERCHI;;;Scontro laterale fra veicoli in marcia;Intersezione semaforizzata;Una carreggiata a senso unico di marcia;Asciutto;Asfaltata;Verticale ed orizzontale;Sereno;Normale;Sufficiente;;0;0;0;3;12.4895;41.8842;-1;1;Autovettura privata;In marcia / fermata / arresto;Conducente;M;Illeso;0;;;
5818130;1;10/02/2022 19:50:00;Strada Urbana;PIAZZA DI PORTA CAPENA;all'intersezione con;VIA DEI CERCHI;VIA DEI CERCHI;;;Scontro laterale fra veicoli in marcia;Intersezione semaforizzata;Una carreggiata a senso unico di marcia;Asciutto;Asfaltata;Verticale ed orizzontale;Sereno;Normale;Sufficiente;;0;0;0;3;12.4895;41.8842;-1;1;Autovettura privata;In marcia / fermata / arresto;Passeggero;F;Illeso;0;;;