Protocollo;Gruppo;DataOraIncidente;Localizzazione1;STRADA1;Localizzazione2;STRADA2;Strada02;Chilometrica;DaSpecificare;NaturaIncidente;particolaritastrade;TipoStrada;FondoStradale;Pavimentazione;Segnaletica;CondizioneAtmosferica;Traffico;Visibilita;Illuminazione;NUM_FERITI;NUM_RISERVATA;NUM_MORTI;NUM_ILLESI;Longitude;Latitude;Confermato;Progressivo;TipoVeicolo;StatoVeicolo;TipoPersona;Sesso;Tipolesione;Deceduto;DecedutoDopo;CinturaCascoUtilizzato;Airbag;
5819114;11;11/02/2022 11:50:00;Strada Urbana;VIA CRISTOFORO COLOMBO;all'intersezione semaforizzata con;VIA COSTANTINO;VIA COSTANTINO;;;Veicolo in marcia contro veicolo fermo;Intersezione semaforizzata;Più di due carreggiate;Asciutto;Asfaltata;Verticale ed orizzontale;Sereno;Normale;Buona;;1;0;0;1;12.4905;41.8546;-1;2;Autovettura privata;In marcia / fermata / arresto;Conducente;M;Illeso;0;;;
5819133;7;11/02/2022 17:40:00;Strada Urbana;VIA PRENESTINA;all'intersezione con;VIALE PALMIRO TOGLIATTI;VIALE PALMIRO TOGLIATTI;;;Scontro frontale/laterale DX fra veicoli in marcia;Intersezione semaforizzata;Più di due carreggiate;Asciutto;Asfaltata;Verticale ed orizzontale;Sereno;Normale;Buona;;0;0;0;3;12.5752;41.8948;-1;1;Autovettura privata;In marcia / fermata / arresto;Conducente;M;Illeso;0;;Non accertato;Inesploso
5819133;7;11/02/2022 17:40:00;Strada Urbana;VIA PRENESTINA;all'intersezione con;VIALE PALMIRO TOGLIATTI;VIALE PALMIRO TOGLIATTI;;;Scontro frontale/laterale DX fra veicoli in marcia;Intersezione semaforizzata;Più di due carreggiate;Asciutto;Asfaltata;Verticale ed orizzontale;Sereno;Normale;Buona;;0;0;0;3;12.5752;41.8948;-1;1;Autovettura privata;In marcia / fermata / arresto;Passeggero;M;Illeso;0;;Non accertato;Inesploso
5819133;7;11/02/2022 17:40:00;Strada Urbana;VIA PRENESTINA;all'intersezione con;VIALE PALMIRO TOGLIATTI;VIALE PALMIRO TOGLIATTI;;;Scontro frontale/laterale DX fra veicoli in marcia;Intersezione semaforizzata;Più di due carreggiate;Asciutto;Asfaltata;Verticale ed orizzontale;Sereno;Normale;Buona;;0;0;0;3;12.5752;41.8948;-1;2;Motociclo a solo;In marcia / fermata / arresto;Conducente;M;Illeso;0;;Non accertato;
5819141;1;11/02/2022 13:10:00;Strada Urbana;LARGO VISCONTI VENOSTA;in prossimità;;del civico n.;228B;;Scontro laterale fra veicoli in marcia;Rettilineo;Una carreggiata a doppio senso;Asciutto;Asfaltata;Verticale ed orizzontale;Sereno;Normale;Buona;;1;0;0;1;12.4935;41.8949;-1;1;Autocarro inferiore 35 q.;In marcia / fermata / arresto;Conducente;M;Illeso;0;;Non accertato;Inesploso
5819141;1;11/02/2022 13:10:00;Strada Urbana;LARGO VISCONTI VENOSTA;in prossimità;;del civico n.;228B;;Scontro laterale fra veicoli in marcia;Rettilineo;Una carreggiata a doppio senso;Asciutto;Asfaltata;Verticale ed orizzontale;Sereno;Normale;Buona;;1;0;0;1;12.4935;41.8949;-1;2;Motociclo a solo;In marcia / fermata / arresto;Conducente;M;Rimandato;0;NON DECEDUTO;Non accertato;
5819148;18;11/02/2022 18:45:00;Strada Urbana;VIA DI BOCCEA;all'intersezione con;VIA DI VAL CANNUTA;VIA DI VAL CANNUTA;;;Scontro frontale/laterale SX fra veicoli in marcia;Intersezione stradale segnalata;Una carreggiata a doppio senso;Asciutto;Asfaltata;Verticale ed orizzontale;Sereno;Normale;Buona;;1;0;0;1;12.4164;41.9035;-1;1;Autovettura privata;In marcia / fermata / arresto;Conducente;M;Illeso;0;;Non accertato;Inesploso
5819148;18;11/02/2022 18:45:00;Strada Urbana;VIA DI BOCCEA;all'intersezione con;VIA DI VAL CANNUTA;VIA DI VAL CANNUTA;;;Scontro frontale/laterale SX fra veicoli in marcia;Intersezione stradale segnalata;Una carreggiata a doppio senso;Asciutto;Asfaltata;Verticale ed orizzontale;Sereno;Normale;Buona;;1;0;0;1;12.4164;41.9035;-1;2;Motociclo a solo;In marcia / fermata / arresto;Conducente;M;Ricoverato;0;NON DECEDUTO;Non accertato;
5819149;2;11/02/2022 17:45:00;Strada Urbana;CIRCONVALLAZIONE SALARIA;da specificare;;;;dir. Salaria prox uscita Via delle Valli;Tamponamento Multiplo;Rettilineo;Due carreggiate;Asciutto;Asfaltata;Orizzontale;Sereno;Normale;Buona;;0;0;0;4;12.5207;41.9347;-1;1;Autovettura privata;In marcia / fermata / arresto;Conducente;M;Illeso;0;;;
5819149;2;11/02/2022 17:45:00;Strada Urbana;CIRCONVALLAZIONE SALARIA;da specificare;;;;dir. Salaria prox uscita Via delle Valli;Tamponamento Multiplo;Rettilineo;Due carreggiate;Asciutto;Asfaltata;Orizzontale;Sereno;Normale;Buona;;0;0;0;4;12.5207;41.9347;-1;1;Autovettura privata;In marcia / fermata / arresto;Passeggero;M;Illeso;0;;;
5819149;2;11/02/2022 17:45:00;Strada Urbana;CIRCONVALLAZIONE SALARIA;da specificare;;;;dir. Salaria prox uscita Via delle Valli;Tamponamento Multiplo;Rettilineo;Due carreggiate;Asciutto;Asfaltata;Orizzontale;Sereno;Normale;Buona;;0;0;0;4;12.5207;41.9347;-1;2;Autovettura privata;In marcia / fermata / arresto;Conducente;M;Illeso;0;;;
5819149;2;11/02/2022 17:45:00;Strada Urbana;CIRCONVALLAZIONE SALARIA;da specificare;;;;dir. Salaria prox uscita Via delle Valli;Tamponamento Multiplo;Rettilineo;Due carreggiate;Asciutto;Asfaltata;Orizzontale;Sereno;Normale;Buona;;0;0;0;4;12.5207;41.9347;-1;3;Autovettura privata;In marcia / fermata / arresto;Conducente;F;Illeso;0;;;
5819302;15;11/02/2022 12:15:00;Strada Urbana;VIA ANTONIO PACINOTTI;in corrispondenza;;del civico n.;31;;Veicolo in marcia contro veicolo fermo;Rettilineo;Una carreggiata a doppio senso;Asciutto;Asfaltata;Verticale ed orizzontale;Sereno;Intenso;Buona;;0;0;0;3;12.4682;41.8712;-1;1;Autocarro inferiore 35 q.;In marcia / fermata / arresto;Conducente;M;Illeso;0;;Non accertato;Inesploso
5819302;15;11/02/2022 12:15:00;Strada Urbana;VIA ANTONIO PACINOTTI;in corrispondenza;;del civico n.;31;;Veicolo in marcia contro veicolo fermo;Rettilineo;Una carreggiata a doppio senso;Asciutto;Asfaltata;Verticale ed orizzontale;Sereno;Intenso;Buona;;0;0;0;3;12.4682;41.8712;-1;1;Autocarro inferiore 35 q.;In marcia / fermata / arresto;Passeggero;M;Illeso;0;;Non accertato;Inesploso
5819302;15;11/02/2022 12:15:00;Strada Urbana;VIA ANTONIO PACINOTTI;in corrispondenza;;del civico n.;31;;Veicolo in marcia contro veicolo fermo;Rettilineo;Una carreggiata a doppio senso;Asciutto;Asfaltata;Verticale ed orizzontale;Sereno;Intenso;Buona;;0;0;0;3;12.4682;41.8712;-1;2;Autovettura privata;In marcia / fermata / arresto;Conducente;M;Illeso;0;;Non accertato;Inesploso
5819310;15;11/02/2022 15:45:00;Strada Urbana;VIA DELLA MAGLIANA;all'intersezione con;VIA DEL FOSSO DELLA MAGLIANA;VIA DEL FOSSO DELLA MAGLIANA;;;Tamponamento;Intersezione stradale segnalata;Una carreggiata a doppio senso;Asciutto;Asfaltata;Orizzontale;Sereno;Normale;Buona;;3;0;0;0;12.4196;41.8317;-1;1;Autovettura privata;In marcia / fermata / arresto;Conducente;F;Rimandato;0;NON DECEDUTO;Non accertato;Inesploso
5819310;15;11/02/2022 15:45:00;Strada Urbana;VIA DELLA MAGLIANA;all'intersezione con;VIA DEL FOSSO DELLA MAGLIANA;VIA DEL FOSSO DELLA MAGLIANA;;;Tamponamento;Intersezione stradale segnalata;Una carreggiata a doppio senso;Asciutto;Asfaltata;Orizzontale;Sereno;Normale;Buona;;3;0;0;0;12.4196;41.8317;-1;1;Autovettura privata;In marcia / fermata / arresto;Passeggero;F;Rimandato;0;NON DECEDUTO;Non accertato;Inesploso
5819310;15;11/02/2022 15:45:00;Strada Urbana;VIA DELLA MAGLIANA;all'intersezione con;VIA DEL FOSSO DELLA MAGLIANA;VIA DEL FOSSO DELLA MAGLIANA;;;Tamponamento;Intersezione stradale segnalata;Una carreggiata a doppio senso;Asciutto;Asfaltata;Orizzontale;Sereno;Normale;Buona;;3;0;0;0;12.4196;41.8317;-1;2;Autocarro superiore 35 q.;In marcia / fermata / arresto;Conducente;M;Rimandato;0;NON DECEDUTO;Non accertato;Inesploso
5819311;15;11/02/2022 15:40:00;Strada Urbana;VIA DELLA MAGLIANA;in prossimità;;del civico n.;375;;Tamponamento;Curva a visuale libera;Una carreggiata a doppio senso;Asciutto;Asfaltata;Verticale ed orizzontale;Sereno;Normale;Buona;;0;0;0;3;12.4518;41.8357;-1;1;Autovettura privata;In marcia / fermata / arresto;Conducente;F;Illeso;0;;Non accertato;Inesploso
5819311;15;11/02/2022 15:40:00;Strada Urbana;VIA DELLA MAGLIANA;in prossimità;;del civico n.;375;;Tamponamento;Curva a visuale libera;Una carreggiata a doppio senso;Asciutto;Asfaltata;Verticale ed orizzontale;Sereno;Normale;Buona;;0;0;0;3;12.4518;41.8357;-1;1;Autovettura privata;In marcia / fermata / arresto;Passeggero;M;Illeso;0;;Non accertato;Inesploso
5819311;15;11/02/2022 15:40:00;Strada Urbana;VIA DELLA MAGLIANA;in prossimità;;del civico n.;375;;Tamponamento;Curva a visuale libera;Una carreggiata a doppio senso;Asciutto;Asfaltata;Verticale ed orizzontale;Sereno;Normale;Buona;;0;0;0;3;12.4518;41.8357;-1;2;Autovettura privata;In marcia / fermata / arresto;Conducente;M;Illeso;0;;Non accertato;Inesploso
5819313;15;11/02/2022 19:20:00;Strada Urbana;PIAZZA AUGUSTO RIGHI;all'intersezione semaforizzata con;PONTE GUGLIELMO MARCONI;PONTE GUGLIELMO MARCONI;;;Scontro frontale/laterale DX fra veicoli in marcia;Intersezione semaforizzata;Una carreggiata a doppio senso;Asciutto;Asfaltata;Verticale ed orizzontale;Sereno;Normale;Buona;;1;0;0;2;12.4701;41.8618;-1;1;Autovettura privata;In marcia / fermata / arresto;Conducente;M;Illeso;0;;Non accertato;Esploso
5819313;15;11/02/2022 19:20:00;Strada Urbana;PIAZZA AUGUSTO RIGHI;all'intersezione semaforizzata con;PONTE GUGLIELMO MARCONI;PONTE GUGLIELMO MARCONI;;;Scontro frontale/laterale DX fra veicoli in marcia;Intersezione semaforizzata;Una carreggiata a doppio senso;Asciutto;Asfaltata;Verticale ed orizzontale;Sereno;Normale;Buona;;1;0;0;2;12.4701;41.8618;-1;1;Autovettura privata;In marcia / fermata / arresto;Passeggero;F;Illeso;0;;Non accertato;Esploso
5819313;15;11/02/2022 19:20:00;Strada Urbana;PIAZZA AUGUSTO RIGHI;all'intersezione semaforizzata con;PONTE GUGLIELMO MARCONI;PONTE GUGLIELMO MARCONI;;;Scontro frontale/laterale DX fra veicoli in marcia;Intersezione semaforizzata;Una carreggiata a doppio senso;Asciutto;Asfaltata;Verticale ed orizzontale;Sereno;Normale;Buona;;1;0;0;2;12.4701;41.8618;-1;2;Autovettura privata;In marcia / fermata / arresto;Conducente;M;Rimandato;0;NON DECEDUTO;Non utilizzato;Esploso
5819458;10;11/02/2022 23:30:00;Strada Urbana;VIA CAPISTRANO;all'intersezione con;VIA STIGNANO;VIA STIGNANO;;;Scontro frontale/laterale SX fra veicoli in marcia;Intersezione stradale segnalata;Una carreggiata a senso unico di marcia;Asciutto;Asfaltata;Verticale;Sereno;Scarso;Sufficiente;;0;0;0;3;12.5843;41.8382;-1;1;Autovettura privata;In marcia / fermata / arresto;Conducente;F;Illeso;0;;Non accertato;Inesploso
5819458;10;11/02/2022 23:30:00;Strada Urbana;VIA CAPISTRANO;all'intersezione con;VIA STIGNANO;VIA STIGNANO;;;Scontro frontale/laterale SX fra veicoli in marcia;Intersezione stradale segnalata;Una carreggiata a senso unico di marcia;Asciutto;Asfaltata;Verticale;Sereno;Scarso;Sufficiente;;0;0;0;3;12.5843;41.8382;-1;1;Autovettura privata;In marcia / fermata / arresto;Passeggero;F;Illeso;0;;Non accertato;Inesploso
5819458;10;11/02/2022 23:30:00;Strada Urbana;VIA CAPISTRANO;all'intersezione con;VIA STIGNANO;VIA STIGNANO;;;Scontro frontale/laterale SX fra veicoli in marcia;Intersezione stradale segnalata;Una carreggiata a senso unico di marcia;Asciutto;Asfaltata;Verticale;Sereno;Scarso;Sufficiente;;0;0;0;3;12.5843;41.8382;-1;2;Autovettura privata;In marcia / fermata / arresto;Conducente;F;Illeso;0;;;
5819459;10;12/02/2022 00:55:00;Strada Urbana;VIALE BRUNO PELIZZI;all'intersezione semaforizzata con;VIA DI TORRE SPACCATA;VIA DI TORRE SPACCATA;;;Scontro frontale/laterale DX fra veicoli in marcia;Intersezione semaforizzata;Due carreggiate;Asciutto;Asfaltata;Verticale ed orizzontale;Sereno;Scarso;Sufficiente;;2;0;0;0;12.5838;41.8554;-1;1;Autovettura privata;In marcia / fermata / arresto;Conducente;F;Ricoverato;0;NON DECEDUTO;Utilizzato;Esploso
5819459;10;12/02/2022 00:55:00;Strada Urbana;VIALE BRUNO PELIZZI;all'intersezione semaforizzata con;VIA DI TORRE SPACCATA;VIA DI TORRE SPACCATA;;;Scontro frontale/laterale DX fra veicoli in marcia;Intersezione semaforizzata;Due carreggiate;Asciutto;Asfaltata;Verticale ed orizzontale;Sereno;Scarso;Sufficiente;;2;0;0;0;12.5838;41.8554;-1;2;Autovettura privata;In marcia / fermata / arresto;Conducente;F;Rimandato;0;NON DECEDUTO;Utilizzato;Inesploso
5819473;1;11/02/2022 18:00:00;Strada Urbana;VIALE CARLO FELICE;da specificare;;;;fronte civico 83;Tamponamento;Rettilineo;Una carreggiata a senso unico di marcia;Asciutto;Asfaltata;Verticale ed orizzontale;Sereno;Normale;Sufficiente;;1;0;0;6;12.5115;41.8872;-1;1;Autovettura privata;In marcia / fermata / arresto;Conducente;M;Illeso;0;;;
5819473;1;11/02/2022 18:00:00;Strada Urbana;VIALE CARLO FELICE;da specificare;;;;fronte civico 83;Tamponamento;Rettilineo;Una carreggiata a senso unico di marcia;Asciutto;Asfaltata;Verticale ed orizzontale;Sereno;Normale;Sufficiente;;1;0;0;6;12.5115;41.8872;-1;1;Autovettura privata;In marcia / fermata / arresto;Passeggero;M;Illeso;0;;;
5819473;1;11/02/2022 18:00:00;Strada Urbana;VIALE CARLO FELICE;da specificare;;;;fronte civico 83;Tamponamento;Rettilineo;Una carreggiata a senso unico di marcia;Asciutto;Asfaltata;Verticale ed orizzontale;Sereno;Normale;Sufficiente;;1;0;0;6;12.5115;41.8872;-1;1;Autovettura privata;In marcia / fermata / arresto;Passeggero;M;Illeso;0;;;
5819473;1;11/02/2022 18:00:00;Strada Urbana;VIALE CARLO FELICE;da specificare;;;;fronte civico 83;Tamponamento;Rettilineo;Una carreggiata a senso unico di marcia;Asciutto;Asfaltata;Verticale ed orizzontale;Sereno;Normale;Sufficiente;;1;0;0;6;12.5115;41.8872;-1;1;Autovettura privata;In marcia / fermata / arresto;Passeggero;M;Illeso;0;;;
5819473;1;11/02/2022 18:00:00;Strada Urbana;VIALE CARLO FELICE;da specificare;;;;fronte civico 83;Tamponamento;Rettilineo;Una carreggiata a senso unico di marcia;Asciutto;Asfaltata;Verticale ed orizzontale;Sereno;Normale;Sufficiente;;1;0;0;6;12.5115;41.8872;-1;2;Autovettura privata;In marcia / fermata / arresto;Conducente;M;Illeso;0;;;
5819473;1;11/02/2022 18:00:00;Strada Urbana;VIALE CARLO FELICE;da specificare;;;;fronte civico 83;Tamponamento;Rettilineo;Una carreggiata a senso unico di marcia;Asciutto;Asfaltata;Verticale ed orizzontale;Sereno;Normale;Sufficiente;;1;0;0;6;12.5115;41.8872;-1;2;Autovettura privata;In marcia / fermata / arresto;Passeggero;F;Rimandato;0;NON DECEDUTO;;
5819473;1;11/02/2022 18:00:00;Strada Urbana;VIALE CARLO FELICE;da specificare;;;;fronte civico 83;Tamponamento;Rettilineo;Una carreggiata a senso unico di marcia;Asciutto;Asfaltata;Verticale ed orizzontale;Sereno;Normale;Sufficiente;;1;0;0;6;12.5115;41.8872;-1;2;Autovettura privata;In marcia / fermata / arresto;Passeggero;F;Illeso;0;;;
5819501;12;11/02/2022 18:30:00;Provinciale entro l'abitato;VIA PONTINA;da specificare;;;;prossimità km 12,800 direzione Roma centro;Tamponamento Multiplo;Rettilineo;Due carreggiate;Asciutto;Asfaltata;Verticale ed orizzontale;Sereno;Intenso;Buona;;0;0;0;6;12.4522;41.794;-1;1;Autovettura privata;In marcia / fermata / arresto;Conducente;F;Illeso;0;;Non accertato;Inesploso
5819501;12;11/02/2022 18:30:00;Provinciale entro l'abitato;VIA PONTINA;da specificare;;;;prossimità km 12,800 direzione Roma centro;Tamponamento Multiplo;Rettilineo;Due carreggiate;Asciutto;Asfaltata;Verticale ed orizzontale;Sereno;Intenso;Buona;;0;0;0;6;12.4522;41.794;-1;2;Autovettura privata;In marcia / fermata / arresto;Conducente;M;Illeso;0;;Non accertato;Inesploso
5819501;12;11/02/2022 18:30:00;Provinciale entro l'abitato;VIA PONTINA;da specificare;;;;prossimità km 12,800 direzione Roma centro;Tamponamento Multiplo;Rettilineo;Due carreggiate;Asciutto;Asfaltata;Verticale ed orizzontale;Sereno;Intenso;Buona;;0;0;0;6;12.4522;41.794;-1;3;Autovettura privata;In marcia / fermata / arresto;Conducente;F;Illeso;0;;Non accertato;Inesploso
5819501;12;11/02/2022 18:30:00;Provinciale entro l'abitato;VIA PONTINA;da specificare;;;;prossimità km 12,800 direzione Roma centro;Tamponamento Multiplo;Rettilineo;Due carreggiate;Asciutto;Asfaltata;Verticale ed orizzontale;Sereno;Intenso;Buona;;0;0;0;6;12.4522;41.794;-1;3;Autovettura privata;In marcia / fermata / arresto;Passeggero;F;Illeso;0;;Non accertato;Inesploso
5819501;12;11/02/2022 18:30:00;Provinciale entro l'abitato;VIA PONTINA;da specificare;;;;prossimità km 12,800 direzione Roma centro;Tamponamento Multiplo;Rettilineo;Due carreggiate;Asciutto;Asfaltata;Verticale ed orizzontale;Sereno;Intenso;Buona;;0;0;0;6;12.4522;41.794;-1;3;Autovettura privata;In marcia / fermata / arresto;Passeggero;F;Illeso;0;;Non accertato;Inesploso
5819501;12;11/02/2022 18:30:00;Provinciale entro l'abitato;VIA PONTINA;da specificare;;;;prossimità km 12,800 direzione Roma centro;Tamponamento Multiplo;Rettilineo;Due carreggiate;Asciutto;Asfaltata;Verticale ed orizzontale;Sereno;Intenso;Buona;;0;0;0;6;12.4522;41.794;-1;4;Autovettura privata;In marcia / fermata / arresto;Conducente;F;Illeso;0;;Non accertato;Inesploso
5819527;12;11/02/2022 18:35:00;Provinciale;VIA DI TORRE S. ANASTASIA;in prossimità;;del civico n.;400;;Ribaltamento senza urto contro ostacolo fisso;Rettilineo;Una carreggiata a doppio senso;Asciutto;Asfaltata;Orizzontale;Sereno;Normale;Sufficiente;;1;0;0;0;12.5305;41.774;-1;1;Autovettura privata;In marcia / fermata / arresto;Conducente;M;Ricoverato;0;NON DECEDUTO;Non accertato;Inesploso
5819541;8;11/02/2022 07:55:00;Strada Urbana;VIA DI TOR BELLA MONACA;da specificare;;;;altezza palo ACEA N. 55 direzione G.R.A.;Scontro frontale fra veicoli in marcia;Rettilineo;Una carreggiata a senso unico di marcia;Asciutto;Asfaltata;Verticale ed orizzontale;Sereno;Intenso;Buona;;0;0;0;2;12.6281;41.8764;-1;1;Autovettura privata;In marcia / fermata / arresto;Conducente;F;Illeso;0;;Non accertato;Inesploso
5819541;8;11/02/2022 07:55:00;Strada Urbana;VIA DI TOR BELLA MONACA;da specificare;;;;altezza palo ACEA N. 55 direzione G.R.A.;Scontro frontale fra veicoli in marcia;Rettilineo;Una carreggiata a senso unico di marcia;Asciutto;Asfaltata;Verticale ed orizzontale;Sereno;Intenso;Buona;;0;0;0;2;12.6281;41.8764;-1;2;Autovettura privata;In marcia / fermata / arresto;Conducente;M;Illeso;0;;Non accertato;Inesploso
5819544;8;11/02/2022 08:45:00;Strada Urbana;VIA DI TOR BELLA MONACA;da specificare;;;;dir. Casilina altezza inver.di marcia fronte Pewex;Tamponamento;Rettilineo;Due carreggiate;Asciutto;Asfaltata;Verticale ed orizzontale;Sereno;Normale;Buona;;0;0;0;5;12.6326;41.8712;-1;1;Autovettura privata;In marcia / fermata / arresto;Conducente;M;Illeso;0;;Non accertato;Inesploso
5819544;8;11/02/2022 08:45:00;Strada Urbana;VIA DI TOR BELLA MONACA;da specificare;;;;dir. Casilina altezza inver.di marcia fronte Pewex;Tamponamento;Rettilineo;Due carreggiate;Asciutto;Asfaltata;Verticale ed orizzontale;Sereno;Normale;Buona;;0;0;0;5;12.6326;41.8712;-1;1;Autovettura privata;In marcia / fermata / arresto;Passeggero;F;Illeso;0;;Non accertato;Inesploso
5819544;8;11/02/2022 08:45:00;Strada Urbana;VIA DI TOR BELLA MONACA;da specificare;;;;dir. Casilina altezza inver.di marcia fronte Pewex;Tamponamento;Rettilineo;Due carreggiate;Asciutto;Asfaltata;Verticale ed orizzontale;Sereno;Normale;Buona;;0;0;0;5;12.6326;41.8712;-1;1;Autovettura privata;In marcia / fermata / arresto;Passeggero;F;Illeso;0;;Non accertato;Inesploso
5819544;8;11/02/2022 08:45:00;Strada Urbana;VIA DI TOR BELLA MONACA;da specificare;;;;dir. Casilina altezza inver.di marcia fronte Pewex;Tamponamento;Rettilineo;Due carreggiate;Asciutto;Asfaltata;Verticale ed orizzontale;Sereno;Normale;Buona;;0;0;0;5;12.6326;41.8712;-1;1;Autovettura privata;In marcia / fermata / arresto;Passeggero;M;Illeso;0;;Non accertato;Inesploso
5819544;8;11/02/2022 08:45:00;Strada Urbana;VIA DI TOR BELLA MONACA;da specificare;;;;dir. Casilina altezza inver.di marcia fronte Pewex;Tamponamento;Rettilineo;Due carreggiate;Asciutto;Asfaltata;Verticale ed orizzontale;Sereno;Normale;Buona;;0;0;0;5;12.6326;41.8712;-1;2;Autovettura privata;In marcia / fermata / arresto;Conducente;F;Illeso;0;;Non accertato;Inesploso
5819548;8;11/02/2022 09:30:00;Strada Urbana;VIALE DUILIO CAMBELLOTTI;da specificare;;;;altezza Municipio VI Torri direzione Tor Vergata;Tamponamento;Rettilineo;Due carreggiate;Asciutto;Strada pavimentata dissestata;Verticale ed orizzontale;Sereno;Normale;Buona;;1;0;0;4;12.6297;41.8674;-1;1;Autovettura privata;In marcia / fermata / arresto;Conducente;F;Illeso;0;;Non accertato;Inesploso
5819548;8;11/02/2022 09:30:00;Strada Urbana;VIALE DUILIO CAMBELLOTTI;da specificare;;;;altezza Municipio VI Torri direzione Tor Vergata;Tamponamento;Rettilineo;Due carreggiate;Asciutto;Strada pavimentata dissestata;Verticale ed orizzontale;Sereno;Normale;Buona;;1;0;0;4;12.6297;41.8674;-1;1;Autovettura privata;In marcia / fermata / arresto;Passeggero;M;Rimandato;0;NON DECEDUTO;Non accertato;Inesploso
5819548;8;11/02/2022 09:30:00;Strada Urbana;VIALE DUILIO CAMBELLOTTI;da specificare;;;;altezza Municipio VI Torri direzione Tor Vergata;Tamponamento;Rettilineo;Due carreggiate;Asciutto;Strada pavimentata dissestata;Verticale ed orizzontale;Sereno;Normale;Buona;;1;0;0;4;12.6297;41.8674;-1;1;Autovettura privata;In marcia / fermata / arresto;Passeggero;F;Illeso;0;;Non accertato;Inesploso
5819548;8;11/02/2022 09:30:00;Strada Urbana;VIALE DUILIO CAMBELLOTTI;da specificare;;;;altezza Municipio VI Torri direzione Tor Vergata;Tamponamento;Rettilineo;Due carreggiate;Asciutto;Strada pavimentata dissestata;Verticale ed orizzontale;Sereno;Normale;Buona;;1;0;0;4;12.6297;41.8674;-1;1;Autovettura privata;In marcia / fermata / arresto;Passeggero;F;Illeso;0;;Non accertato;Inesploso
5819548;8;11/02/2022 09:30:00;Strada Urbana;VIALE DUILIO CAMBELLOTTI;da specificare;;;;altezza Municipio VI Torri direzione Tor Vergata;Tamponamento;Rettilineo;Due carreggiate;Asciutto;Strada pavimentata dissestata;Verticale ed orizzontale;Sereno;Normale;Buona;;1;0;0;4;12.6297;41.8674;-1;2;Autoveicolo trasp.promisc.;In marcia / fermata / arresto;Conducente;M;Illeso;0;;Non accertato;Inesploso
5819550;11;11/02/2022 14:10:00;Strada Urbana;PIAZZALE TOMMASO EDISON;all'intersezione semaforizzata con;VIALE GUGLIELMO MARCONI;VIALE GUGLIELMO MARCONI;;;Scontro laterale fra veicoli in marcia;Intersezione semaforizzata;Una carreggiata a doppio senso;Asciutto;Asfaltata;Verticale ed orizzontale;Sereno;Normale;Buona;;0;0;0;2;12.471;41.8586;-1;1;Autocarro inferiore 35 q.;In marcia / fermata / arresto;Conducente;M;Illeso;0;;;
5819550;11;11/02/2022 14:10:00;Strada Urbana;PIAZZALE TOMMASO EDISON;all'intersezione semaforizzata con;VIALE GUGLIELMO MARCONI;VIALE GUGLIELMO MARCONI;;;Scontro laterale fra veicoli in marcia;Intersezione semaforizzata;Una carreggiata a doppio senso;Asciutto;Asfaltata;Verticale ed orizzontale;Sereno;Normale;Buona;;0;0;0;2;12.471;41.8586;-1;2;Autovettura privata;In marcia / fermata / arresto;Conducente;M;Illeso;0;;;
5819553;8;11/02/2022 11:20:00;Strada Urbana;VIALE DELLA SORBONA;all'intersezione con;VIA COLUMBIA;VIA COLUMBIA;;;Tamponamento;Rotatoria;Una carreggiata a senso unico di marcia;Asciutto;Asfaltata;Verticale ed orizzontale;Sereno;Normale;Buona;;0;0;0;2;12.6171;41.8556;-1;1;Motociclo a solo;In marcia / fermata / arresto;Conducente;M;Illeso;0;;Non accertato;
5819553;8;11/02/2022 11:20:00;Strada Urbana;VIALE DELLA SORBONA;all'intersezione con;VIA COLUMBIA;VIA COLUMBIA;;;Tamponamento;Rotatoria;Una carreggiata a senso unico di marcia;Asciutto;Asfaltata;Verticale ed orizzontale;Sereno;Normale;Buona;;0;0;0;2;12.6171;41.8556;-1;2;Autovettura privata;In marcia / fermata / arresto;Conducente;M;Illeso;0;;Non accertato;Inesploso
5819555;8;11/02/2022 13:50:00;Strada Urbana;VIALE OXFORD;da specificare;;;;primo svincolo di svolta direzione Sorbona;Scontro frontale/laterale SX fra veicoli in marcia;Rettilineo;Due carreggiate;Asciutto;Asfaltata;Verticale ed orizzontale;Sereno;Normale;Buona;;1;0;0;1;12.6302;41.8586;-1;1;Autovettura privata;In marcia / fermata / arresto;Conducente;M;Illeso;0;;Non accertato;Inesploso
5819555;8;11/02/2022 13:50:00;Strada Urbana;VIALE OXFORD;da specificare;;;;primo svincolo di svolta direzione Sorbona;Scontro frontale/laterale SX fra veicoli in marcia;Rettilineo;Due carreggiate;Asciutto;Asfaltata;Verticale ed orizzontale;Sereno;Normale;Buona;;1;0;0;1;12.6302;41.8586;-1;2;Autovettura privata;In marcia / fermata / arresto;Conducente;M;Rimandato;0;NON DECEDUTO;Non accertato;Inesploso
5819560;8;11/02/2022 17:00:00;Strada Urbana;VIA EDOARDO CHIOSSONE;in corrispondenza;;del civico n.;25;;Scontro laterale fra veicoli in marcia;Rettilineo;Una carreggiata a doppio senso;Asciutto;Asfaltata;Assente;Sereno;Scarso;Buona;;0;0;0;2;12.5977;41.8607;-1;1;Autovettura privata;In marcia / fermata / arresto;Conducente;M;Illeso;0;;Non accertato;Inesploso