Protocollo;Gruppo;DataOraIncidente;Localizzazione1;STRADA1;Localizzazione2;STRADA2;Strada02;Chilometrica;DaSpecificare;NaturaIncidente;particolaritastrade;TipoStrada;FondoStradale;Pavimentazione;Segnaletica;CondizioneAtmosferica;Traffico;Visibilita;Illuminazione;NUM_FERITI;NUM_RISERVATA;NUM_MORTI;NUM_ILLESI;Longitude;Latitude;Confermato;Progressivo;TipoVeicolo;StatoVeicolo;TipoPersona;Sesso;Tipolesione;Deceduto;DecedutoDopo;CinturaCascoUtilizzato;Airbag;
5819713;1;11/02/2022 23:40:00;Strada Urbana;VIALE MARCO POLO;in corrispondenza;;del civico n.;21;;Scontro laterale fra veicoli in marcia;Rettilineo;Una carreggiata a doppio senso;Asciutto;Asfaltata;Verticale ed orizzontale;Nuvoloso;Scarso;Buona;;1;0;0;1;12.4846;41.8754;-1;1;Autocarro inferiore 35 q.;In marcia / fermata / arresto;Conducente;M;Illeso;0;;;
5819713;1;11/02/2022 23:40:00;Strada Urbana;VIALE MARCO POLO;in corrispondenza;;del civico n.;21;;Scontro laterale fra veicoli in marcia;Rettilineo;Una carreggiata a doppio senso;Asciutto;Asfaltata;Verticale ed orizzontale;Nuvoloso;Scarso;Buona;;1;0;0;1;12.4846;41.8754;-1;2;Motociclo a solo;In marcia / fermata / arresto;Conducente;M;Rifiuta cure immediate;0;NON DECEDUTO;;
5819715;4;11/02/2022 16:15:00;Strada Urbana;VIA UGO OJETTI;in prossimità;;del civico n.;500;;Scontro laterale fra veicoli in marcia;Rettilineo;Una carreggiata a senso unico di marcia;Asciutto;Asfaltata;Verticale ed orizzontale;Sereno;Normale;Buona;;0;0;0;2;12.5598;41.9506;-1;1;Motociclo a solo;In marcia / fermata / arresto;Conducente;M;Illeso;0;;Non accertato;
5819715;4;11/02/2022 16:15:00;Strada Urbana;VIA UGO OJETTI;in prossimità;;del civico n.;500;;Scontro laterale fra veicoli in marcia;Rettilineo;Una carreggiata a senso unico di marcia;Asciutto;Asfaltata;Verticale ed orizzontale;Sereno;Normale;Buona;;0;0;0;2;12.5598;41.9506;-1;2;Autovettura privata;In marcia / fermata / arresto;Conducente;M;Illeso;0;;Non accertato;
5819724;5;11/02/2022 15:50:00;Strada Urbana;PIAZZA BALDASSARRE AVANZINI;in prossimità;;del civico n.;66;;Investimento di pedone;Pianeggiante;Una carreggiata a doppio senso;Sdrucciolevole (pietrisco);Asfaltata;Verticale ed orizzontale;Sereno;Scarso;Sufficiente;;1;0;0;1;12.5467;41.9138;-1;;;;Pedone;M;Rimandato;0;NON DECEDUTO;;
5819724;5;11/02/2022 15:50:00;Strada Urbana;PIAZZA BALDASSARRE AVANZINI;in prossimità;;del civico n.;66;;Investimento di pedone;Pianeggiante;Una carreggiata a doppio senso;Sdrucciolevole (pietrisco);Asfaltata;Verticale ed orizzontale;Sereno;Scarso;Sufficiente;;1;0;0;1;12.5467;41.9138;-1;1;Autovettura privata;In marcia / fermata / arresto;Conducente;F;Illeso;0;;Non accertato;
5819727;4;11/02/2022 16:25:00;Strada Urbana;VIALE ADRIATICO;in corrispondenza;;del civico n.;70;;Investimento di pedone;Curva senza visuale libera;Una carreggiata a senso unico di marcia;Asciutto;Asfaltata;Verticale ed orizzontale;Sereno;Normale;Buona;;1;0;0;1;12.5359;41.9394;-1;;;;Pedone;F;Rimandato;0;NON DECEDUTO;;
5819727;4;11/02/2022 16:25:00;Strada Urbana;VIALE ADRIATICO;in corrispondenza;;del civico n.;70;;Investimento di pedone;Curva senza visuale libera;Una carreggiata a senso unico di marcia;Asciutto;Asfaltata;Verticale ed orizzontale;Sereno;Normale;Buona;;1;0;0;1;12.5359;41.9394;-1;1;Autovettura privata;In marcia / fermata / arresto;Conducente;M;Illeso;0;;;
5819729;5;12/02/2022 00:05:00;Strada Urbana;NUOVA CIRCONVALLAZIONE INTERNA;da specificare;;;;direzione Salaria prossimità uscita Tiburtina;Veicolo in marcia contro ostacolo accidentale;Curva a visuale libera;Una carreggiata a senso unico di marcia;Asciutto;Asfaltata;Orizzontale;Sereno;Scarso;Insufficiente;;0;0;0;4;12.5325;41.9043;-1;1;Autoambulanza;In marcia / fermata / arresto;Conducente;M;Illeso;0;;Non accertato;
5819729;5;12/02/2022 00:05:00;Strada Urbana;NUOVA CIRCONVALLAZIONE INTERNA;da specificare;;;;direzione Salaria prossimità uscita Tiburtina;Veicolo in marcia contro ostacolo accidentale;Curva a visuale libera;Una carreggiata a senso unico di marcia;Asciutto;Asfaltata;Orizzontale;Sereno;Scarso;Insufficiente;;0;0;0;4;12.5325;41.9043;-1;1;Autoambulanza;In marcia / fermata / arresto;Passeggero;M;Illeso;0;;Non accertato;
5819729;5;12/02/2022 00:05:00;Strada Urbana;NUOVA CIRCONVALLAZIONE INTERNA;da specificare;;;;direzione Salaria prossimità uscita Tiburtina;Veicolo in marcia contro ostacolo accidentale;Curva a visuale libera;Una carreggiata a senso unico di marcia;Asciutto;Asfaltata;Orizzontale;Sereno;Scarso;Insufficiente;;0;0;0;4;12.5325;41.9043;-1;2;Autovettura privata;In marcia / fermata / arresto;Conducente;F;Illeso;0;;Non accertato;
5819729;5;12/02/2022 00:05:00;Strada Urbana;NUOVA CIRCONVALLAZIONE INTERNA;da specificare;;;;direzione Salaria prossimità uscita Tiburtina;Veicolo in marcia contro ostacolo accidentale;Curva a visuale libera;Una carreggiata a senso unico di marcia;Asciutto;Asfaltata;Orizzontale;Sereno;Scarso;Insufficiente;;0;0;0;4;12.5325;41.9043;-1;2;Autovettura privata;In marcia / fermata / arresto;Passeggero;M;Illeso;0;;Non accertato;
5819732;5;11/02/2022 11:05:00;Strada Urbana;VIA DI PORTONACCIO;all'intersezione semaforizzata con;VIA CASTELGUIDONE;VIA CASTELGUIDONE;;;Scontro frontale/laterale DX fra veicoli in marcia;Incrocio;Due carreggiate;Asciutto;Asfaltata;Verticale ed orizzontale;Sereno;Normale;Buona;;1;0;0;2;12.5384;41.8986;-1;1;Motociclo a solo;In marcia / fermata / arresto;Conducente;M;Rimandato;0;NON DECEDUTO;Non accertato;
5819732;5;11/02/2022 11:05:00;Strada Urbana;VIA DI PORTONACCIO;all'intersezione semaforizzata con;VIA CASTELGUIDONE;VIA CASTELGUIDONE;;;Scontro frontale/laterale DX fra veicoli in marcia;Incrocio;Due carreggiate;Asciutto;Asfaltata;Verticale ed orizzontale;Sereno;Normale;Buona;;1;0;0;2;12.5384;41.8986;-1;2;Autovettura privata;In marcia / fermata / arresto;Conducente;F;Illeso;0;;Non accertato;
5819732;5;11/02/2022 11:05:00;Strada Urbana;VIA DI PORTONACCIO;all'intersezione semaforizzata con;VIA CASTELGUIDONE;VIA CASTELGUIDONE;;;Scontro frontale/laterale DX fra veicoli in marcia;Incrocio;Due carreggiate;Asciutto;Asfaltata;Verticale ed orizzontale;Sereno;Normale;Buona;;1;0;0;2;12.5384;41.8986;-1;2;Autovettura privata;In marcia / fermata / arresto;Passeggero;F;Illeso;0;;Non accertato;
5819751;23;12/02/2022 00:50:00;Strada Urbana;LUNGOTEVERE TOR DI NONA;in prossimità;;del civico n.;1;;Scontro laterale fra veicoli in marcia;Rettilineo;Una carreggiata a senso unico di marcia;Asciutto;Asfaltata;Verticale ed orizzontale;Sereno;Scarso;Buona;;0;0;0;5;12.471;41.9019;-1;1;Autovettura privata;In marcia / fermata / arresto;Conducente;M;Illeso;0;;Non accertato;Inesploso
5819751;23;12/02/2022 00:50:00;Strada Urbana;LUNGOTEVERE TOR DI NONA;in prossimità;;del civico n.;1;;Scontro laterale fra veicoli in marcia;Rettilineo;Una carreggiata a senso unico di marcia;Asciutto;Asfaltata;Verticale ed orizzontale;Sereno;Scarso;Buona;;0;0;0;5;12.471;41.9019;-1;1;Autovettura privata;In marcia / fermata / arresto;Passeggero;M;Illeso;0;;Non accertato;Inesploso
5819751;23;12/02/2022 00:50:00;Strada Urbana;LUNGOTEVERE TOR DI NONA;in prossimità;;del civico n.;1;;Scontro laterale fra veicoli in marcia;Rettilineo;Una carreggiata a senso unico di marcia;Asciutto;Asfaltata;Verticale ed orizzontale;Sereno;Scarso;Buona;;0;0;0;5;12.471;41.9019;-1;2;Quadriciclo leggero;In marcia / fermata / arresto;Conducente;M;Illeso;0;;Non accertato;Inesploso
5819751;23;12/02/2022 00:50:00;Strada Urbana;LUNGOTEVERE TOR DI NONA;in prossimità;;del civico n.;1;;Scontro laterale fra veicoli in marcia;Rettilineo;Una carreggiata a senso unico di marcia;Asciutto;Asfaltata;Verticale ed orizzontale;Sereno;Scarso;Buona;;0;0;0;5;12.471;41.9019;-1;3;Autovettura pubblica;In marcia / fermata / arresto;Conducente;M;Illeso;0;;Non accertato;Inesploso
5819752;4;11/02/2022 23:10:00;Strada Urbana;VIA VITTORIO CAPRIOLI;all'intersezione con;VIA PALMIANO;VIA PALMIANO;;;Veicolo in marcia contro ostacolo fisso;Intersezione stradale segnalata;Una carreggiata a doppio senso;Asciutto;Asfaltata;Verticale ed orizzontale;Sereno;Scarso;Sufficiente;;0;0;0;1;12.5224;41.981;-1;1;Autobus urbano;In marcia / fermata / arresto;Conducente;M;Illeso;0;;;
5819754;17;11/02/2022 08:50:00;Strada Urbana;PONTE REGINA MARGHERITA;da specificare;;;;PROX LUNGOTEVERE ARNALDO DA BRESCIA;Scontro frontale fra veicoli in marcia;Rettilineo;Una carreggiata a doppio senso;Asciutto;Asfaltata;Verticale ed orizzontale;Sereno;Normale;Buona;;2;0;0;2;12.4729;41.9099;-1;1;Motociclo a solo;In marcia / fermata / arresto;Conducente;M;Rimandato;0;NON DECEDUTO;Non accertato;
5819754;17;11/02/2022 08:50:00;Strada Urbana;PONTE REGINA MARGHERITA;da specificare;;;;PROX LUNGOTEVERE ARNALDO DA BRESCIA;Scontro frontale fra veicoli in marcia;Rettilineo;Una carreggiata a doppio senso;Asciutto;Asfaltata;Verticale ed orizzontale;Sereno;Normale;Buona;;2;0;0;2;12.4729;41.9099;-1;2;Motociclo a solo;In marcia / fermata / arresto;Conducente;F;Rimandato;0;NON DECEDUTO;;
5819754;17;11/02/2022 08:50:00;Strada Urbana;PONTE REGINA MARGHERITA;da specificare;;;;PROX LUNGOTEVERE ARNALDO DA BRESCIA;Scontro frontale fra veicoli in marcia;Rettilineo;Una carreggiata a doppio senso;Asciutto;Asfaltata;Verticale ed orizzontale;Sereno;Normale;Buona;;2;0;0;2;12.4729;41.9099;-1;3;Autovettura privata;In marcia / fermata / arresto;Conducente;M;Illeso;0;;;
5819754;17;11/02/2022 08:50:00;Strada Urbana;PONTE REGINA MARGHERITA;da specificare;;;;PROX LUNGOTEVERE ARNALDO DA BRESCIA;Scontro frontale fra veicoli in marcia;Rettilineo;Una carreggiata a doppio senso;Asciutto;Asfaltata;Verticale ed orizzontale;Sereno;Normale;Buona;;2;0;0;2;12.4729;41.9099;-1;3;Autovettura privata;In marcia / fermata / arresto;Passeggero;F;Illeso;0;;;
5819772;4;11/02/2022 17:00:00;Strada Urbana;VIA GARGANO;in prossimità;;del civico n.;54;;Tamponamento;Rettilineo;Una carreggiata a doppio senso;Asciutto;Asfaltata;Verticale ed orizzontale;Sereno;Normale;Buona;;0;0;0;3;12.5343;41.9369;0;1;Autovettura privata;In marcia / fermata / arresto;Conducente;F;Illeso;0;;;
5819772;4;11/02/2022 17:00:00;Strada Urbana;VIA GARGANO;in prossimità;;del civico n.;54;;Tamponamento;Rettilineo;Una carreggiata a doppio senso;Asciutto;Asfaltata;Verticale ed orizzontale;Sereno;Normale;Buona;;0;0;0;3;12.5343;41.9369;0;2;Autovettura privata;In marcia / fermata / arresto;Conducente;F;Illeso;0;;;
5819772;4;11/02/2022 17:00:00;Strada Urbana;VIA GARGANO;in prossimità;;del civico n.;54;;Tamponamento;Rettilineo;Una carreggiata a doppio senso;Asciutto;Asfaltata;Verticale ed orizzontale;Sereno;Normale;Buona;;0;0;0;3;12.5343;41.9369;0;2;Autovettura privata;In marcia / fermata / arresto;Passeggero;F;Illeso;0;;;
5819785;7;12/02/2022 09:35:00;Strada Urbana;VIALE DELLA PRIMAVERA;all'intersezione con;PIAZZALE DELLE GARDENIE;PIAZZALE DELLE GARDENIE;;;Scontro laterale fra veicoli in marcia;Incrocio;Due carreggiate;Asciutto;Asfaltata;Verticale ed orizzontale;Sereno;Normale;Buona;;0;0;0;2;12.5613;41.8865;-1;1;Autobus di linea;In marcia / fermata / arresto;Conducente;M;Illeso;0;;Non accertato;
5819785;7;12/02/2022 09:35:00;Strada Urbana;VIALE DELLA PRIMAVERA;all'intersezione con;PIAZZALE DELLE GARDENIE;PIAZZALE DELLE GARDENIE;;;Scontro laterale fra veicoli in marcia;Incrocio;Due carreggiate;Asciutto;Asfaltata;Verticale ed orizzontale;Sereno;Normale;Buona;;0;0;0;2;12.5613;41.8865;-1;2;Autovettura privata;In marcia / fermata / arresto;Conducente;M;Illeso;0;;Non accertato;Inesploso
5819790;17;11/02/2022 12:10:00;Strada Urbana;VIA CANDIA;in corrispondenza;;del civico n.;6;;Scontro laterale fra veicoli in marcia;Rettilineo;Una carreggiata a senso unico di marcia;Asciutto;Asfaltata;Verticale ed orizzontale;Sereno;Normale;Buona;;0;0;0;2;12.4549;41.9087;-1;1;Autovettura privata;In marcia / fermata / arresto;Conducente;M;Illeso;0;;;
5819790;17;11/02/2022 12:10:00;Strada Urbana;VIA CANDIA;in corrispondenza;;del civico n.;6;;Scontro laterale fra veicoli in marcia;Rettilineo;Una carreggiata a senso unico di marcia;Asciutto;Asfaltata;Verticale ed orizzontale;Sereno;Normale;Buona;;0;0;0;2;12.4549;41.9087;-1;2;Autovettura privata;In marcia / fermata / arresto;Conducente;F;Illeso;0;;;
5819817;1;11/02/2022 23:50:00;Strada Urbana;VIALE DI TRASTEVERE;in corrispondenza;;del civico n.;27;;Scontro laterale fra veicoli in marcia;Rettilineo;Più di due carreggiate;Asciutto;Asfaltata;Verticale ed orizzontale;Sereno;Normale;Buona;;0;0;0;3;12.4738;41.8884;-1;1;Motociclo con passeggero;In marcia / fermata / arresto;Conducente;M;Illeso;0;;Non accertato;
5819817;1;11/02/2022 23:50:00;Strada Urbana;VIALE DI TRASTEVERE;in corrispondenza;;del civico n.;27;;Scontro laterale fra veicoli in marcia;Rettilineo;Più di due carreggiate;Asciutto;Asfaltata;Verticale ed orizzontale;Sereno;Normale;Buona;;0;0;0;3;12.4738;41.8884;-1;1;Motociclo con passeggero;In marcia / fermata / arresto;Passeggero;M;Illeso;0;;Non accertato;
5819817;1;11/02/2022 23:50:00;Strada Urbana;VIALE DI TRASTEVERE;in corrispondenza;;del civico n.;27;;Scontro laterale fra veicoli in marcia;Rettilineo;Più di due carreggiate;Asciutto;Asfaltata;Verticale ed orizzontale;Sereno;Normale;Buona;;0;0;0;3;12.4738;41.8884;-1;2;Autovettura privata;In marcia / fermata / arresto;Conducente;M;Illeso;0;;Non accertato;Inesploso
5819943;7;12/02/2022 11:20:00;Strada Urbana;VIALE DELLE GARDENIE;all'intersezione con;VIA DEI NOCI;VIA DEI NOCI;;;Scontro frontale/laterale DX fra veicoli in marcia;Incrocio;Due carreggiate;Asciutto;Asfaltata;Verticale ed orizzontale;Sereno;Normale;Buona;;0;0;0;2;12.5656;41.886;-1;1;Autovettura privata;In marcia / fermata / arresto;Conducente;M;Illeso;0;;;
5819943;7;12/02/2022 11:20:00;Strada Urbana;VIALE DELLE GARDENIE;all'intersezione con;VIA DEI NOCI;VIA DEI NOCI;;;Scontro frontale/laterale DX fra veicoli in marcia;Incrocio;Due carreggiate;Asciutto;Asfaltata;Verticale ed orizzontale;Sereno;Normale;Buona;;0;0;0;2;12.5656;41.886;-1;2;Autovettura privata;In marcia / fermata / arresto;Conducente;M;Illeso;0;;;
5819954;17;11/02/2022 15:50:00;Strada Urbana;VIA ANDREA DORIA;da specificare;;;;ALTEZZA VIA P. GIANNONE;Scontro laterale fra veicoli in marcia;Rettilineo;Una carreggiata a doppio senso;Asciutto;Asfaltata;Verticale ed orizzontale;Sereno;Intenso;Buona;;1;0;0;1;12.4509;41.9094;0;1;Autovettura privata;In marcia / fermata / arresto;Conducente;F;Illeso;0;;;
5819954;17;11/02/2022 15:50:00;Strada Urbana;VIA ANDREA DORIA;da specificare;;;;ALTEZZA VIA P. GIANNONE;Scontro laterale fra veicoli in marcia;Rettilineo;Una carreggiata a doppio senso;Asciutto;Asfaltata;Verticale ed orizzontale;Sereno;Intenso;Buona;;1;0;0;1;12.4509;41.9094;0;2;Velocipede;In marcia / fermata / arresto;Conducente;M;Rimandato;0;NON DECEDUTO;Esente;
5820016;17;11/02/2022 20:30:00;Strada Urbana;VIALE GIULIO CESARE;in prossimità;;del civico n.;89;;Veicolo in marcia contro veicolo fermo;Rettilineo;Una carreggiata a senso unico di marcia;Asciutto;Asfaltata;Verticale ed orizzontale;Sereno;Scarso;Sufficiente;;0;0;0;1;12.4613;41.91;-1;1;Autovettura privata;In marcia / fermata / arresto;Conducente;M;Illeso;0;;;
5820016;17;11/02/2022 20:30:00;Strada Urbana;VIALE GIULIO CESARE;in prossimità;;del civico n.;89;;Veicolo in marcia contro veicolo fermo;Rettilineo;Una carreggiata a senso unico di marcia;Asciutto;Asfaltata;Verticale ed orizzontale;Sereno;Scarso;Sufficiente;;0;0;0;1;12.4613;41.91;-1;2;Autovettura privata;Allontanatosi;;;;;;;
5820084;20;11/02/2022 18:15:00;Strada Urbana;VIA FRANCESCO MENGOTTI;all'intersezione con;VIA BONALDO STRINGHER;VIA BONALDO STRINGHER;;;Scontro frontale/laterale SX fra veicoli in marcia;Intersezione stradale segnalata;Una carreggiata a senso unico di marcia;Asciutto;Asfaltata;Verticale ed orizzontale;Sereno;Normale;Sufficiente;;0;0;0;2;12.4661;41.9438;-1;1;Autovettura privata;In marcia / fermata / arresto;Conducente;M;Illeso;0;;Non accertato;Inesploso
5820084;20;11/02/2022 18:15:00;Strada Urbana;VIA FRANCESCO MENGOTTI;all'intersezione con;VIA BONALDO STRINGHER;VIA BONALDO STRINGHER;;;Scontro frontale/laterale SX fra veicoli in marcia;Intersezione stradale segnalata;Una carreggiata a senso unico di marcia;Asciutto;Asfaltata;Verticale ed orizzontale;Sereno;Normale;Sufficiente;;0;0;0;2;12.4661;41.9438;-1;2;Quadriciclo leggero;In marcia / fermata / arresto;Conducente;M;Illeso;0;;Non accertato;Inesploso
5820120;20;11/02/2022 20:50:00;Strada Urbana;VIALE DI TOR DI QUINTO;in corrispondenza;;del civico n.;64;;Scontro frontale/laterale DX fra veicoli in marcia;Rettilineo;Una carreggiata a doppio senso;Asciutto;Asfaltata;Verticale ed orizzontale;Sereno;Normale;Buona;;0;0;0;3;12.4786;41.9384;-1;1;Autovettura privata;In marcia / fermata / arresto;Conducente;F;Illeso;0;;Non accertato;Inesploso
5820120;20;11/02/2022 20:50:00;Strada Urbana;VIALE DI TOR DI QUINTO;in corrispondenza;;del civico n.;64;;Scontro frontale/laterale DX fra veicoli in marcia;Rettilineo;Una carreggiata a doppio senso;Asciutto;Asfaltata;Verticale ed orizzontale;Sereno;Normale;Buona;;0;0;0;3;12.4786;41.9384;-1;2;Motociclo con passeggero;In marcia / fermata / arresto;Conducente;M;Illeso;0;;Non accertato;
5820120;20;11/02/2022 20:50:00;Strada Urbana;VIALE DI TOR DI QUINTO;in corrispondenza;;del civico n.;64;;Scontro frontale/laterale DX fra veicoli in marcia;Rettilineo;Una carreggiata a doppio senso;Asciutto;Asfaltata;Verticale ed orizzontale;Sereno;Normale;Buona;;0;0;0;3;12.4786;41.9384;-1;2;Motociclo con passeggero;In marcia / fermata / arresto;Passeggero;F;Illeso;0;;Non accertato;
5820136;20;11/02/2022 23:52:00;Strada Urbana;VIA CASSIA;all'intersezione semaforizzata con;VIA AL SESTO MIGLIO;VIA AL SESTO MIGLIO;;;Scontro laterale fra veicoli in marcia;Intersezione semaforizzata;Due carreggiate;Asciutto;Asfaltata;Verticale ed orizzontale;Sereno;Scarso;Buona;;0;0;0;6;12.4397;41.9671;-1;1;Autovettura privata;In marcia / fermata / arresto;Conducente;M;Illeso;0;;Non accertato;Inesploso
5820136;20;11/02/2022 23:52:00;Strada Urbana;VIA CASSIA;all'intersezione semaforizzata con;VIA AL SESTO MIGLIO;VIA AL SESTO MIGLIO;;;Scontro laterale fra veicoli in marcia;Intersezione semaforizzata;Due carreggiate;Asciutto;Asfaltata;Verticale ed orizzontale;Sereno;Scarso;Buona;;0;0;0;6;12.4397;41.9671;-1;1;Autovettura privata;In marcia / fermata / arresto;Passeggero;F;Illeso;0;;Non accertato;Inesploso
5820136;20;11/02/2022 23:52:00;Strada Urbana;VIA CASSIA;all'intersezione semaforizzata con;VIA AL SESTO MIGLIO;VIA AL SESTO MIGLIO;;;Scontro laterale fra veicoli in marcia;Intersezione semaforizzata;Due carreggiate;Asciutto;Asfaltata;Verticale ed orizzontale;Sereno;Scarso;Buona;;0;0;0;6;12.4397;41.9671;-1;2;Autovettura privata;In marcia / fermata / arresto;Conducente;M;Illeso;0;;Non accertato;Inesploso
5820136;20;11/02/2022 23:52:00;Strada Urbana;VIA CASSIA;all'intersezione semaforizzata con;VIA AL SESTO MIGLIO;VIA AL SESTO MIGLIO;;;Scontro laterale fra veicoli in marcia;Intersezione semaforizzata;Due carreggiate;Asciutto;Asfaltata;Verticale ed orizzontale;Sereno;Scarso;Buona;;0;0;0;6;12.4397;41.9671;-1;2;Autovettura privata;In marcia / fermata / arresto;Passeggero;M;Illeso;0;;Non accertato;Inesploso
5820136;20;11/02/2022 23:52:00;Strada Urbana;VIA CASSIA;all'intersezione semaforizzata con;VIA AL SESTO MIGLIO;VIA AL SESTO MIGLIO;;;Scontro laterale fra veicoli in marcia;Intersezione semaforizzata;Due carreggiate;Asciutto;Asfaltata;Verticale ed orizzontale;Sereno;Scarso;Buona;;0;0;0;6;12.4397;41.9671;-1;2;Autovettura privata;In marcia / fermata / arresto;Passeggero;M;Illeso;0;;Non accertato;Inesploso
5820166;2;11/02/2022 11:05:00;Strada Urbana;VIALE BRUNO BUOZZI;in prossimità;;del civico n.;71;;Scontro laterale fra veicoli in marcia;Rettilineo;Una carreggiata a doppio senso;Asciutto;Asfaltata;Orizzontale;Sereno;Normale;Buona;;0;0;0;3;12.4842;41.9219;-1;1;Autovettura privata;In marcia / fermata / arresto;Conducente;M;Illeso;0;;Non accertato;Inesploso
5820166;2;11/02/2022 11:05:00;Strada Urbana;VIALE BRUNO BUOZZI;in prossimità;;del civico n.;71;;Scontro laterale fra veicoli in marcia;Rettilineo;Una carreggiata a doppio senso;Asciutto;Asfaltata;Orizzontale;Sereno;Normale;Buona;;0;0;0;3;12.4842;41.9219;-1;1;Autovettura privata;In marcia / fermata / arresto;Passeggero;M;Illeso;0;;Non accertato;Inesploso
5820166;2;11/02/2022 11:05:00;Strada Urbana;VIALE BRUNO BUOZZI;in prossimità;;del civico n.;71;;Scontro laterale fra veicoli in marcia;Rettilineo;Una carreggiata a doppio senso;Asciutto;Asfaltata;Orizzontale;Sereno;Normale;Buona;;0;0;0;3;12.4842;41.9219;-1;2;Autovettura privata;In marcia / fermata / arresto;Conducente;F;Illeso;0;;Non accertato;Inesploso
5820183;2;11/02/2022 17:45:00;Strada Urbana;VIALE DEL MURO TORTO;da specificare;;;;direzione PIAZZALE BRASILE ;Tamponamento Multiplo;Rettilineo;Due carreggiate;Asciutto;Asfaltata;Verticale ed orizzontale;Sereno;Normale;Buona;;0;0;0;5;12.4817;41.9107;-1;1;Autovettura privata;In marcia / fermata / arresto;Conducente;F;Illeso;0;;Non accertato;Inesploso
5820183;2;11/02/2022 17:45:00;Strada Urbana;VIALE DEL MURO TORTO;da specificare;;;;direzione PIAZZALE BRASILE ;Tamponamento Multiplo;Rettilineo;Due carreggiate;Asciutto;Asfaltata;Verticale ed orizzontale;Sereno;Normale;Buona;;0;0;0;5;12.4817;41.9107;-1;2;Autovettura privata;In marcia / fermata / arresto;Conducente;M;Illeso;0;;Non accertato;Inesploso
5820183;2;11/02/2022 17:45:00;Strada Urbana;VIALE DEL MURO TORTO;da specificare;;;;direzione PIAZZALE BRASILE ;Tamponamento Multiplo;Rettilineo;Due carreggiate;Asciutto;Asfaltata;Verticale ed orizzontale;Sereno;Normale;Buona;;0;0;0;5;12.4817;41.9107;-1;3;Autovettura privata;In marcia / fermata / arresto;Conducente;M;Illeso;0;;Non accertato;Inesploso
5820183;2;11/02/2022 17:45:00;Strada Urbana;VIALE DEL MURO TORTO;da specificare;;;;direzione PIAZZALE BRASILE ;Tamponamento Multiplo;Rettilineo;Due carreggiate;Asciutto;Asfaltata;Verticale ed orizzontale;Sereno;Normale;Buona;;0;0;0;5;12.4817;41.9107;-1;3;Autovettura privata;In marcia / fermata / arresto;Passeggero;F;Illeso;0;;;
5820183;2;11/02/2022 17:45:00;Strada Urbana;VIALE DEL MURO TORTO;da specificare;;;;direzione PIAZZALE BRASILE ;Tamponamento Multiplo;Rettilineo;Due carreggiate;Asciutto;Asfaltata;Verticale ed orizzontale;Sereno;Normale;Buona;;0;0;0;5;12.4817;41.9107;-1;3;Autovettura privata;In marcia / fermata / arresto;Passeggero;M;Illeso;0;;;
5820200;2;12/02/2022 02:50:00;Strada Urbana;VIA SALARIA;in corrispondenza;;del civico n.;430;;Veicolo in marcia contro veicoli in sosta;Rettilineo;Una carreggiata a doppio senso;Asciutto;Asfaltata;Verticale ed orizzontale;Sereno;Scarso;Sufficiente;;0;0;0;2;12.5087;41.9297;-1;1;Autovettura privata;In marcia / fermata / arresto;Conducente;M;Illeso;0;;Non accertato;Inesploso
5820200;2;12/02/2022 02:50:00;Strada Urbana;VIA SALARIA;in corrispondenza;;del civico n.;430;;Veicolo in marcia contro veicoli in sosta;Rettilineo;Una carreggiata a doppio senso;Asciutto;Asfaltata;Verticale ed orizzontale;Sereno;Scarso;Sufficiente;;0;0;0;2;12.5087;41.9297;-1;1;Autovettura privata;In marcia / fermata / arresto;Passeggero;F;Illeso;0;;Non accertato;Inesploso
5820200;2;12/02/2022 02:50:00;Strada Urbana;VIA SALARIA;in corrispondenza;;del civico n.;430;;Veicolo in marcia contro veicoli in sosta;Rettilineo;Una carreggiata a doppio senso;Asciutto;Asfaltata;Verticale ed orizzontale;Sereno;Scarso;Sufficiente;;0;0;0;2;12.5087;41.9297;-1;2;Autovettura privata;Sosta;;;;;;;
5820200;2;12/02/2022 02:50:00;Strada Urbana;VIA SALARIA;in corrispondenza;;del civico n.;430;;Veicolo in marcia contro veicoli in sosta;Rettilineo;Una carreggiata a doppio senso;Asciutto;Asfaltata;Verticale ed orizzontale;Sereno;Scarso;Sufficiente;;0;0;0;2;12.5087;41.9297;-1;3;Autovettura privata;Sosta;;;;;;;
5820200;2;12/02/2022 02:50:00;Strada Urbana;VIA SALARIA;in corrispondenza;;del civico n.;430;;Veicolo in marcia contro veicoli in sosta;Rettilineo;Una carreggiata a doppio senso;Asciutto;Asfaltata;Verticale ed orizzontale;Sereno;Scarso;Sufficiente;;0;0;0;2;12.5087;41.9297;-1;4;Autovettura privata;Sosta;;;;;;;
5820254;11;12/02/2022 13:10:00;Strada Urbana;VIA LAURENTINA;in prossimità;;del civico n.;502;;Tamponamento Multiplo;Rettilineo;Due carreggiate;Asciutto;Asfaltata;Orizzontale;Sereno;Normale;Buona;;3;0;0;2;12.4792;41.8287;-1;1;Autoambulanza;In marcia / fermata / arresto;Conducente;M;Illeso;0;;Non accertato;Inesploso