Protocollo;Gruppo;DataOraIncidente;Localizzazione1;STRADA1;Localizzazione2;STRADA2;Strada02;Chilometrica;DaSpecificare;NaturaIncidente;particolaritastrade;TipoStrada;FondoStradale;Pavimentazione;Segnaletica;CondizioneAtmosferica;Traffico;Visibilita;Illuminazione;NUM_FERITI;NUM_RISERVATA;NUM_MORTI;NUM_ILLESI;Longitude;Latitude;Confermato;Progressivo;TipoVeicolo;StatoVeicolo;TipoPersona;Sesso;Tipolesione;Deceduto;DecedutoDopo;CinturaCascoUtilizzato;Airbag;
5823607;4;14/02/2022 11:30:00;Strada Urbana;VIA MONTE GIBERTO;all'intersezione con;VIADOTTO GIUSEPPE SARAGAT;VIADOTTO GIUSEPPE SARAGAT;;;Scontro frontale/laterale DX fra veicoli in marcia;Incrocio;Una carreggiata a doppio senso;Bagnato (pioggia);Asfaltata;Verticale ed orizzontale;Pioggia in atto;Normale;Buona;;1;0;0;1;12.5162;41.9788;-1;1;Autovettura privata;In marcia / fermata / arresto;Conducente;M;Illeso;0;;;
5823607;4;14/02/2022 11:30:00;Strada Urbana;VIA MONTE GIBERTO;all'intersezione con;VIADOTTO GIUSEPPE SARAGAT;VIADOTTO GIUSEPPE SARAGAT;;;Scontro frontale/laterale DX fra veicoli in marcia;Incrocio;Una carreggiata a doppio senso;Bagnato (pioggia);Asfaltata;Verticale ed orizzontale;Pioggia in atto;Normale;Buona;;1;0;0;1;12.5162;41.9788;-1;2;Motociclo a solo;In marcia / fermata / arresto;Conducente;M;Rimandato;0;NON DECEDUTO;Non accertato;
5823612;20;14/02/2022 14:35:00;Strada Urbana;VIA ISCHIA DI CASTRO;da specificare;;;;f.c. 152;Scontro laterale fra veicoli in marcia;Rettilineo;Una carreggiata a doppio senso;Bagnato (umidità in atto);Asfaltata;Verticale ed orizzontale;Nuvoloso;Normale;Buona;;0;0;0;2;12.4508;41.9684;-1;1;Autovettura privata;In marcia / fermata / arresto;Conducente;M;Illeso;0;;Non accertato;Inesploso
5823612;20;14/02/2022 14:35:00;Strada Urbana;VIA ISCHIA DI CASTRO;da specificare;;;;f.c. 152;Scontro laterale fra veicoli in marcia;Rettilineo;Una carreggiata a doppio senso;Bagnato (umidità in atto);Asfaltata;Verticale ed orizzontale;Nuvoloso;Normale;Buona;;0;0;0;2;12.4508;41.9684;-1;2;Autovettura privata;In marcia / fermata / arresto;Conducente;F;Illeso;0;;Non accertato;Inesploso
5823616;13;14/02/2022 12:00:00;;VIA DEL MARE;all'intersezione semaforizzata con;VIA DELLE AZZORRE;VIA DELLE AZZORRE;;;Scontro frontale/laterale DX fra veicoli in marcia;;;;;;;;;;0;0;0;3;12.2738;41.7413;0;1;Autovettura privata;In marcia / fermata / arresto;Conducente;M;Illeso;0;;;
5823616;13;14/02/2022 12:00:00;;VIA DEL MARE;all'intersezione semaforizzata con;VIA DELLE AZZORRE;VIA DELLE AZZORRE;;;Scontro frontale/laterale DX fra veicoli in marcia;;;;;;;;;;0;0;0;3;12.2738;41.7413;0;2;Autovettura privata;In marcia / fermata / arresto;Conducente;M;Illeso;0;;;
5823616;13;14/02/2022 12:00:00;;VIA DEL MARE;all'intersezione semaforizzata con;VIA DELLE AZZORRE;VIA DELLE AZZORRE;;;Scontro frontale/laterale DX fra veicoli in marcia;;;;;;;;;;0;0;0;3;12.2738;41.7413;0;2;Autovettura privata;In marcia / fermata / arresto;Passeggero;F;Illeso;0;;;
5823617;4;14/02/2022 14:30:00;Strada Urbana;VIA AGLIANA;da specificare;;;;fronte civico 14;Veicolo in marcia contro veicolo in sosta;Rettilineo;Una carreggiata a doppio senso;Asciutto;Asfaltata;Verticale ed orizzontale;Sereno;Normale;Buona;;0;0;0;1;12.5171;41.9574;0;1;Autovettura privata;Sosta;;;;;;;
5823617;4;14/02/2022 14:30:00;Strada Urbana;VIA AGLIANA;da specificare;;;;fronte civico 14;Veicolo in marcia contro veicolo in sosta;Rettilineo;Una carreggiata a doppio senso;Asciutto;Asfaltata;Verticale ed orizzontale;Sereno;Normale;Buona;;0;0;0;1;12.5171;41.9574;0;2;Autovettura privata;In marcia / fermata / arresto;Conducente;F;Illeso;0;;;
5823618;13;14/02/2022 07:20:00;Strada Urbana;VIALE DELLA STELLA POLARE;all'intersezione con;VIA ALGAJOLA;VIA ALGAJOLA;;;Scontro frontale/laterale DX fra veicoli in marcia;Incrocio;Due carreggiate;Asciutto;Asfaltata;Verticale ed orizzontale;Sereno;Normale;Buona;;2;0;0;1;12.2921;41.7263;-1;1;Autovettura privata;In marcia / fermata / arresto;Conducente;M;Illeso;0;;;Esploso
5823618;13;14/02/2022 07:20:00;Strada Urbana;VIALE DELLA STELLA POLARE;all'intersezione con;VIA ALGAJOLA;VIA ALGAJOLA;;;Scontro frontale/laterale DX fra veicoli in marcia;Incrocio;Due carreggiate;Asciutto;Asfaltata;Verticale ed orizzontale;Sereno;Normale;Buona;;2;0;0;1;12.2921;41.7263;-1;2;Autovettura di polizia;In marcia / fermata / arresto;Conducente;M;Rimandato;0;NON DECEDUTO;;
5823618;13;14/02/2022 07:20:00;Strada Urbana;VIALE DELLA STELLA POLARE;all'intersezione con;VIA ALGAJOLA;VIA ALGAJOLA;;;Scontro frontale/laterale DX fra veicoli in marcia;Incrocio;Due carreggiate;Asciutto;Asfaltata;Verticale ed orizzontale;Sereno;Normale;Buona;;2;0;0;1;12.2921;41.7263;-1;2;Autovettura di polizia;In marcia / fermata / arresto;Passeggero;M;Rimandato;0;NON DECEDUTO;;
5823626;1;14/02/2022 16:40:00;Strada Urbana;LUNGOTEVERE DE' CENCI;in corrispondenza;;del palo luce n.;2;;Scontro laterale fra veicoli in marcia;Rettilineo;;;;;Nuvoloso;Normale;;;1;0;0;0;;;0;1;Monopattino elettrico;In marcia / fermata / arresto;Conducente;M;Rimandato;0;NON DECEDUTO;;
5823630;15;14/02/2022 08:30:00;Strada Urbana;VIA DEI PRATI DEI PAPA;da specificare;;;;fronte civico 7A;Veicolo in marcia contro ostacolo fisso;Rettilineo;Una carreggiata a doppio senso;Asciutto;Asfaltata;Verticale ed orizzontale;Sereno;Scarso;Buona;;0;0;0;1;12.467;41.8661;-1;1;Veicolo speciale;In marcia / fermata / arresto;Conducente;M;Illeso;0;;Non accertato;Inesploso
5823643;4;14/02/2022 15:20:00;Strada Urbana;VIA NOMENTANA;da specificare;;;;prossimità svincolo Tangenziale est FORO ITALICO;Scontro laterale fra veicoli in marcia;Rettilineo;Due carreggiate;Asciutto;Asfaltata;Verticale ed orizzontale;Sereno;Normale;Buona;;0;0;0;4;12.5737;41.959;-1;1;Autovettura privata;In marcia / fermata / arresto;Conducente;M;Illeso;0;;Non accertato;
5823643;4;14/02/2022 15:20:00;Strada Urbana;VIA NOMENTANA;da specificare;;;;prossimità svincolo Tangenziale est FORO ITALICO;Scontro laterale fra veicoli in marcia;Rettilineo;Due carreggiate;Asciutto;Asfaltata;Verticale ed orizzontale;Sereno;Normale;Buona;;0;0;0;4;12.5737;41.959;-1;2;Autocarro inferiore 35 q.;In marcia / fermata / arresto;Conducente;M;Illeso;0;;Non accertato;
5823643;4;14/02/2022 15:20:00;Strada Urbana;VIA NOMENTANA;da specificare;;;;prossimità svincolo Tangenziale est FORO ITALICO;Scontro laterale fra veicoli in marcia;Rettilineo;Due carreggiate;Asciutto;Asfaltata;Verticale ed orizzontale;Sereno;Normale;Buona;;0;0;0;4;12.5737;41.959;-1;2;Autocarro inferiore 35 q.;In marcia / fermata / arresto;Passeggero;M;Illeso;0;;Non accertato;
5823643;4;14/02/2022 15:20:00;Strada Urbana;VIA NOMENTANA;da specificare;;;;prossimità svincolo Tangenziale est FORO ITALICO;Scontro laterale fra veicoli in marcia;Rettilineo;Due carreggiate;Asciutto;Asfaltata;Verticale ed orizzontale;Sereno;Normale;Buona;;0;0;0;4;12.5737;41.959;-1;2;Autocarro inferiore 35 q.;In marcia / fermata / arresto;Passeggero;F;Illeso;0;;Non accertato;
5823658;20;14/02/2022 08:05:00;Strada Urbana;VIA CASSIA;da specificare;;;;altezza via della Giustinana;Investimento di pedone;Rettilineo;Una carreggiata a doppio senso;Asciutto;Asfaltata;Verticale ed orizzontale;Sereno;Intenso;Buona;;1;0;0;1;12.4137;41.9828;-1;;;;Pedone;M;Rimandato;0;NON DECEDUTO;;
5823658;20;14/02/2022 08:05:00;Strada Urbana;VIA CASSIA;da specificare;;;;altezza via della Giustinana;Investimento di pedone;Rettilineo;Una carreggiata a doppio senso;Asciutto;Asfaltata;Verticale ed orizzontale;Sereno;Intenso;Buona;;1;0;0;1;12.4137;41.9828;-1;1;Autovettura privata;In marcia / fermata / arresto;Conducente;M;Illeso;0;;;
5823663;5;14/02/2022 11:45:00;Strada Urbana;VIA TIBURTINA;in corrispondenza;;del civico n.;602;;Scontro laterale fra veicoli in marcia;Rettilineo;Più di due carreggiate;Asciutto;Asfaltata;Verticale ed orizzontale;Nuvoloso;Intenso;Buona;;0;0;0;4;12.5448;41.9087;-1;1;Autovettura privata;In marcia / fermata / arresto;Conducente;F;Illeso;0;;Non accertato;
5823663;5;14/02/2022 11:45:00;Strada Urbana;VIA TIBURTINA;in corrispondenza;;del civico n.;602;;Scontro laterale fra veicoli in marcia;Rettilineo;Più di due carreggiate;Asciutto;Asfaltata;Verticale ed orizzontale;Nuvoloso;Intenso;Buona;;0;0;0;4;12.5448;41.9087;-1;2;Autovettura privata;In marcia / fermata / arresto;Conducente;M;Illeso;0;;Non accertato;
5823663;5;14/02/2022 11:45:00;Strada Urbana;VIA TIBURTINA;in corrispondenza;;del civico n.;602;;Scontro laterale fra veicoli in marcia;Rettilineo;Più di due carreggiate;Asciutto;Asfaltata;Verticale ed orizzontale;Nuvoloso;Intenso;Buona;;0;0;0;4;12.5448;41.9087;-1;2;Autovettura privata;In marcia / fermata / arresto;Passeggero;F;Illeso;0;;Non accertato;
5823663;5;14/02/2022 11:45:00;Strada Urbana;VIA TIBURTINA;in corrispondenza;;del civico n.;602;;Scontro laterale fra veicoli in marcia;Rettilineo;Più di due carreggiate;Asciutto;Asfaltata;Verticale ed orizzontale;Nuvoloso;Intenso;Buona;;0;0;0;4;12.5448;41.9087;-1;2;Autovettura privata;In marcia / fermata / arresto;Passeggero;F;Illeso;0;;Non accertato;
5823664;18;14/02/2022 13:10:00;Strada Urbana;VIA ETTORE STAMPINI;in prossimità;;del civico n.;30;;Scontro laterale fra veicoli in marcia;Curva senza visuale libera;Una carreggiata a doppio senso;Asciutto;Asfaltata;Verticale ed orizzontale;Sereno;Normale;Buona;;1;0;0;2;12.4343;41.9071;0;1;Autovettura privata;In marcia / fermata / arresto;Conducente;M;Illeso;0;;Non accertato;Inesploso
5823664;18;14/02/2022 13:10:00;Strada Urbana;VIA ETTORE STAMPINI;in prossimità;;del civico n.;30;;Scontro laterale fra veicoli in marcia;Curva senza visuale libera;Una carreggiata a doppio senso;Asciutto;Asfaltata;Verticale ed orizzontale;Sereno;Normale;Buona;;1;0;0;2;12.4343;41.9071;0;1;Autovettura privata;In marcia / fermata / arresto;Passeggero;M;Illeso;0;;Non accertato;Inesploso
5823664;18;14/02/2022 13:10:00;Strada Urbana;VIA ETTORE STAMPINI;in prossimità;;del civico n.;30;;Scontro laterale fra veicoli in marcia;Curva senza visuale libera;Una carreggiata a doppio senso;Asciutto;Asfaltata;Verticale ed orizzontale;Sereno;Normale;Buona;;1;0;0;2;12.4343;41.9071;0;2;Motociclo a solo;In marcia / fermata / arresto;Conducente;M;Rimandato;0;NON DECEDUTO;Non accertato;
5823665;1;15/02/2022 02:00:00;Strada Urbana;LARGO DI VILLA PERETTI;all'intersezione con;VIA DEL VIMINALE;VIA DEL VIMINALE;;;Scontro frontale/laterale SX fra veicoli in marcia;Intersezione stradale segnalata;Una carreggiata a senso unico di marcia;Bagnato (pioggia);Asfaltata;Assente;Pioggia in atto;Scarso;Buona;;0;0;0;3;12.4982;41.9018;-1;1;Autovettura privata;In marcia / fermata / arresto;Conducente;M;Illeso;0;;Non accertato;Inesploso
5823665;1;15/02/2022 02:00:00;Strada Urbana;LARGO DI VILLA PERETTI;all'intersezione con;VIA DEL VIMINALE;VIA DEL VIMINALE;;;Scontro frontale/laterale SX fra veicoli in marcia;Intersezione stradale segnalata;Una carreggiata a senso unico di marcia;Bagnato (pioggia);Asfaltata;Assente;Pioggia in atto;Scarso;Buona;;0;0;0;3;12.4982;41.9018;-1;1;Autovettura privata;In marcia / fermata / arresto;Passeggero;F;Illeso;0;;Non accertato;Inesploso
5823665;1;15/02/2022 02:00:00;Strada Urbana;LARGO DI VILLA PERETTI;all'intersezione con;VIA DEL VIMINALE;VIA DEL VIMINALE;;;Scontro frontale/laterale SX fra veicoli in marcia;Intersezione stradale segnalata;Una carreggiata a senso unico di marcia;Bagnato (pioggia);Asfaltata;Assente;Pioggia in atto;Scarso;Buona;;0;0;0;3;12.4982;41.9018;-1;2;Autovettura privata;In marcia / fermata / arresto;Conducente;M;Illeso;0;;Non accertato;Inesploso
5823681;5;14/02/2022 14:15:00;Strada Urbana;VIA IGINO GIORDANI;in prossimità;;del civico n.;70;;Scontro frontale fra veicoli in marcia;Rettilineo;Una carreggiata a doppio senso;Asciutto;Asfaltata;Orizzontale;Sereno;Normale;Buona;;1;0;0;2;12.5624;41.9065;-1;1;Motociclo a solo;In marcia / fermata / arresto;Conducente;M;Rimandato;0;NON DECEDUTO;Non accertato;
5823681;5;14/02/2022 14:15:00;Strada Urbana;VIA IGINO GIORDANI;in prossimità;;del civico n.;70;;Scontro frontale fra veicoli in marcia;Rettilineo;Una carreggiata a doppio senso;Asciutto;Asfaltata;Orizzontale;Sereno;Normale;Buona;;1;0;0;2;12.5624;41.9065;-1;2;Autovettura privata;In marcia / fermata / arresto;Conducente;M;Illeso;0;;Non accertato;
5823681;5;14/02/2022 14:15:00;Strada Urbana;VIA IGINO GIORDANI;in prossimità;;del civico n.;70;;Scontro frontale fra veicoli in marcia;Rettilineo;Una carreggiata a doppio senso;Asciutto;Asfaltata;Orizzontale;Sereno;Normale;Buona;;1;0;0;2;12.5624;41.9065;-1;2;Autovettura privata;In marcia / fermata / arresto;Passeggero;F;Illeso;0;;Non utilizzato;
5823681;5;14/02/2022 14:15:00;Strada Urbana;VIA IGINO GIORDANI;in prossimità;;del civico n.;70;;Scontro frontale fra veicoli in marcia;Rettilineo;Una carreggiata a doppio senso;Asciutto;Asfaltata;Orizzontale;Sereno;Normale;Buona;;1;0;0;2;12.5624;41.9065;-1;3;Autovettura privata;Sosta;;;;;;;
5823686;4;14/02/2022 15:20:00;Strada Urbana;VIA CONCA D'ORO;all'intersezione con;VIA VAL GRANA;VIA VAL GRANA;;;Scontro frontale/laterale SX fra veicoli in marcia;Intersezione stradale segnalata;Una carreggiata a doppio senso;Asciutto;Asfaltata;Verticale ed orizzontale;Sereno;Normale;Buona;;2;0;0;3;12.5169;41.9453;-1;1;Autovettura privata;In marcia / fermata / arresto;Conducente;F;Illeso;0;;Non accertato;Inesploso
5823686;4;14/02/2022 15:20:00;Strada Urbana;VIA CONCA D'ORO;all'intersezione con;VIA VAL GRANA;VIA VAL GRANA;;;Scontro frontale/laterale SX fra veicoli in marcia;Intersezione stradale segnalata;Una carreggiata a doppio senso;Asciutto;Asfaltata;Verticale ed orizzontale;Sereno;Normale;Buona;;2;0;0;3;12.5169;41.9453;-1;2;Autovettura privata;In marcia / fermata / arresto;Conducente;M;Rimandato;0;NON DECEDUTO;Non accertato;Inesploso
5823686;4;14/02/2022 15:20:00;Strada Urbana;VIA CONCA D'ORO;all'intersezione con;VIA VAL GRANA;VIA VAL GRANA;;;Scontro frontale/laterale SX fra veicoli in marcia;Intersezione stradale segnalata;Una carreggiata a doppio senso;Asciutto;Asfaltata;Verticale ed orizzontale;Sereno;Normale;Buona;;2;0;0;3;12.5169;41.9453;-1;2;Autovettura privata;In marcia / fermata / arresto;Passeggero;M;Illeso;0;;Non accertato;Inesploso
5823686;4;14/02/2022 15:20:00;Strada Urbana;VIA CONCA D'ORO;all'intersezione con;VIA VAL GRANA;VIA VAL GRANA;;;Scontro frontale/laterale SX fra veicoli in marcia;Intersezione stradale segnalata;Una carreggiata a doppio senso;Asciutto;Asfaltata;Verticale ed orizzontale;Sereno;Normale;Buona;;2;0;0;3;12.5169;41.9453;-1;2;Autovettura privata;In marcia / fermata / arresto;Passeggero;M;Rimandato;0;NON DECEDUTO;Non accertato;Inesploso
5823686;4;14/02/2022 15:20:00;Strada Urbana;VIA CONCA D'ORO;all'intersezione con;VIA VAL GRANA;VIA VAL GRANA;;;Scontro frontale/laterale SX fra veicoli in marcia;Intersezione stradale segnalata;Una carreggiata a doppio senso;Asciutto;Asfaltata;Verticale ed orizzontale;Sereno;Normale;Buona;;2;0;0;3;12.5169;41.9453;-1;2;Autovettura privata;In marcia / fermata / arresto;Passeggero;M;Illeso;0;;Non accertato;Inesploso
5823702;13;14/02/2022 08:10:00;Strada Urbana;VIA ALBERTO GALLI;in corrispondenza;;del civico n.;28;;Scontro laterale fra veicoli in marcia;Rettilineo;Una carreggiata a doppio senso;Asciutto;Asfaltata;Verticale;Sereno;Normale;Buona;;0;0;0;2;12.3578;41.7771;-1;1;Autovettura privata;In marcia / fermata / arresto;Conducente;F;Illeso;0;;;
5823702;13;14/02/2022 08:10:00;Strada Urbana;VIA ALBERTO GALLI;in corrispondenza;;del civico n.;28;;Scontro laterale fra veicoli in marcia;Rettilineo;Una carreggiata a doppio senso;Asciutto;Asfaltata;Verticale;Sereno;Normale;Buona;;0;0;0;2;12.3578;41.7771;-1;2;Autovettura privata;In marcia / fermata / arresto;Conducente;F;Illeso;0;;;
5823703;5;14/02/2022 16:00:00;Strada Urbana;VIA BONAGIUNTA ORBICCIANI DA LUCCA;all'intersezione con;VIA BELMONTE IN SABINA;VIA BELMONTE IN SABINA;;;Scontro frontale/laterale SX fra veicoli in marcia;Incrocio;Una carreggiata a doppio senso;Asciutto;Asfaltata;Verticale ed orizzontale;Sereno;Scarso;Buona;;0;0;0;2;12.6021;41.9541;-1;1;Autovettura privata;In marcia / fermata / arresto;Conducente;M;Illeso;0;;Non accertato;
5823703;5;14/02/2022 16:00:00;Strada Urbana;VIA BONAGIUNTA ORBICCIANI DA LUCCA;all'intersezione con;VIA BELMONTE IN SABINA;VIA BELMONTE IN SABINA;;;Scontro frontale/laterale SX fra veicoli in marcia;Incrocio;Una carreggiata a doppio senso;Asciutto;Asfaltata;Verticale ed orizzontale;Sereno;Scarso;Buona;;0;0;0;2;12.6021;41.9541;-1;2;Motociclo a solo;In marcia / fermata / arresto;Conducente;M;Illeso;0;;Non accertato;
5823711;18;14/02/2022 14:45:00;Strada Urbana;VIA DI TORREVECCHIA;in prossimità;;del civico n.;821;;Scontro frontale/laterale DX fra veicoli in marcia;Rettilineo;Una carreggiata a doppio senso;Bagnato (pioggia);Asfaltata;Verticale ed orizzontale;Nuvoloso;Intenso;Buona;;1;0;0;1;12.4091;41.918;-1;1;Motociclo a solo;In marcia / fermata / arresto;Conducente;M;Rimandato;0;NON DECEDUTO;Non accertato;
5823711;18;14/02/2022 14:45:00;Strada Urbana;VIA DI TORREVECCHIA;in prossimità;;del civico n.;821;;Scontro frontale/laterale DX fra veicoli in marcia;Rettilineo;Una carreggiata a doppio senso;Bagnato (pioggia);Asfaltata;Verticale ed orizzontale;Nuvoloso;Intenso;Buona;;1;0;0;1;12.4091;41.918;-1;2;Autovettura privata;In marcia / fermata / arresto;Conducente;M;Illeso;0;;Non accertato;Inesploso
5823714;5;14/02/2022 17:00:00;Strada Urbana;VIA DI CASAL BERTONE;all'intersezione con;VIA DI PORTONACCIO;VIA DI PORTONACCIO;;;Scontro frontale/laterale SX fra veicoli in marcia;Incrocio;Due carreggiate;Asciutto;Asfaltata;Verticale ed orizzontale;Sereno;Normale;Buona;;0;0;0;2;12.5352;41.898;-1;1;Veicolo speciale;In marcia / fermata / arresto;Conducente;M;Illeso;0;;Non accertato;Inesploso
5823714;5;14/02/2022 17:00:00;Strada Urbana;VIA DI CASAL BERTONE;all'intersezione con;VIA DI PORTONACCIO;VIA DI PORTONACCIO;;;Scontro frontale/laterale SX fra veicoli in marcia;Incrocio;Due carreggiate;Asciutto;Asfaltata;Verticale ed orizzontale;Sereno;Normale;Buona;;0;0;0;2;12.5352;41.898;-1;2;Autovettura privata;In marcia / fermata / arresto;Conducente;F;Illeso;0;;Non accertato;Inesploso
5823729;5;14/02/2022 23:30:00;Strada Urbana;VIA COLLATINA;all'intersezione con;VIA DI GROTTA DI GREGNA;VIA DI GROTTA DI GREGNA;;;Scontro frontale/laterale SX fra veicoli in marcia;Incrocio;Una carreggiata a doppio senso;Bagnato (pioggia);Asfaltata;Verticale ed orizzontale;Pioggia in atto;Scarso;Buona;;0;0;0;3;12.5677;41.9008;-1;1;Autovettura privata;In marcia / fermata / arresto;Conducente;M;Illeso;0;;Non accertato;
5823729;5;14/02/2022 23:30:00;Strada Urbana;VIA COLLATINA;all'intersezione con;VIA DI GROTTA DI GREGNA;VIA DI GROTTA DI GREGNA;;;Scontro frontale/laterale SX fra veicoli in marcia;Incrocio;Una carreggiata a doppio senso;Bagnato (pioggia);Asfaltata;Verticale ed orizzontale;Pioggia in atto;Scarso;Buona;;0;0;0;3;12.5677;41.9008;-1;2;Autovettura privata;In marcia / fermata / arresto;Conducente;M;Illeso;0;;Non accertato;
5823729;5;14/02/2022 23:30:00;Strada Urbana;VIA COLLATINA;all'intersezione con;VIA DI GROTTA DI GREGNA;VIA DI GROTTA DI GREGNA;;;Scontro frontale/laterale SX fra veicoli in marcia;Incrocio;Una carreggiata a doppio senso;Bagnato (pioggia);Asfaltata;Verticale ed orizzontale;Pioggia in atto;Scarso;Buona;;0;0;0;3;12.5677;41.9008;-1;2;Autovettura privata;In marcia / fermata / arresto;Passeggero;F;Illeso;0;;Non accertato;
5823735;17;14/02/2022 19:45:00;Strada Urbana;VIALE GIUSEPPE MAZZINI;in prossimità;;del civico n.;6;;Infortunio per sola frenata improvvisa;Rettilineo;Due carreggiate;Bagnato (pioggia);Asfaltata;Verticale ed orizzontale;Pioggia in atto;Normale;Buona;;1;0;0;1;12.4673;41.9179;-1;1;Motociclo a solo;In marcia / fermata / arresto;Conducente;F;Rimandato;0;NON DECEDUTO;;
5823735;17;14/02/2022 19:45:00;Strada Urbana;VIALE GIUSEPPE MAZZINI;in prossimità;;del civico n.;6;;Infortunio per sola frenata improvvisa;Rettilineo;Due carreggiate;Bagnato (pioggia);Asfaltata;Verticale ed orizzontale;Pioggia in atto;Normale;Buona;;1;0;0;1;12.4673;41.9179;-1;2;Autovettura privata;In marcia / fermata / arresto;Conducente;F;Illeso;0;;;
5823742;1;14/02/2022 15:25:00;Strada Urbana;PIAZZA ALBANIA;in prossimità;;del civico n.;31;;Scontro laterale fra veicoli in marcia;Pianeggiante;Una carreggiata a senso unico di marcia;Asciutto;In cubetti di porfido;Verticale ed orizzontale;Sereno;Normale;Buona;;0;0;0;2;12.4834;41.8803;-1;1;Autovettura privata;In marcia / fermata / arresto;Conducente;M;Illeso;0;;;
5823742;1;14/02/2022 15:25:00;Strada Urbana;PIAZZA ALBANIA;in prossimità;;del civico n.;31;;Scontro laterale fra veicoli in marcia;Pianeggiante;Una carreggiata a senso unico di marcia;Asciutto;In cubetti di porfido;Verticale ed orizzontale;Sereno;Normale;Buona;;0;0;0;2;12.4834;41.8803;-1;2;Motociclo a solo;In marcia / fermata / arresto;Conducente;M;Illeso;0;;;
5823742;1;14/02/2022 15:25:00;Strada Urbana;PIAZZA ALBANIA;in prossimità;;del civico n.;31;;Scontro laterale fra veicoli in marcia;Pianeggiante;Una carreggiata a senso unico di marcia;Asciutto;In cubetti di porfido;Verticale ed orizzontale;Sereno;Normale;Buona;;0;0;0;2;12.4834;41.8803;-1;3;Autovettura privata;Sosta;;;;;;;
5823763;20;14/02/2022 05:15:00;Strada Urbana;VIALE DI TOR DI QUINTO;in prossimità;;del civico n.;60;;Veicolo in marcia contro ostacolo fisso;Rettilineo;Una carreggiata a doppio senso;Asciutto;Asfaltata;Verticale ed orizzontale;Sereno;Scarso;Buona;;0;0;0;1;12.4776;41.9378;-1;1;Autovettura privata;In marcia / fermata / arresto;Conducente;M;Illeso;0;;Non accertato;Inesploso
5823770;13;14/02/2022 14:40:00;Strada Urbana;VIA DELLE QUINQUEREMI;all'intersezione con;VIA DEL BUCINTORO;VIA DEL BUCINTORO;;;Scontro frontale/laterale DX fra veicoli in marcia;Incrocio;Una carreggiata a doppio senso;Asciutto;Asfaltata;Verticale ed orizzontale;Sereno;Normale;Buona;;0;0;0;3;12.2963;41.7234;-1;1;Autovettura privata;In marcia / fermata / arresto;Conducente;F;Illeso;0;;;
5823770;13;14/02/2022 14:40:00;Strada Urbana;VIA DELLE QUINQUEREMI;all'intersezione con;VIA DEL BUCINTORO;VIA DEL BUCINTORO;;;Scontro frontale/laterale DX fra veicoli in marcia;Incrocio;Una carreggiata a doppio senso;Asciutto;Asfaltata;Verticale ed orizzontale;Sereno;Normale;Buona;;0;0;0;3;12.2963;41.7234;-1;1;Autovettura privata;In marcia / fermata / arresto;Passeggero;F;Illeso;0;;;
5823770;13;14/02/2022 14:40:00;Strada Urbana;VIA DELLE QUINQUEREMI;all'intersezione con;VIA DEL BUCINTORO;VIA DEL BUCINTORO;;;Scontro frontale/laterale DX fra veicoli in marcia;Incrocio;Una carreggiata a doppio senso;Asciutto;Asfaltata;Verticale ed orizzontale;Sereno;Normale;Buona;;0;0;0;3;12.2963;41.7234;-1;2;Motociclo a solo;In marcia / fermata / arresto;Conducente;M;Illeso;0;;;
5823770;13;14/02/2022 14:40:00;Strada Urbana;VIA DELLE QUINQUEREMI;all'intersezione con;VIA DEL BUCINTORO;VIA DEL BUCINTORO;;;Scontro frontale/laterale DX fra veicoli in marcia;Incrocio;Una carreggiata a doppio senso;Asciutto;Asfaltata;Verticale ed orizzontale;Sereno;Normale;Buona;;0;0;0;3;12.2963;41.7234;-1;3;Autovettura privata;Sosta;;;;;;;
5823779;13;14/02/2022 14:18:00;Strada Urbana;VIALE CHARLES LENORMANT;all'intersezione con;VIADOTTO ZELIA NUTTALL;VIADOTTO ZELIA NUTTALL;;;Scontro laterale fra veicoli in marcia;Rotatoria;Una carreggiata a senso unico di marcia;Asciutto;Asfaltata;Verticale ed orizzontale;Sereno;Normale;Buona;;0;0;0;6;12.3293;41.7728;-1;1;Autovettura privata;In marcia / fermata / arresto;Conducente;M;Illeso;0;;;
5823779;13;14/02/2022 14:18:00;Strada Urbana;VIALE CHARLES LENORMANT;all'intersezione con;VIADOTTO ZELIA NUTTALL;VIADOTTO ZELIA NUTTALL;;;Scontro laterale fra veicoli in marcia;Rotatoria;Una carreggiata a senso unico di marcia;Asciutto;Asfaltata;Verticale ed orizzontale;Sereno;Normale;Buona;;0;0;0;6;12.3293;41.7728;-1;1;Autovettura privata;In marcia / fermata / arresto;Passeggero;M;Illeso;0;;;
5823779;13;14/02/2022 14:18:00;Strada Urbana;VIALE CHARLES LENORMANT;all'intersezione con;VIADOTTO ZELIA NUTTALL;VIADOTTO ZELIA NUTTALL;;;Scontro laterale fra veicoli in marcia;Rotatoria;Una carreggiata a senso unico di marcia;Asciutto;Asfaltata;Verticale ed orizzontale;Sereno;Normale;Buona;;0;0;0;6;12.3293;41.7728;-1;1;Autovettura privata;In marcia / fermata / arresto;Passeggero;F;Illeso;0;;;