Protocollo;Gruppo;DataOraIncidente;Localizzazione1;STRADA1;Localizzazione2;STRADA2;Strada02;Chilometrica;DaSpecificare;NaturaIncidente;particolaritastrade;TipoStrada;FondoStradale;Pavimentazione;Segnaletica;CondizioneAtmosferica;Traffico;Visibilita;Illuminazione;NUM_FERITI;NUM_RISERVATA;NUM_MORTI;NUM_ILLESI;Longitude;Latitude;Confermato;Progressivo;TipoVeicolo;StatoVeicolo;TipoPersona;Sesso;Tipolesione;Deceduto;DecedutoDopo;CinturaCascoUtilizzato;Airbag;
5825311;17;15/02/2022 09:20:00;Strada Urbana;VIALE GIULIO CESARE;in corrispondenza;;del civico n.;71;;Ribaltamento senza urto contro ostacolo fisso;Rettilineo;Due carreggiate;Bagnato (umidità in atto);Asfaltata;Verticale ed orizzontale;Nuvoloso;Normale;Sufficiente;;0;0;0;2;12.4623;41.9102;0;2;Motociclo a solo;In marcia / fermata / arresto;Conducente;M;Illeso;0;;;
5825317;12;15/02/2022 07:40:00;Strada Urbana;VIA DI S. FUMIA;all'intersezione con;VIA STIO;VIA STIO;;;Veicolo in marcia contro ostacolo accidentale;Incrocio;Una carreggiata a doppio senso;Bagnato (pioggia);Asfaltata;Verticale ed orizzontale;Nuvoloso;Scarso;Buona;;0;0;0;1;12.5897;41.7383;-1;1;Autovettura privata;In marcia / fermata / arresto;Conducente;F;Illeso;0;;Non accertato;Inesploso
5825322;5;15/02/2022 20:30:00;Strada Urbana;VIA DEI MONTI TIBURTINI;all'intersezione semaforizzata con;VIA DEI DURANTINI;VIA DEI DURANTINI;;;Scontro frontale/laterale DX fra veicoli in marcia;Incrocio;Due carreggiate;Asciutto;Asfaltata;Verticale ed orizzontale;Sereno;Normale;Buona;;0;0;0;3;12.543;41.9172;-1;1;Motociclo con passeggero;In marcia / fermata / arresto;Conducente;M;Illeso;0;;Non accertato;
5825322;5;15/02/2022 20:30:00;Strada Urbana;VIA DEI MONTI TIBURTINI;all'intersezione semaforizzata con;VIA DEI DURANTINI;VIA DEI DURANTINI;;;Scontro frontale/laterale DX fra veicoli in marcia;Incrocio;Due carreggiate;Asciutto;Asfaltata;Verticale ed orizzontale;Sereno;Normale;Buona;;0;0;0;3;12.543;41.9172;-1;1;Motociclo con passeggero;In marcia / fermata / arresto;Passeggero;F;Illeso;0;;Non accertato;
5825322;5;15/02/2022 20:30:00;Strada Urbana;VIA DEI MONTI TIBURTINI;all'intersezione semaforizzata con;VIA DEI DURANTINI;VIA DEI DURANTINI;;;Scontro frontale/laterale DX fra veicoli in marcia;Incrocio;Due carreggiate;Asciutto;Asfaltata;Verticale ed orizzontale;Sereno;Normale;Buona;;0;0;0;3;12.543;41.9172;-1;2;Autovettura privata;In marcia / fermata / arresto;Conducente;F;Illeso;0;;Non accertato;
5825361;19;15/02/2022 18:50:00;Strada Urbana;VIA DELLA PINETA SACCHETTI;da specificare;;;;pross. via Sorelle Marchisio;Tamponamento Multiplo;Rettilineo;Una carreggiata a senso unico di marcia;Asciutto;Asfaltata;Verticale ed orizzontale;Nuvoloso;Normale;Buona;;3;0;0;0;12.425;41.9245;-1;1;Autovettura privata;In marcia / fermata / arresto;Conducente;M;Rifiuta cure immediate;0;NON DECEDUTO;;
5825361;19;15/02/2022 18:50:00;Strada Urbana;VIA DELLA PINETA SACCHETTI;da specificare;;;;pross. via Sorelle Marchisio;Tamponamento Multiplo;Rettilineo;Una carreggiata a senso unico di marcia;Asciutto;Asfaltata;Verticale ed orizzontale;Nuvoloso;Normale;Buona;;3;0;0;0;12.425;41.9245;-1;2;Autovettura privata;In marcia / fermata / arresto;Conducente;M;Rifiuta cure immediate;0;NON DECEDUTO;;
5825361;19;15/02/2022 18:50:00;Strada Urbana;VIA DELLA PINETA SACCHETTI;da specificare;;;;pross. via Sorelle Marchisio;Tamponamento Multiplo;Rettilineo;Una carreggiata a senso unico di marcia;Asciutto;Asfaltata;Verticale ed orizzontale;Nuvoloso;Normale;Buona;;3;0;0;0;12.425;41.9245;-1;3;Autovettura privata;In marcia / fermata / arresto;Conducente;F;Rifiuta cure immediate;0;NON DECEDUTO;;
5825370;20;15/02/2022 09:55:00;Strada Urbana;CORSO DI FRANCIA;da specificare;;;;prossimità via di Villa Severini;Tamponamento;Rettilineo;Due carreggiate;Bagnato (umidità in atto);Asfaltata;Verticale ed orizzontale;Nuvoloso;Normale;Buona;;0;0;0;2;12.4717;41.9367;-1;1;Autovettura privata;In marcia / fermata / arresto;Conducente;F;Illeso;0;;;
5825370;20;15/02/2022 09:55:00;Strada Urbana;CORSO DI FRANCIA;da specificare;;;;prossimità via di Villa Severini;Tamponamento;Rettilineo;Due carreggiate;Bagnato (umidità in atto);Asfaltata;Verticale ed orizzontale;Nuvoloso;Normale;Buona;;0;0;0;2;12.4717;41.9367;-1;2;Autovettura privata;In marcia / fermata / arresto;Conducente;M;Illeso;0;;Non accertato;
5825389;18;15/02/2022 19:00:00;Strada Urbana;PIAZZA PIO XI;da specificare;;;;fronte civico 18;Veicolo in marcia contro veicolo in sosta;Rettilineo;Una carreggiata a senso unico di marcia;Asciutto;Asfaltata;Verticale ed orizzontale;Nuvoloso;Scarso;Sufficiente;;0;0;0;1;12.4386;41.895;0;1;Autovettura privata;In marcia / fermata / arresto;Conducente;F;Illeso;0;;;
5825389;18;15/02/2022 19:00:00;Strada Urbana;PIAZZA PIO XI;da specificare;;;;fronte civico 18;Veicolo in marcia contro veicolo in sosta;Rettilineo;Una carreggiata a senso unico di marcia;Asciutto;Asfaltata;Verticale ed orizzontale;Nuvoloso;Scarso;Sufficiente;;0;0;0;1;12.4386;41.895;0;2;Autovettura privata;Sosta;;;;;;;
5825393;4;15/02/2022 06:00:00;Strada Urbana;PIAZZA GIUSEPPE PRIMOLI;all'intersezione semaforizzata con;VIA RENATO FUCINI;VIA RENATO FUCINI;;;Scontro laterale fra veicoli in marcia;Incrocio;Due carreggiate;Bagnato (pioggia);Asfaltata;Verticale ed orizzontale;Pioggia in atto;Scarso;Insufficiente;;0;0;0;2;12.5525;41.945;-1;1;Autocarro inferiore 35 q.;In marcia / fermata / arresto;Conducente;M;Illeso;0;;;
5825393;4;15/02/2022 06:00:00;Strada Urbana;PIAZZA GIUSEPPE PRIMOLI;all'intersezione semaforizzata con;VIA RENATO FUCINI;VIA RENATO FUCINI;;;Scontro laterale fra veicoli in marcia;Incrocio;Due carreggiate;Bagnato (pioggia);Asfaltata;Verticale ed orizzontale;Pioggia in atto;Scarso;Insufficiente;;0;0;0;2;12.5525;41.945;-1;2;Autocarro inferiore 35 q.;In marcia / fermata / arresto;Conducente;M;Illeso;0;;;
5825408;4;15/02/2022 11:50:00;Strada Urbana;VIA SALARIA;in prossimità;;del civico n.;719;;Tamponamento Multiplo;Rettilineo;Due carreggiate;Asciutto;Asfaltata;Orizzontale;Nuvoloso;Intenso;Buona;;1;0;0;3;12.5066;41.9443;-1;1;Autovettura privata;In marcia / fermata / arresto;Conducente;M;Illeso;0;;Non accertato;Inesploso
5825408;4;15/02/2022 11:50:00;Strada Urbana;VIA SALARIA;in prossimità;;del civico n.;719;;Tamponamento Multiplo;Rettilineo;Due carreggiate;Asciutto;Asfaltata;Orizzontale;Nuvoloso;Intenso;Buona;;1;0;0;3;12.5066;41.9443;-1;2;Autovettura privata;In marcia / fermata / arresto;Conducente;M;Illeso;0;;;
5825408;4;15/02/2022 11:50:00;Strada Urbana;VIA SALARIA;in prossimità;;del civico n.;719;;Tamponamento Multiplo;Rettilineo;Due carreggiate;Asciutto;Asfaltata;Orizzontale;Nuvoloso;Intenso;Buona;;1;0;0;3;12.5066;41.9443;-1;3;Autovettura privata;In marcia / fermata / arresto;Conducente;M;Illeso;0;;;
5825408;4;15/02/2022 11:50:00;Strada Urbana;VIA SALARIA;in prossimità;;del civico n.;719;;Tamponamento Multiplo;Rettilineo;Due carreggiate;Asciutto;Asfaltata;Orizzontale;Nuvoloso;Intenso;Buona;;1;0;0;3;12.5066;41.9443;-1;4;Autovettura privata;In marcia / fermata / arresto;Conducente;M;Rifiuta cure immediate;0;NON DECEDUTO;;
5825416;18;16/02/2022 08:20:00;Statale;VIA AURELIA;in corrispondenza;;della chilometrica;9.6;;Tamponamento;Curva a visuale libera;Due carreggiate;Bagnato (umidità in atto);Asfaltata;Verticale ed orizzontale;Nuvoloso;Normale;Buona;;0;0;0;4;12.3879;41.8861;-1;1;Autovettura privata;In marcia / fermata / arresto;Conducente;M;Illeso;0;;;
5825416;18;16/02/2022 08:20:00;Statale;VIA AURELIA;in corrispondenza;;della chilometrica;9.6;;Tamponamento;Curva a visuale libera;Due carreggiate;Bagnato (umidità in atto);Asfaltata;Verticale ed orizzontale;Nuvoloso;Normale;Buona;;0;0;0;4;12.3879;41.8861;-1;2;Autovettura privata;In marcia / fermata / arresto;Conducente;M;Illeso;0;;;
5825416;18;16/02/2022 08:20:00;Statale;VIA AURELIA;in corrispondenza;;della chilometrica;9.6;;Tamponamento;Curva a visuale libera;Due carreggiate;Bagnato (umidità in atto);Asfaltata;Verticale ed orizzontale;Nuvoloso;Normale;Buona;;0;0;0;4;12.3879;41.8861;-1;2;Autovettura privata;In marcia / fermata / arresto;Passeggero;M;Illeso;0;;;
5825416;18;16/02/2022 08:20:00;Statale;VIA AURELIA;in corrispondenza;;della chilometrica;9.6;;Tamponamento;Curva a visuale libera;Due carreggiate;Bagnato (umidità in atto);Asfaltata;Verticale ed orizzontale;Nuvoloso;Normale;Buona;;0;0;0;4;12.3879;41.8861;-1;2;Autovettura privata;In marcia / fermata / arresto;Passeggero;M;Illeso;0;;;
5825417;17;15/02/2022 18:50:00;Strada Urbana;VIA ANDREA DORIA;all'intersezione semaforizzata con;VIA GIROLAMO SAVONAROLA;VIA GIROLAMO SAVONAROLA;;;Investimento di pedone;Intersezione semaforizzata;Una carreggiata a doppio senso;Asciutto;Asfaltata;Verticale ed orizzontale;Sereno;Normale;Buona;;2;0;0;0;12.452;41.9097;-1;;;;Pedone;F;Rimandato;0;NON DECEDUTO;;
5825417;17;15/02/2022 18:50:00;Strada Urbana;VIA ANDREA DORIA;all'intersezione semaforizzata con;VIA GIROLAMO SAVONAROLA;VIA GIROLAMO SAVONAROLA;;;Investimento di pedone;Intersezione semaforizzata;Una carreggiata a doppio senso;Asciutto;Asfaltata;Verticale ed orizzontale;Sereno;Normale;Buona;;2;0;0;0;12.452;41.9097;-1;1;Motociclo a solo;In marcia / fermata / arresto;Conducente;M;Rimandato;0;NON DECEDUTO;;
5825419;1;15/02/2022 19:10:00;Strada Urbana;VIA CERNAIA;all'intersezione con;VIA PASTRENGO;VIA PASTRENGO;;;Scontro laterale fra veicoli in marcia;Incrocio;Una carreggiata a senso unico di marcia;Asciutto;Asfaltata;Verticale ed orizzontale;Nuvoloso;Normale;Sufficiente;;0;0;0;5;12.4974;41.9046;-1;1;Motociclo a solo;In marcia / fermata / arresto;Conducente;M;Illeso;0;;Non accertato;
5825419;1;15/02/2022 19:10:00;Strada Urbana;VIA CERNAIA;all'intersezione con;VIA PASTRENGO;VIA PASTRENGO;;;Scontro laterale fra veicoli in marcia;Incrocio;Una carreggiata a senso unico di marcia;Asciutto;Asfaltata;Verticale ed orizzontale;Nuvoloso;Normale;Sufficiente;;0;0;0;5;12.4974;41.9046;-1;2;Autovettura privata;In marcia / fermata / arresto;Conducente;M;Illeso;0;;Non accertato;Inesploso
5825419;1;15/02/2022 19:10:00;Strada Urbana;VIA CERNAIA;all'intersezione con;VIA PASTRENGO;VIA PASTRENGO;;;Scontro laterale fra veicoli in marcia;Incrocio;Una carreggiata a senso unico di marcia;Asciutto;Asfaltata;Verticale ed orizzontale;Nuvoloso;Normale;Sufficiente;;0;0;0;5;12.4974;41.9046;-1;2;Autovettura privata;In marcia / fermata / arresto;Passeggero;M;Illeso;0;;Non accertato;Inesploso
5825419;1;15/02/2022 19:10:00;Strada Urbana;VIA CERNAIA;all'intersezione con;VIA PASTRENGO;VIA PASTRENGO;;;Scontro laterale fra veicoli in marcia;Incrocio;Una carreggiata a senso unico di marcia;Asciutto;Asfaltata;Verticale ed orizzontale;Nuvoloso;Normale;Sufficiente;;0;0;0;5;12.4974;41.9046;-1;2;Autovettura privata;In marcia / fermata / arresto;Passeggero;F;Illeso;0;;Non accertato;Inesploso
5825429;4;15/02/2022 13:00:00;Strada Urbana;VIA DEI CAMPI FLEGREI;all'intersezione con;VIA VALSUGANA;VIA VALSUGANA;;;Investimento di pedone;Intersezione stradale segnalata;Una carreggiata a senso unico di marcia;Bagnato (umidità in atto);Asfaltata;Verticale ed orizzontale;Nuvoloso;Normale;Buona;;0;0;0;2;12.5263;41.9332;-1;;;;Pedone;M;Illeso;0;;;
5825429;4;15/02/2022 13:00:00;Strada Urbana;VIA DEI CAMPI FLEGREI;all'intersezione con;VIA VALSUGANA;VIA VALSUGANA;;;Investimento di pedone;Intersezione stradale segnalata;Una carreggiata a senso unico di marcia;Bagnato (umidità in atto);Asfaltata;Verticale ed orizzontale;Nuvoloso;Normale;Buona;;0;0;0;2;12.5263;41.9332;-1;1;Autovettura privata;In marcia / fermata / arresto;Conducente;M;Illeso;0;;Non accertato;Inesploso
5825439;18;15/02/2022 18:40:00;Strada Urbana;PIAZZA DI VILLA CARPEGNA;in prossimità;;del civico n.;45;;Investimento di pedone;Rettilineo;Una carreggiata a senso unico di marcia;Asciutto;Asfaltata;Verticale ed orizzontale;Sereno;Normale;Buona;;1;0;0;1;12.4299;41.8954;-1;;;;Pedone;F;Rimandato;0;NON DECEDUTO;;
5825439;18;15/02/2022 18:40:00;Strada Urbana;PIAZZA DI VILLA CARPEGNA;in prossimità;;del civico n.;45;;Investimento di pedone;Rettilineo;Una carreggiata a senso unico di marcia;Asciutto;Asfaltata;Verticale ed orizzontale;Sereno;Normale;Buona;;1;0;0;1;12.4299;41.8954;-1;1;Autovettura privata;In marcia / fermata / arresto;Conducente;M;Illeso;0;;Non accertato;Inesploso
5825449;6;16/02/2022 06:45:00;Strada Urbana;VIA DI PORTONACCIO;da specificare;;;;alt. Palo Acea 131;Scontro laterale fra veicoli in marcia;Curva a visuale libera;Due carreggiate;Asciutto;Asfaltata;Assente;Sereno;Normale;Buona;;1;0;0;1;12.5419;41.8931;-1;1;Motociclo a solo;In marcia / fermata / arresto;Conducente;M;Rifiuta cure immediate;0;NON DECEDUTO;Non accertato;
5825449;6;16/02/2022 06:45:00;Strada Urbana;VIA DI PORTONACCIO;da specificare;;;;alt. Palo Acea 131;Scontro laterale fra veicoli in marcia;Curva a visuale libera;Due carreggiate;Asciutto;Asfaltata;Assente;Sereno;Normale;Buona;;1;0;0;1;12.5419;41.8931;-1;2;Autovettura privata;In marcia / fermata / arresto;Conducente;M;Illeso;0;;Non accertato;Inesploso
5825458;6;15/02/2022;Strada Urbana;VIA DELLA MARRANELLA;da specificare;;;;altezza via ERATOSTENE;Veicolo in marcia contro veicolo in sosta;Rettilineo;Una carreggiata a senso unico di marcia;Asciutto;Asfaltata;Verticale ed orizzontale;Sereno;Scarso;Sufficiente;;0;0;0;0;12.5424;41.8817;-1;2;Autovettura privata;Sosta;;;;;;;
5825474;2;15/02/2022 12:00:00;Strada Urbana;VIA BARNABA TORTOLINI;all'intersezione con;VIA ARCHIMEDE;VIA ARCHIMEDE;;;Veicolo in marcia contro veicolo in sosta;Intersezione stradale segnalata;Una carreggiata a senso unico di marcia;Asciutto;Asfaltata;Verticale ed orizzontale;Sereno;Normale;Buona;;0;0;0;1;12.4771;41.9273;-1;1;Autovettura privata;Sosta;;;;;;;
5825474;2;15/02/2022 12:00:00;Strada Urbana;VIA BARNABA TORTOLINI;all'intersezione con;VIA ARCHIMEDE;VIA ARCHIMEDE;;;Veicolo in marcia contro veicolo in sosta;Intersezione stradale segnalata;Una carreggiata a senso unico di marcia;Asciutto;Asfaltata;Verticale ed orizzontale;Sereno;Normale;Buona;;0;0;0;1;12.4771;41.9273;-1;2;Autocarro inferiore 35 q.;In marcia / fermata / arresto;Conducente;M;Illeso;0;;Non accertato;Inesploso
5825477;2;15/02/2022 08:45:00;Strada Urbana;VIA PO;all'intersezione con;VIA SIMETO;VIA SIMETO;;;Veicolo in marcia contro veicolo in sosta;Incrocio;Due carreggiate;Asciutto;Asfaltata;Verticale ed orizzontale;Sereno;Normale;Buona;;0;0;0;1;12.4959;41.9151;-1;1;Autovettura privata;In marcia / fermata / arresto;Conducente;M;Illeso;0;;Non accertato;Inesploso
5825477;2;15/02/2022 08:45:00;Strada Urbana;VIA PO;all'intersezione con;VIA SIMETO;VIA SIMETO;;;Veicolo in marcia contro veicolo in sosta;Incrocio;Due carreggiate;Asciutto;Asfaltata;Verticale ed orizzontale;Sereno;Normale;Buona;;0;0;0;1;12.4959;41.9151;-1;2;Autocarro inferiore 35 q.;Sosta;;;;;;;
5825481;2;15/02/2022 19:15:00;Strada Urbana;VIA ANTONAZZO ROMANO;all'intersezione con;LUNGOTEVERE FLAMINIO;LUNGOTEVERE FLAMINIO;;;Scontro laterale fra veicoli in marcia;Incrocio;Due carreggiate;Asciutto;Asfaltata;Verticale ed orizzontale;Sereno;Normale;Buona;;0;0;0;2;12.4617;41.9295;-1;1;Motociclo a solo;In marcia / fermata / arresto;Conducente;M;Illeso;0;;Non accertato;
5825481;2;15/02/2022 19:15:00;Strada Urbana;VIA ANTONAZZO ROMANO;all'intersezione con;LUNGOTEVERE FLAMINIO;LUNGOTEVERE FLAMINIO;;;Scontro laterale fra veicoli in marcia;Incrocio;Due carreggiate;Asciutto;Asfaltata;Verticale ed orizzontale;Sereno;Normale;Buona;;0;0;0;2;12.4617;41.9295;-1;2;Autovettura privata;In marcia / fermata / arresto;Conducente;M;Illeso;0;;Non accertato;Inesploso
5825485;2;16/02/2022;Strada Urbana;VIA DELLA LEGA LOMBARDA;all'intersezione semaforizzata con;VIA GIANO DELLA BELLA;VIA GIANO DELLA BELLA;;;Veicolo in marcia contro ostacolo fisso;Incrocio;Una carreggiata a doppio senso;Asciutto;Asfaltata;Verticale ed orizzontale;Sereno;Scarso;Buona;;0;0;0;0;12.5234;41.9089;-1;1;Autovettura privata;In marcia / fermata / arresto;;;;;;;
5825526;7;15/02/2022 11:40:00;Strada Urbana;VIA DI CERVARA;in prossimità;;del civico n.;41;;Investimento di pedone;Rettilineo;Una carreggiata a senso unico di marcia;Asciutto;Asfaltata;Assente;Sereno;Scarso;Buona;;1;0;0;1;12.5921;41.9184;-1;;;;Pedone;M;Rimandato;0;NON DECEDUTO;;
5825526;7;15/02/2022 11:40:00;Strada Urbana;VIA DI CERVARA;in prossimità;;del civico n.;41;;Investimento di pedone;Rettilineo;Una carreggiata a senso unico di marcia;Asciutto;Asfaltata;Assente;Sereno;Scarso;Buona;;1;0;0;1;12.5921;41.9184;-1;1;Autocarro inferiore 35 q.;In marcia / fermata / arresto;Conducente;M;Illeso;0;;Non accertato;Inesploso
5825527;17;15/02/2022 06:10:00;Strada Urbana;VIA MARCANTONIO COLONNA;all'intersezione con;VIA DEI GRACCHI;VIA DEI GRACCHI;;;Scontro frontale/laterale DX fra veicoli in marcia;Incrocio;Una carreggiata a doppio senso;Bagnato (pioggia);Asfaltata;Verticale ed orizzontale;Pioggia in atto;Scarso;Buona;;0;0;0;2;12.467;41.91;-1;1;Autobus di linea;In marcia / fermata / arresto;Conducente;M;Illeso;0;;;
5825527;17;15/02/2022 06:10:00;Strada Urbana;VIA MARCANTONIO COLONNA;all'intersezione con;VIA DEI GRACCHI;VIA DEI GRACCHI;;;Scontro frontale/laterale DX fra veicoli in marcia;Incrocio;Una carreggiata a doppio senso;Bagnato (pioggia);Asfaltata;Verticale ed orizzontale;Pioggia in atto;Scarso;Buona;;0;0;0;2;12.467;41.91;-1;2;Autocarro inferiore 35 q.;In marcia / fermata / arresto;Conducente;M;Illeso;0;;;
5825530;4;15/02/2022 14:30:00;Strada Urbana;PIAZZA CARNARO;in prossimità;;del civico n.;14;;Veicolo in marcia contro veicolo in sosta;Rettilineo;Una carreggiata a doppio senso;Bagnato (pioggia);Asfaltata;Verticale ed orizzontale;Nuvoloso;Normale;Buona;;0;0;0;1;12.5321;41.9404;-1;1;Autovettura privata;Sosta;;;;;;;
5825530;4;15/02/2022 14:30:00;Strada Urbana;PIAZZA CARNARO;in prossimità;;del civico n.;14;;Veicolo in marcia contro veicolo in sosta;Rettilineo;Una carreggiata a doppio senso;Bagnato (pioggia);Asfaltata;Verticale ed orizzontale;Nuvoloso;Normale;Buona;;0;0;0;1;12.5321;41.9404;-1;2;Autovettura privata;In marcia / fermata / arresto;Conducente;M;Illeso;0;;;
5825531;17;15/02/2022 21:30:00;Strada Urbana;VIALE GIULIO CESARE;in prossimità;;del civico n.;115;;Tamponamento;Rettilineo;Una carreggiata a senso unico di marcia;Asciutto;Asfaltata;Verticale ed orizzontale;Sereno;Scarso;Buona;;0;0;0;3;12.459;41.9094;-1;1;Autovettura privata;In marcia / fermata / arresto;Conducente;F;Illeso;0;;;
5825531;17;15/02/2022 21:30:00;Strada Urbana;VIALE GIULIO CESARE;in prossimità;;del civico n.;115;;Tamponamento;Rettilineo;Una carreggiata a senso unico di marcia;Asciutto;Asfaltata;Verticale ed orizzontale;Sereno;Scarso;Buona;;0;0;0;3;12.459;41.9094;-1;1;Autovettura privata;In marcia / fermata / arresto;Passeggero;M;Illeso;0;;;
5825531;17;15/02/2022 21:30:00;Strada Urbana;VIALE GIULIO CESARE;in prossimità;;del civico n.;115;;Tamponamento;Rettilineo;Una carreggiata a senso unico di marcia;Asciutto;Asfaltata;Verticale ed orizzontale;Sereno;Scarso;Buona;;0;0;0;3;12.459;41.9094;-1;2;Autovettura privata;In marcia / fermata / arresto;Conducente;M;Illeso;0;;;
5825537;1;15/02/2022 20:10:00;Strada Urbana;VIA EMANUELE FILIBERTO;in corrispondenza;;del civico n.;239;;Scontro frontale/laterale SX fra veicoli in marcia;Rettilineo;Una carreggiata a senso unico di marcia;Asciutto;Asfaltata;Verticale ed orizzontale;Nuvoloso;Normale;Sufficiente;;0;0;0;3;12.5074;41.889;-1;1;Autovettura privata;In marcia / fermata / arresto;Conducente;M;Illeso;0;;Non accertato;Inesploso
5825537;1;15/02/2022 20:10:00;Strada Urbana;VIA EMANUELE FILIBERTO;in corrispondenza;;del civico n.;239;;Scontro frontale/laterale SX fra veicoli in marcia;Rettilineo;Una carreggiata a senso unico di marcia;Asciutto;Asfaltata;Verticale ed orizzontale;Nuvoloso;Normale;Sufficiente;;0;0;0;3;12.5074;41.889;-1;1;Autovettura privata;In marcia / fermata / arresto;Passeggero;F;Illeso;0;;;
5825537;1;15/02/2022 20:10:00;Strada Urbana;VIA EMANUELE FILIBERTO;in corrispondenza;;del civico n.;239;;Scontro frontale/laterale SX fra veicoli in marcia;Rettilineo;Una carreggiata a senso unico di marcia;Asciutto;Asfaltata;Verticale ed orizzontale;Nuvoloso;Normale;Sufficiente;;0;0;0;3;12.5074;41.889;-1;2;Autovettura pubblica;In marcia / fermata / arresto;Conducente;M;Illeso;0;;Non accertato;Inesploso
5825540;7;15/02/2022 10:50:00;Strada Urbana;VIA COLLATINA;in corrispondenza;;del civico n.;237;;Scontro frontale/laterale SX fra veicoli in marcia;Rettilineo;Una carreggiata a doppio senso;Bagnato (pioggia);Asfaltata;Verticale ed orizzontale;Nebbia;Normale;Sufficiente;;0;0;0;2;12.5881;41.904;-1;1;Motociclo a solo;In marcia / fermata / arresto;Conducente;M;Illeso;0;;;
5825540;7;15/02/2022 10:50:00;Strada Urbana;VIA COLLATINA;in corrispondenza;;del civico n.;237;;Scontro frontale/laterale SX fra veicoli in marcia;Rettilineo;Una carreggiata a doppio senso;Bagnato (pioggia);Asfaltata;Verticale ed orizzontale;Nebbia;Normale;Sufficiente;;0;0;0;2;12.5881;41.904;-1;2;Autovettura privata;In marcia / fermata / arresto;Conducente;M;Illeso;0;;;
5825571;4;15/02/2022 21:15:00;Provinciale entro l'abitato;VIA NOMENTANA NUOVA;all'intersezione con;VIA DI S. ALESSANDRO;VIA DI S. ALESSANDRO;;;Veicolo in marcia contro veicolo fermo;Incrocio;Una carreggiata a doppio senso;Asciutto;Asfaltata;Verticale ed orizzontale;Sereno;Scarso;Sufficiente;;0;0;0;2;12.5981;41.9492;-1;1;Autovettura privata;In marcia / fermata / arresto;Conducente;M;Illeso;0;;Non accertato;Inesploso
5825571;4;15/02/2022 21:15:00;Provinciale entro l'abitato;VIA NOMENTANA NUOVA;all'intersezione con;VIA DI S. ALESSANDRO;VIA DI S. ALESSANDRO;;;Veicolo in marcia contro veicolo fermo;Incrocio;Una carreggiata a doppio senso;Asciutto;Asfaltata;Verticale ed orizzontale;Sereno;Scarso;Sufficiente;;0;0;0;2;12.5981;41.9492;-1;2;Ciclomotore;In marcia / fermata / arresto;Conducente;M;Illeso;0;;Non accertato;
5825578;7;15/02/2022 20:45:00;Strada Urbana;VIA PRENESTINA;in prossimità;;del civico n.;246;;Investimento di pedone;Rettilineo;Due carreggiate;Bagnato (pioggia);Asfaltata;Verticale ed orizzontale;Pioggia in atto;Normale;Buona;;1;0;0;1;12.5422;41.8925;-1;;;;Pedone;M;Rimandato;0;NON DECEDUTO;;
5825578;7;15/02/2022 20:45:00;Strada Urbana;VIA PRENESTINA;in prossimità;;del civico n.;246;;Investimento di pedone;Rettilineo;Due carreggiate;Bagnato (pioggia);Asfaltata;Verticale ed orizzontale;Pioggia in atto;Normale;Buona;;1;0;0;1;12.5422;41.8925;-1;1;Vettura tranviaria;In marcia / fermata / arresto;Conducente;M;Illeso;0;;Esente;
5825579;4;15/02/2022 17:25:00;Strada Urbana;VIA CECCO ANGIOLIERI;in prossimità;;del civico n.;15;;Scontro laterale fra veicoli in marcia;Rettilineo;Una carreggiata a senso unico di marcia;Asciutto;Asfaltata;Verticale ed orizzontale;Nuvoloso;Normale;Buona;;2;0;0;1;12.544;41.9458;-1;1;Autovettura privata;In marcia / fermata / arresto;Conducente;M;Illeso;0;;Non accertato;Inesploso
5825579;4;15/02/2022 17:25:00;Strada Urbana;VIA CECCO ANGIOLIERI;in prossimità;;del civico n.;15;;Scontro laterale fra veicoli in marcia;Rettilineo;Una carreggiata a senso unico di marcia;Asciutto;Asfaltata;Verticale ed orizzontale;Nuvoloso;Normale;Buona;;2;0;0;1;12.544;41.9458;-1;2;Autovettura di polizia;In marcia / fermata / arresto;Conducente;M;Rifiuta cure immediate;0;NON DECEDUTO;Non accertato;
5825579;4;15/02/2022 17:25:00;Strada Urbana;VIA CECCO ANGIOLIERI;in prossimità;;del civico n.;15;;Scontro laterale fra veicoli in marcia;Rettilineo;Una carreggiata a senso unico di marcia;Asciutto;Asfaltata;Verticale ed orizzontale;Nuvoloso;Normale;Buona;;2;0;0;1;12.544;41.9458;-1;2;Autovettura di polizia;In marcia / fermata / arresto;Passeggero;M;Rifiuta cure immediate;0;NON DECEDUTO;Non accertato;
5825589;1;15/02/2022 22:10:00;Strada Urbana;LUNGOTEVERE DEI TEBALDI;in prossimità;;del civico n.;17;;Investimento di pedone;Rettilineo;Una carreggiata a senso unico di marcia;Asciutto;Asfaltata;Verticale ed orizzontale;Sereno;Scarso;Sufficiente;;2;0;0;0;12.4685;41.8949;-1;;;;Pedone;M;Rimandato;0;NON DECEDUTO;;
5825589;1;15/02/2022 22:10:00;Strada Urbana;LUNGOTEVERE DEI TEBALDI;in prossimità;;del civico n.;17;;Investimento di pedone;Rettilineo;Una carreggiata a senso unico di marcia;Asciutto;Asfaltata;Verticale ed orizzontale;Sereno;Scarso;Sufficiente;;2;0;0;0;12.4685;41.8949;-1;1;Motociclo a solo;In marcia / fermata / arresto;Conducente;F;Rimandato;0;NON DECEDUTO;Non accertato;