Protocollo;Gruppo;DataOraIncidente;Localizzazione1;STRADA1;Localizzazione2;STRADA2;Strada02;Chilometrica;DaSpecificare;NaturaIncidente;particolaritastrade;TipoStrada;FondoStradale;Pavimentazione;Segnaletica;CondizioneAtmosferica;Traffico;Visibilita;Illuminazione;NUM_FERITI;NUM_RISERVATA;NUM_MORTI;NUM_ILLESI;Longitude;Latitude;Confermato;Progressivo;TipoVeicolo;StatoVeicolo;TipoPersona;Sesso;Tipolesione;Deceduto;DecedutoDopo;CinturaCascoUtilizzato;Airbag;
5826370;6;16/02/2022 08:50:00;Strada Urbana;VIA FORMIA;all'intersezione con;VIA SEZZE;VIA SEZZE;;;Scontro frontale/laterale SX fra veicoli in marcia;Incrocio;Una carreggiata a doppio senso;Asciutto;Asfaltata;Verticale;Sereno;Normale;Buona;;0;0;0;4;12.5487;41.8867;-1;1;Autovettura privata;In marcia / fermata / arresto;Passeggero;M;Illeso;0;;Non accertato;Inesploso
5826370;6;16/02/2022 08:50:00;Strada Urbana;VIA FORMIA;all'intersezione con;VIA SEZZE;VIA SEZZE;;;Scontro frontale/laterale SX fra veicoli in marcia;Incrocio;Una carreggiata a doppio senso;Asciutto;Asfaltata;Verticale;Sereno;Normale;Buona;;0;0;0;4;12.5487;41.8867;-1;1;Autovettura privata;In marcia / fermata / arresto;Passeggero;F;Illeso;0;;Non accertato;Inesploso
5826370;6;16/02/2022 08:50:00;Strada Urbana;VIA FORMIA;all'intersezione con;VIA SEZZE;VIA SEZZE;;;Scontro frontale/laterale SX fra veicoli in marcia;Incrocio;Una carreggiata a doppio senso;Asciutto;Asfaltata;Verticale;Sereno;Normale;Buona;;0;0;0;4;12.5487;41.8867;-1;2;Autovettura privata;In marcia / fermata / arresto;Conducente;M;Illeso;0;;Non accertato;Inesploso
5826382;6;16/02/2022 09:50:00;Strada Urbana;VIALE DELLA VENEZIA GIULIA;da specificare;;;;FR. CIVICO 113;Tamponamento;Rettilineo;Una carreggiata a doppio senso;Asciutto;Asfaltata;Verticale ed orizzontale;Sereno;Normale;Buona;;0;0;0;2;12.5544;41.8965;-1;1;Autovettura privata;In marcia / fermata / arresto;Conducente;M;Illeso;0;;Non accertato;Inesploso
5826382;6;16/02/2022 09:50:00;Strada Urbana;VIALE DELLA VENEZIA GIULIA;da specificare;;;;FR. CIVICO 113;Tamponamento;Rettilineo;Una carreggiata a doppio senso;Asciutto;Asfaltata;Verticale ed orizzontale;Sereno;Normale;Buona;;0;0;0;2;12.5544;41.8965;-1;2;Autovettura privata;In marcia / fermata / arresto;Conducente;M;Illeso;0;;Non accertato;Inesploso
5826388;10;16/02/2022 16:15:00;Strada Urbana;VIA TUSCOLANA;in corrispondenza;;del civico n.;1810;;Scontro laterale fra veicoli in marcia;Rettilineo;Due carreggiate;Asciutto;Asfaltata;Verticale ed orizzontale;Sereno;Normale;Buona;;0;0;0;2;12.5846;41.8419;-1;1;Autovettura privata;In marcia / fermata / arresto;Conducente;M;Illeso;0;;Non accertato;Inesploso
5826388;10;16/02/2022 16:15:00;Strada Urbana;VIA TUSCOLANA;in corrispondenza;;del civico n.;1810;;Scontro laterale fra veicoli in marcia;Rettilineo;Due carreggiate;Asciutto;Asfaltata;Verticale ed orizzontale;Sereno;Normale;Buona;;0;0;0;2;12.5846;41.8419;-1;2;Autovettura privata;In marcia / fermata / arresto;Conducente;F;Illeso;0;;Non accertato;Inesploso
5826582;5;16/02/2022 16:10:00;Strada Urbana;VIA TIBURTINA;in corrispondenza;;del civico n.;661;;Investimento di pedone;Rettilineo;Due carreggiate;Asciutto;Asfaltata;Verticale ed orizzontale;Sereno;Normale;Buona;;0;1;0;1;12.5483;41.9103;-1;;;;Pedone;M;Prognosi riservata;0;NON DECEDUTO;;
5826582;5;16/02/2022 16:10:00;Strada Urbana;VIA TIBURTINA;in corrispondenza;;del civico n.;661;;Investimento di pedone;Rettilineo;Due carreggiate;Asciutto;Asfaltata;Verticale ed orizzontale;Sereno;Normale;Buona;;0;1;0;1;12.5483;41.9103;-1;1;Autovettura privata;In marcia / fermata / arresto;Conducente;F;Illeso;0;;Non accertato;
5826584;8;16/02/2022 05:10:00;Strada Urbana;VIA COLLATINA;all'intersezione con;VIA CELESTINO ROSATELLI;VIA CELESTINO ROSATELLI;;;Scontro frontale/laterale SX fra veicoli in marcia;Incrocio;Una carreggiata a doppio senso;Bagnato (pioggia);Asfaltata;Verticale ed orizzontale;Nuvoloso;Normale;Buona;;0;0;0;2;12.6638;41.9183;-1;1;Autovettura privata;In marcia / fermata / arresto;Conducente;M;Illeso;0;;Non accertato;Esploso
5826584;8;16/02/2022 05:10:00;Strada Urbana;VIA COLLATINA;all'intersezione con;VIA CELESTINO ROSATELLI;VIA CELESTINO ROSATELLI;;;Scontro frontale/laterale SX fra veicoli in marcia;Incrocio;Una carreggiata a doppio senso;Bagnato (pioggia);Asfaltata;Verticale ed orizzontale;Nuvoloso;Normale;Buona;;0;0;0;2;12.6638;41.9183;-1;2;Autobus di linea;In marcia / fermata / arresto;Conducente;M;Illeso;0;;Non accertato;Inesploso
5826585;8;16/02/2022 06:05:00;Strada Urbana;VIA GIARRE;all'intersezione con;VIA LENTINI;VIA LENTINI;;;Scontro frontale/laterale SX fra veicoli in marcia;Incrocio;Una carreggiata a senso unico di marcia;Asciutto;Asfaltata;Verticale;Sereno;Normale;Buona;;2;0;0;0;12.6711;41.857;-1;1;Autovettura privata;In marcia / fermata / arresto;Conducente;M;Rifiuta cure immediate;0;NON DECEDUTO;Utilizzato;Esploso
5826585;8;16/02/2022 06:05:00;Strada Urbana;VIA GIARRE;all'intersezione con;VIA LENTINI;VIA LENTINI;;;Scontro frontale/laterale SX fra veicoli in marcia;Incrocio;Una carreggiata a senso unico di marcia;Asciutto;Asfaltata;Verticale;Sereno;Normale;Buona;;2;0;0;0;12.6711;41.857;-1;2;Autovettura privata;In marcia / fermata / arresto;Conducente;M;Rifiuta cure immediate;0;NON DECEDUTO;Non accertato;Inesploso
5826585;8;16/02/2022 06:05:00;Strada Urbana;VIA GIARRE;all'intersezione con;VIA LENTINI;VIA LENTINI;;;Scontro frontale/laterale SX fra veicoli in marcia;Incrocio;Una carreggiata a senso unico di marcia;Asciutto;Asfaltata;Verticale;Sereno;Normale;Buona;;2;0;0;0;12.6711;41.857;-1;3;Autovettura privata;Sosta;;;;;;;
5826591;8;16/02/2022 07:30:00;Strada Urbana;VIA GIOVANNI CASONI;in prossimità;;del palo luce n.;4;;Tamponamento;Rettilineo;Una carreggiata a doppio senso;Bagnato (umidità in atto);Asfaltata;Verticale ed orizzontale;Nuvoloso;Normale;Buona;;0;0;0;2;12.6688;41.9187;-1;1;Autovettura privata;In marcia / fermata / arresto;Conducente;M;Illeso;0;;Non accertato;Inesploso
5826591;8;16/02/2022 07:30:00;Strada Urbana;VIA GIOVANNI CASONI;in prossimità;;del palo luce n.;4;;Tamponamento;Rettilineo;Una carreggiata a doppio senso;Bagnato (umidità in atto);Asfaltata;Verticale ed orizzontale;Nuvoloso;Normale;Buona;;0;0;0;2;12.6688;41.9187;-1;2;Autovettura privata;In marcia / fermata / arresto;Conducente;F;Illeso;0;;Non accertato;Inesploso
5826593;8;16/02/2022 14:10:00;Strada Urbana;VIA SICULIANA;in prossimità;;del civico n.;66;;Scontro frontale/laterale SX fra veicoli in marcia;Rettilineo;Una carreggiata a doppio senso;Asciutto;Asfaltata;Verticale ed orizzontale;Sereno;Normale;Buona;;0;0;0;2;12.6584;41.8683;-1;1;Autovettura privata;In marcia / fermata / arresto;Conducente;M;Illeso;0;;;
5826593;8;16/02/2022 14:10:00;Strada Urbana;VIA SICULIANA;in prossimità;;del civico n.;66;;Scontro frontale/laterale SX fra veicoli in marcia;Rettilineo;Una carreggiata a doppio senso;Asciutto;Asfaltata;Verticale ed orizzontale;Sereno;Normale;Buona;;0;0;0;2;12.6584;41.8683;-1;2;Autocarro inferiore 35 q.;In marcia / fermata / arresto;Conducente;M;Illeso;0;;;
5826596;8;16/02/2022 16:00:00;Strada Urbana;VIA COLUMBIA;all'intersezione con;VIA DEL POLITECNICO;VIA DEL POLITECNICO;;;Scontro laterale fra veicoli in marcia;Intersezione stradale segnalata;Una carreggiata a doppio senso;Asciutto;Asfaltata;Verticale ed orizzontale;Sereno;Scarso;Buona;;1;0;0;1;12.6173;41.8549;-1;1;Autovettura privata;In marcia / fermata / arresto;Conducente;F;Illeso;0;;Non accertato;Inesploso
5826596;8;16/02/2022 16:00:00;Strada Urbana;VIA COLUMBIA;all'intersezione con;VIA DEL POLITECNICO;VIA DEL POLITECNICO;;;Scontro laterale fra veicoli in marcia;Intersezione stradale segnalata;Una carreggiata a doppio senso;Asciutto;Asfaltata;Verticale ed orizzontale;Sereno;Scarso;Buona;;1;0;0;1;12.6173;41.8549;-1;2;Autobus di linea;In marcia / fermata / arresto;Conducente;M;Rifiuta cure immediate;0;NON DECEDUTO;Non accertato;Inesploso
5826701;8;16/02/2022 15:00:00;Strada Urbana;VIALE OXFORD;da specificare;;;;rotatoria VIA DELLA SORBONA;Scontro laterale fra veicoli in marcia;Rotatoria;Una carreggiata a senso unico di marcia;Asciutto;Asfaltata;Verticale ed orizzontale;Sereno;Normale;Buona;;0;0;0;3;12.6276;41.8611;-1;1;Autovettura privata;In marcia / fermata / arresto;Conducente;M;Illeso;0;;Non accertato;Inesploso
5826701;8;16/02/2022 15:00:00;Strada Urbana;VIALE OXFORD;da specificare;;;;rotatoria VIA DELLA SORBONA;Scontro laterale fra veicoli in marcia;Rotatoria;Una carreggiata a senso unico di marcia;Asciutto;Asfaltata;Verticale ed orizzontale;Sereno;Normale;Buona;;0;0;0;3;12.6276;41.8611;-1;2;Autovettura privata;In marcia / fermata / arresto;Conducente;F;Illeso;0;;Non accertato;Inesploso
5826701;8;16/02/2022 15:00:00;Strada Urbana;VIALE OXFORD;da specificare;;;;rotatoria VIA DELLA SORBONA;Scontro laterale fra veicoli in marcia;Rotatoria;Una carreggiata a senso unico di marcia;Asciutto;Asfaltata;Verticale ed orizzontale;Sereno;Normale;Buona;;0;0;0;3;12.6276;41.8611;-1;2;Autovettura privata;In marcia / fermata / arresto;Passeggero;M;Illeso;0;;Non accertato;Inesploso
5826799;13;16/02/2022 16:40:00;Strada Urbana;VIA OSTIENSE;da specificare;;;;altezza stazione Casal Bernocchi;Tamponamento;Rettilineo;Una carreggiata a doppio senso;Asciutto;Asfaltata;Orizzontale;Sereno;Normale;Buona;;1;0;0;0;12.4229;41.8109;-1;1;Motociclo a solo;In marcia / fermata / arresto;Conducente;M;Rimandato;0;NON DECEDUTO;Non accertato;
5826799;13;16/02/2022 16:40:00;Strada Urbana;VIA OSTIENSE;da specificare;;;;altezza stazione Casal Bernocchi;Tamponamento;Rettilineo;Una carreggiata a doppio senso;Asciutto;Asfaltata;Orizzontale;Sereno;Normale;Buona;;1;0;0;0;12.4229;41.8109;-1;2;Autovettura privata;In marcia / fermata / arresto;;;;;;;
5826803;11;16/02/2022 13:00:00;Strada Urbana;VIALE CARLO TOMMASO ODESCALCHI;da specificare;;;;fr.civ.11;Scontro laterale fra veicoli in marcia;Rettilineo;Due carreggiate;Asciutto;Asfaltata;Verticale;Sereno;Scarso;Buona;;1;0;0;1;12.5006;41.8561;-1;1;Autovettura privata;In marcia / fermata / arresto;Conducente;M;Illeso;0;;Non accertato;
5826803;11;16/02/2022 13:00:00;Strada Urbana;VIALE CARLO TOMMASO ODESCALCHI;da specificare;;;;fr.civ.11;Scontro laterale fra veicoli in marcia;Rettilineo;Due carreggiate;Asciutto;Asfaltata;Verticale;Sereno;Scarso;Buona;;1;0;0;1;12.5006;41.8561;-1;2;Motociclo con passeggero;In marcia / fermata / arresto;Conducente;M;Rimandato;0;NON DECEDUTO;;
5826803;11;16/02/2022 13:00:00;Strada Urbana;VIALE CARLO TOMMASO ODESCALCHI;da specificare;;;;fr.civ.11;Scontro laterale fra veicoli in marcia;Rettilineo;Due carreggiate;Asciutto;Asfaltata;Verticale;Sereno;Scarso;Buona;;1;0;0;1;12.5006;41.8561;-1;3;Autovettura privata;Sosta;;;;;;;
5826807;1;16/02/2022 16:20:00;Strada Urbana;PASSEGGIATA DEL GIANICOLO;da specificare;;;;prossimità albero 299;Tamponamento;Rettilineo;Una carreggiata a senso unico di marcia;Asciutto;Asfaltata;Verticale ed orizzontale;Sereno;Scarso;Buona;;0;0;0;2;12.4606;41.8936;-1;1;Autocarro inferiore 35 q.;In marcia / fermata / arresto;Conducente;M;Illeso;0;;;
5826807;1;16/02/2022 16:20:00;Strada Urbana;PASSEGGIATA DEL GIANICOLO;da specificare;;;;prossimità albero 299;Tamponamento;Rettilineo;Una carreggiata a senso unico di marcia;Asciutto;Asfaltata;Verticale ed orizzontale;Sereno;Scarso;Buona;;0;0;0;2;12.4606;41.8936;-1;2;Autovettura privata;In marcia / fermata / arresto;Conducente;M;Illeso;0;;;
5826808;9;16/02/2022 16:40:00;Strada Urbana;PIAZZA POMPEI;all'intersezione con;VIA SATURNIA;VIA SATURNIA;;;Scontro frontale/laterale SX fra veicoli in marcia;Incrocio;Una carreggiata a doppio senso;Asciutto;Asfaltata;Verticale ed orizzontale;Sereno;Normale;Sufficiente;;1;0;0;1;12.5061;41.8795;-1;1;Autovettura privata;In marcia / fermata / arresto;Conducente;M;Illeso;0;;Non accertato;Inesploso
5826808;9;16/02/2022 16:40:00;Strada Urbana;PIAZZA POMPEI;all'intersezione con;VIA SATURNIA;VIA SATURNIA;;;Scontro frontale/laterale SX fra veicoli in marcia;Incrocio;Una carreggiata a doppio senso;Asciutto;Asfaltata;Verticale ed orizzontale;Sereno;Normale;Sufficiente;;1;0;0;1;12.5061;41.8795;-1;2;Motociclo a solo;In marcia / fermata / arresto;Conducente;M;Rimandato;0;NON DECEDUTO;Non accertato;
5826809;11;16/02/2022 18:35:00;Strada Urbana;VIA DI VIGNA MURATA;da specificare;;;;Prossimità VIA A. DI BONAIUTO;Tamponamento;Rettilineo;Due carreggiate;Asciutto;Asfaltata;Verticale ed orizzontale;Sereno;Normale;Buona;;0;0;0;1;12.4987;41.8263;-1;1;Autovettura privata;In marcia / fermata / arresto;Conducente;F;Illeso;0;;Non accertato;Inesploso
5826809;11;16/02/2022 18:35:00;Strada Urbana;VIA DI VIGNA MURATA;da specificare;;;;Prossimità VIA A. DI BONAIUTO;Tamponamento;Rettilineo;Due carreggiate;Asciutto;Asfaltata;Verticale ed orizzontale;Sereno;Normale;Buona;;0;0;0;1;12.4987;41.8263;-1;2;Autovettura privata;Allontanatosi;;;;;;;
5826812;15;16/02/2022 21:50:00;Strada Urbana;VIA PORTUENSE;da specificare;;;;fronte Via Fenizi;Scontro laterale fra veicoli in marcia;Rettilineo;Una carreggiata a doppio senso;Asciutto;Asfaltata;Assente;Sereno;Normale;Buona;;0;0;0;4;12.414;41.8469;-1;1;Autovettura privata;In marcia / fermata / arresto;Conducente;M;Illeso;0;;Non accertato;Inesploso
5826812;15;16/02/2022 21:50:00;Strada Urbana;VIA PORTUENSE;da specificare;;;;fronte Via Fenizi;Scontro laterale fra veicoli in marcia;Rettilineo;Una carreggiata a doppio senso;Asciutto;Asfaltata;Assente;Sereno;Normale;Buona;;0;0;0;4;12.414;41.8469;-1;1;Autovettura privata;In marcia / fermata / arresto;Passeggero;F;Illeso;0;;Non accertato;Inesploso
5826812;15;16/02/2022 21:50:00;Strada Urbana;VIA PORTUENSE;da specificare;;;;fronte Via Fenizi;Scontro laterale fra veicoli in marcia;Rettilineo;Una carreggiata a doppio senso;Asciutto;Asfaltata;Assente;Sereno;Normale;Buona;;0;0;0;4;12.414;41.8469;-1;2;Autovettura privata;In marcia / fermata / arresto;Conducente;M;Illeso;0;;Non accertato;Inesploso
5826812;15;16/02/2022 21:50:00;Strada Urbana;VIA PORTUENSE;da specificare;;;;fronte Via Fenizi;Scontro laterale fra veicoli in marcia;Rettilineo;Una carreggiata a doppio senso;Asciutto;Asfaltata;Assente;Sereno;Normale;Buona;;0;0;0;4;12.414;41.8469;-1;2;Autovettura privata;In marcia / fermata / arresto;Passeggero;F;Illeso;0;;;
5826817;11;16/02/2022 09:05:00;Strada Urbana;VIA DI VIGNA MURATA;in prossimità;;del civico n.;177;;Tamponamento;Rettilineo;Due carreggiate;Asciutto;Asfaltata;Verticale ed orizzontale;Sereno;Scarso;Buona;;0;0;0;2;12.4962;41.8269;-1;1;Autovettura privata;In marcia / fermata / arresto;Conducente;F;Illeso;0;;Non accertato;
5826817;11;16/02/2022 09:05:00;Strada Urbana;VIA DI VIGNA MURATA;in prossimità;;del civico n.;177;;Tamponamento;Rettilineo;Due carreggiate;Asciutto;Asfaltata;Verticale ed orizzontale;Sereno;Scarso;Buona;;0;0;0;2;12.4962;41.8269;-1;2;Autovettura privata;In marcia / fermata / arresto;Conducente;M;Illeso;0;;Non accertato;
5826822;20;16/02/2022 08:00:00;Strada Urbana;VIA DEI COLLI DELLA FARNESINA;in prossimità;;del civico n.;202A;;Veicolo in marcia contro ostacolo fisso;Curva senza visuale libera;Una carreggiata a doppio senso;Bagnato (umidità in atto);Asfaltata;Verticale ed orizzontale;Nuvoloso;Normale;Buona;;0;0;0;1;12.4541;41.9437;-1;1;Quadriciclo leggero;In marcia / fermata / arresto;Conducente;M;Illeso;0;;Non accertato;
5826827;15;16/02/2022 16:15:00;Strada Urbana;VIA DELLA MAGLIANA;da specificare;;;;fronte civico 41;Infortunio per sola frenata improvvisa;Rettilineo;Una carreggiata a doppio senso;Asciutto;Asfaltata;Verticale ed orizzontale;Sereno;Normale;Buona;;1;0;0;0;12.4196;41.8317;-1;1;Motociclo con passeggero;In marcia / fermata / arresto;Conducente;M;Rimandato;0;NON DECEDUTO;Non accertato;
5826834;15;16/02/2022 15:10:00;Strada Urbana;VIALE DI VIGNA PIA;all'intersezione con;VIA LEONARDO GREPPI;VIA LEONARDO GREPPI;;;Scontro frontale/laterale DX fra veicoli in marcia;Incrocio;Una carreggiata a doppio senso;Asciutto;Asfaltata;Verticale ed orizzontale;Sereno;Normale;Buona;;0;0;0;2;12.4592;41.8633;-1;1;Autovettura privata;In marcia / fermata / arresto;Conducente;F;Illeso;0;;Non accertato;Inesploso
5826834;15;16/02/2022 15:10:00;Strada Urbana;VIALE DI VIGNA PIA;all'intersezione con;VIA LEONARDO GREPPI;VIA LEONARDO GREPPI;;;Scontro frontale/laterale DX fra veicoli in marcia;Incrocio;Una carreggiata a doppio senso;Asciutto;Asfaltata;Verticale ed orizzontale;Sereno;Normale;Buona;;0;0;0;2;12.4592;41.8633;-1;2;Autovettura privata;In marcia / fermata / arresto;Conducente;M;Illeso;0;;Non accertato;Inesploso
5826845;20;16/02/2022 20:36:00;Strada Urbana;VIA MASTRO GABRIELLO;da specificare;;;;fronte civico 84;Veicolo in marcia contro ostacolo accidentale;Curva a visuale libera;Una carreggiata a senso unico di marcia;Asciutto;Asfaltata;Orizzontale;Sereno;Scarso;Buona;;0;0;0;1;12.4864;41.9921;-1;1;Autobus urbano;In marcia / fermata / arresto;Conducente;M;Illeso;0;;;
5826861;4;16/02/2022 10:10:00;Strada Urbana;VIALE TIRRENO;in corrispondenza;;del civico n.;215;;Scontro laterale fra veicoli in marcia;Rettilineo;Due carreggiate;Asciutto;Asfaltata;Verticale ed orizzontale;Sereno;Normale;Buona;;0;0;0;2;12.5292;41.9431;-1;1;Autovettura privata;In marcia / fermata / arresto;Conducente;F;Illeso;0;;Non accertato;Inesploso
5826861;4;16/02/2022 10:10:00;Strada Urbana;VIALE TIRRENO;in corrispondenza;;del civico n.;215;;Scontro laterale fra veicoli in marcia;Rettilineo;Due carreggiate;Asciutto;Asfaltata;Verticale ed orizzontale;Sereno;Normale;Buona;;0;0;0;2;12.5292;41.9431;-1;2;Autovettura privata;In marcia / fermata / arresto;Conducente;F;Illeso;0;;Non accertato;Inesploso
5826865;20;16/02/2022 16:20:00;Strada Urbana;VIA MONTEROSI;in prossimità;;del civico n.;22;;Investimento di pedone;Rettilineo;Una carreggiata a doppio senso;Asciutto;Asfaltata;Verticale ed orizzontale;Sereno;Scarso;Buona;;1;0;0;1;12.4733;41.9495;-1;;;;Pedone;M;Rimandato;0;NON DECEDUTO;;
5826865;20;16/02/2022 16:20:00;Strada Urbana;VIA MONTEROSI;in prossimità;;del civico n.;22;;Investimento di pedone;Rettilineo;Una carreggiata a doppio senso;Asciutto;Asfaltata;Verticale ed orizzontale;Sereno;Scarso;Buona;;1;0;0;1;12.4733;41.9495;-1;1;Autovettura privata;In marcia / fermata / arresto;Conducente;F;Illeso;0;;Non accertato;
5826866;11;16/02/2022 20:00:00;Strada Urbana;VIA DELLE CONCE;in prossimità;;del civico n.;12/B;;Veicolo in marcia contro veicolo in sosta;Rettilineo;Una carreggiata a doppio senso;Asciutto;Asfaltata;Verticale ed orizzontale;Sereno;Normale;Buona;;0;0;0;1;12.4782;41.8737;-1;1;Autovettura privata;In marcia / fermata / arresto;Conducente;M;Illeso;0;;Non accertato;Inesploso
5826866;11;16/02/2022 20:00:00;Strada Urbana;VIA DELLE CONCE;in prossimità;;del civico n.;12/B;;Veicolo in marcia contro veicolo in sosta;Rettilineo;Una carreggiata a doppio senso;Asciutto;Asfaltata;Verticale ed orizzontale;Sereno;Normale;Buona;;0;0;0;1;12.4782;41.8737;-1;2;Autovettura privata;Sosta;;;;;;;
5826870;10;16/02/2022 18:30:00;Strada Urbana;VIA TUSCOLANA;da specificare;;;;ALTEZZA CENTRO COMM.LE CINECITTA' 2 DIR. RM CENTRO;Tamponamento;Rettilineo;Due carreggiate;Asciutto;Asfaltata;Orizzontale;Sereno;Intenso;Sufficiente;;1;0;0;2;12.5715;41.8514;-1;1;Autovettura privata;In marcia / fermata / arresto;Conducente;M;Illeso;0;;;
5826870;10;16/02/2022 18:30:00;Strada Urbana;VIA TUSCOLANA;da specificare;;;;ALTEZZA CENTRO COMM.LE CINECITTA' 2 DIR. RM CENTRO;Tamponamento;Rettilineo;Due carreggiate;Asciutto;Asfaltata;Orizzontale;Sereno;Intenso;Sufficiente;;1;0;0;2;12.5715;41.8514;-1;1;Autovettura privata;In marcia / fermata / arresto;Passeggero;F;Illeso;0;;;
5826870;10;16/02/2022 18:30:00;Strada Urbana;VIA TUSCOLANA;da specificare;;;;ALTEZZA CENTRO COMM.LE CINECITTA' 2 DIR. RM CENTRO;Tamponamento;Rettilineo;Due carreggiate;Asciutto;Asfaltata;Orizzontale;Sereno;Intenso;Sufficiente;;1;0;0;2;12.5715;41.8514;-1;2;Motociclo a solo;In marcia / fermata / arresto;Conducente;M;Rifiuta cure immediate;0;NON DECEDUTO;;
5826875;8;16/02/2022 13:50:00;Strada Urbana;VIA ROSETO DEGLI ABRUZZI;in prossimità;;del civico n.;42;;Veicolo in marcia contro veicolo in sosta;Rettilineo;Una carreggiata a doppio senso;Asciutto;Asfaltata;Verticale ed orizzontale;Sereno;Scarso;Buona;;0;0;0;1;12.7025;41.8993;-1;1;Autovettura privata;Sosta;;;;;;;
5826875;8;16/02/2022 13:50:00;Strada Urbana;VIA ROSETO DEGLI ABRUZZI;in prossimità;;del civico n.;42;;Veicolo in marcia contro veicolo in sosta;Rettilineo;Una carreggiata a doppio senso;Asciutto;Asfaltata;Verticale ed orizzontale;Sereno;Scarso;Buona;;0;0;0;1;12.7025;41.8993;-1;2;Autovettura privata;In marcia / fermata / arresto;Conducente;F;Illeso;0;;Non accertato;Inesploso
5826892;13;16/02/2022 08:25:00;Strada Urbana;LUNGOMARE DUILIO;da specificare;;;;altezza p.le Mediterraneoi;Investimento di pedone;Rettilineo;Due carreggiate;Asciutto;Asfaltata;Verticale ed orizzontale;Sereno;Normale;Buona;;1;0;0;1;12.3041;41.7188;-1;;;;Pedone;F;Rimandato;0;NON DECEDUTO;;
5826892;13;16/02/2022 08:25:00;Strada Urbana;LUNGOMARE DUILIO;da specificare;;;;altezza p.le Mediterraneoi;Investimento di pedone;Rettilineo;Due carreggiate;Asciutto;Asfaltata;Verticale ed orizzontale;Sereno;Normale;Buona;;1;0;0;1;12.3041;41.7188;-1;1;Motociclo a solo;In marcia / fermata / arresto;Conducente;M;Illeso;0;;Non accertato;
5826899;13;16/02/2022 15:00:00;Strada Urbana;VIA DEL MARE;all'intersezione semaforizzata con;VIA DELLE CANARIE;VIA DELLE CANARIE;;;Scontro frontale/laterale SX fra veicoli in marcia;Intersezione semaforizzata;Una carreggiata a doppio senso;Asciutto;Asfaltata;Verticale ed orizzontale;Sereno;Normale;Buona;;0;0;0;2;12.2815;41.7395;-1;1;Autovettura privata;In marcia / fermata / arresto;Conducente;M;Illeso;0;;Non accertato;Esploso
5826899;13;16/02/2022 15:00:00;Strada Urbana;VIA DEL MARE;all'intersezione semaforizzata con;VIA DELLE CANARIE;VIA DELLE CANARIE;;;Scontro frontale/laterale SX fra veicoli in marcia;Intersezione semaforizzata;Una carreggiata a doppio senso;Asciutto;Asfaltata;Verticale ed orizzontale;Sereno;Normale;Buona;;0;0;0;2;12.2815;41.7395;-1;2;Autovettura privata;In marcia / fermata / arresto;Conducente;M;Illeso;0;;Non accertato;Inesploso
5826912;4;16/02/2022 13:40:00;Statale entro l'abitato;VIA SALARIA;da specificare;;;; (dir. RIETI) prossimità VIA PRATO DELLA SIGNORA;Tamponamento;Rettilineo;Due carreggiate;Asciutto;Asfaltata;Orizzontale;Sereno;Intenso;Buona;;0;0;0;2;12.5115;41.9873;-1;1;Autovettura privata;In marcia / fermata / arresto;Conducente;M;Illeso;0;;Non accertato;Inesploso
5826912;4;16/02/2022 13:40:00;Statale entro l'abitato;VIA SALARIA;da specificare;;;; (dir. RIETI) prossimità VIA PRATO DELLA SIGNORA;Tamponamento;Rettilineo;Due carreggiate;Asciutto;Asfaltata;Orizzontale;Sereno;Intenso;Buona;;0;0;0;2;12.5115;41.9873;-1;2;Autovettura privata;In marcia / fermata / arresto;Conducente;M;Illeso;0;;Non accertato;Inesploso
5826937;4;16/02/2022 10:30:00;Strada Urbana;PIAZZALE JONIO;da specificare;;;;fronte civico 24;Scontro laterale fra veicoli in marcia;Rettilineo;Una carreggiata a doppio senso;Asciutto;Asfaltata;Verticale ed orizzontale;Sereno;Normale;Buona;;1;0;0;1;12.5261;41.9456;-1;1;Autocarro inferiore 35 q.;Sosta;;;;;;;
5826937;4;16/02/2022 10:30:00;Strada Urbana;PIAZZALE JONIO;da specificare;;;;fronte civico 24;Scontro laterale fra veicoli in marcia;Rettilineo;Una carreggiata a doppio senso;Asciutto;Asfaltata;Verticale ed orizzontale;Sereno;Normale;Buona;;1;0;0;1;12.5261;41.9456;-1;2;Motociclo a solo;In marcia / fermata / arresto;Conducente;M;Rifiuta cure immediate;0;NON DECEDUTO;;
5826937;4;16/02/2022 10:30:00;Strada Urbana;PIAZZALE JONIO;da specificare;;;;fronte civico 24;Scontro laterale fra veicoli in marcia;Rettilineo;Una carreggiata a doppio senso;Asciutto;Asfaltata;Verticale ed orizzontale;Sereno;Normale;Buona;;1;0;0;1;12.5261;41.9456;-1;3;Autocarro inferiore 35 q.;In marcia / fermata / arresto;Conducente;M;Illeso;0;;;
5826939;10;16/02/2022 21:40:00;Strada Urbana;VIA ANAGNINA;in corrispondenza;;del civico n.;3;;Scontro frontale/laterale SX fra veicoli in marcia;Rettilineo;Una carreggiata a senso unico di marcia;Asciutto;Asfaltata;Verticale ed orizzontale;Sereno;Normale;Sufficiente;;0;0;0;2;12.5883;41.8397;-1;1;Autovettura privata;In marcia / fermata / arresto;Conducente;M;Illeso;0;;Non accertato;Inesploso