Protocollo;Gruppo;DataOraIncidente;Localizzazione1;STRADA1;Localizzazione2;STRADA2;Strada02;Chilometrica;DaSpecificare;NaturaIncidente;particolaritastrade;TipoStrada;FondoStradale;Pavimentazione;Segnaletica;CondizioneAtmosferica;Traffico;Visibilita;Illuminazione;NUM_FERITI;NUM_RISERVATA;NUM_MORTI;NUM_ILLESI;Longitude;Latitude;Confermato;Progressivo;TipoVeicolo;StatoVeicolo;TipoPersona;Sesso;Tipolesione;Deceduto;DecedutoDopo;CinturaCascoUtilizzato;Airbag;
5832378;20;20/02/2022 19:30:00;Altra strada;VIA VEIENTANA NUOVA;da specificare;;;;rampa uscita Cesano dir. Le Rughe;Tamponamento Multiplo;Rettilineo;Una carreggiata a senso unico di marcia;Asciutto;Asfaltata;Verticale ed orizzontale;Sereno;Normale;Sufficiente;;1;0;0;5;12.3783;42.0607;-1;2;Autovettura privata;In marcia / fermata / arresto;Conducente;M;Illeso;0;;Non accertato;
5832378;20;20/02/2022 19:30:00;Altra strada;VIA VEIENTANA NUOVA;da specificare;;;;rampa uscita Cesano dir. Le Rughe;Tamponamento Multiplo;Rettilineo;Una carreggiata a senso unico di marcia;Asciutto;Asfaltata;Verticale ed orizzontale;Sereno;Normale;Sufficiente;;1;0;0;5;12.3783;42.0607;-1;2;Autovettura privata;In marcia / fermata / arresto;Passeggero;F;Rimandato;0;NON DECEDUTO;Non accertato;
5832378;20;20/02/2022 19:30:00;Altra strada;VIA VEIENTANA NUOVA;da specificare;;;;rampa uscita Cesano dir. Le Rughe;Tamponamento Multiplo;Rettilineo;Una carreggiata a senso unico di marcia;Asciutto;Asfaltata;Verticale ed orizzontale;Sereno;Normale;Sufficiente;;1;0;0;5;12.3783;42.0607;-1;3;Autovettura privata;In marcia / fermata / arresto;Conducente;M;Illeso;0;;Non accertato;
5832378;20;20/02/2022 19:30:00;Altra strada;VIA VEIENTANA NUOVA;da specificare;;;;rampa uscita Cesano dir. Le Rughe;Tamponamento Multiplo;Rettilineo;Una carreggiata a senso unico di marcia;Asciutto;Asfaltata;Verticale ed orizzontale;Sereno;Normale;Sufficiente;;1;0;0;5;12.3783;42.0607;-1;3;Autovettura privata;In marcia / fermata / arresto;Passeggero;F;Illeso;0;;Non accertato;
5832378;20;20/02/2022 19:30:00;Altra strada;VIA VEIENTANA NUOVA;da specificare;;;;rampa uscita Cesano dir. Le Rughe;Tamponamento Multiplo;Rettilineo;Una carreggiata a senso unico di marcia;Asciutto;Asfaltata;Verticale ed orizzontale;Sereno;Normale;Sufficiente;;1;0;0;5;12.3783;42.0607;-1;4;Autovettura privata;In marcia / fermata / arresto;Conducente;F;Illeso;0;;Non accertato;
5832384;11;19/02/2022 12:30:00;Strada Urbana;VIA DELL'ALMONE;in corrispondenza;;del civico n.;10;;Scontro laterale fra veicoli in marcia;Rettilineo;Una carreggiata a doppio senso;Asciutto;Asfaltata;Verticale ed orizzontale;Sereno;Scarso;Buona;;0;0;0;2;12.5332;41.8595;-1;1;Autovettura privata;In marcia / fermata / arresto;Conducente;M;Illeso;0;;Non accertato;
5832384;11;19/02/2022 12:30:00;Strada Urbana;VIA DELL'ALMONE;in corrispondenza;;del civico n.;10;;Scontro laterale fra veicoli in marcia;Rettilineo;Una carreggiata a doppio senso;Asciutto;Asfaltata;Verticale ed orizzontale;Sereno;Scarso;Buona;;0;0;0;2;12.5332;41.8595;-1;2;Autovettura privata;In marcia / fermata / arresto;Conducente;M;Illeso;0;;Non accertato;
5832392;20;20/02/2022 16:30:00;Altra strada;LARGO DELL'OLGIATA;da specificare;;;; 15 strada C isola 6;Fuoriuscita dalla sede stradale;Curva a visuale libera;Una carreggiata a doppio senso;Asciutto;Asfaltata;Assente;Sereno;Normale;Buona;;1;0;0;0;12.3597;42.0239;-1;1;Autovettura privata;In marcia / fermata / arresto;Conducente;M;Ricoverato;0;NON DECEDUTO;Non accertato;
5832394;5;18/02/2022 07:30:00;Strada Urbana;VIA VACUNA;da specificare;;;;fronte civico 111;Veicolo in marcia contro veicoli in sosta;Rettilineo;Una carreggiata a senso unico di marcia;Asciutto;Asfaltata;Verticale ed orizzontale;Sereno;Normale;Buona;;0;0;0;0;12.5361;41.9117;-1;1;Autovettura privata;Sosta;;;;;;;
5832394;5;18/02/2022 07:30:00;Strada Urbana;VIA VACUNA;da specificare;;;;fronte civico 111;Veicolo in marcia contro veicoli in sosta;Rettilineo;Una carreggiata a senso unico di marcia;Asciutto;Asfaltata;Verticale ed orizzontale;Sereno;Normale;Buona;;0;0;0;0;12.5361;41.9117;-1;2;Autovettura privata;Sosta;;;;;;;
5832394;5;18/02/2022 07:30:00;Strada Urbana;VIA VACUNA;da specificare;;;;fronte civico 111;Veicolo in marcia contro veicoli in sosta;Rettilineo;Una carreggiata a senso unico di marcia;Asciutto;Asfaltata;Verticale ed orizzontale;Sereno;Normale;Buona;;0;0;0;0;12.5361;41.9117;-1;3;Altro;Allontanatosi;;;;;;;
5832396;9;20/02/2022 18:00:00;Strada Urbana;VIA APPIA NUOVA;all'intersezione semaforizzata con;VIA DELLE CAVE;VIA DELLE CAVE;;;Scontro frontale/laterale SX fra veicoli in marcia;Incrocio;Due carreggiate;Asciutto;Asfaltata;Verticale ed orizzontale;Sereno;Scarso;Sufficiente;;0;0;0;3;12.5272;41.8715;-1;1;Autovettura privata;In marcia / fermata / arresto;Conducente;M;Illeso;0;;Non accertato;Inesploso
5832396;9;20/02/2022 18:00:00;Strada Urbana;VIA APPIA NUOVA;all'intersezione semaforizzata con;VIA DELLE CAVE;VIA DELLE CAVE;;;Scontro frontale/laterale SX fra veicoli in marcia;Incrocio;Due carreggiate;Asciutto;Asfaltata;Verticale ed orizzontale;Sereno;Scarso;Sufficiente;;0;0;0;3;12.5272;41.8715;-1;1;Autovettura privata;In marcia / fermata / arresto;Passeggero;F;Illeso;0;;Non accertato;Inesploso
5832396;9;20/02/2022 18:00:00;Strada Urbana;VIA APPIA NUOVA;all'intersezione semaforizzata con;VIA DELLE CAVE;VIA DELLE CAVE;;;Scontro frontale/laterale SX fra veicoli in marcia;Incrocio;Due carreggiate;Asciutto;Asfaltata;Verticale ed orizzontale;Sereno;Scarso;Sufficiente;;0;0;0;3;12.5272;41.8715;-1;2;Autovettura privata;In marcia / fermata / arresto;Conducente;M;Illeso;0;;Non accertato;Inesploso
5832397;8;20/02/2022 01:00:00;Strada Urbana;VIA PADRE GIUSEPPE PETRILLI;in prossimità;;del civico n.;25;;Veicolo in marcia contro veicolo in sosta;Rettilineo;Una carreggiata a doppio senso;Asciutto;Asfaltata;Verticale ed orizzontale;Sereno;Intenso;Buona;;0;0;0;0;12.6698;41.9078;-1;1;Autovettura privata;Sosta;;;;;;;
5832397;8;20/02/2022 01:00:00;Strada Urbana;VIA PADRE GIUSEPPE PETRILLI;in prossimità;;del civico n.;25;;Veicolo in marcia contro veicolo in sosta;Rettilineo;Una carreggiata a doppio senso;Asciutto;Asfaltata;Verticale ed orizzontale;Sereno;Intenso;Buona;;0;0;0;0;12.6698;41.9078;-1;2;Autovettura privata;Allontanatosi;;;;;;;
5832401;13;20/02/2022 18:20:00;Strada Urbana;VIA DELL'IDROSCALO;all'intersezione con;VIALE DEL SOMMERGIBILE;VIALE DEL SOMMERGIBILE;;;Scontro laterale fra veicoli in marcia;Incrocio;Una carreggiata a doppio senso;Asciutto;Asfaltata;Verticale ed orizzontale;Sereno;Normale;Buona;;1;0;0;1;12.2514;41.7387;0;1;Velocipede;In marcia / fermata / arresto;Conducente;F;Illeso;0;;Esente;
5832401;13;20/02/2022 18:20:00;Strada Urbana;VIA DELL'IDROSCALO;all'intersezione con;VIALE DEL SOMMERGIBILE;VIALE DEL SOMMERGIBILE;;;Scontro laterale fra veicoli in marcia;Incrocio;Una carreggiata a doppio senso;Asciutto;Asfaltata;Verticale ed orizzontale;Sereno;Normale;Buona;;1;0;0;1;12.2514;41.7387;0;2;Velocipede;In marcia / fermata / arresto;Conducente;F;Rimandato;0;NON DECEDUTO;Esente;
5832401;13;20/02/2022 18:20:00;Strada Urbana;VIA DELL'IDROSCALO;all'intersezione con;VIALE DEL SOMMERGIBILE;VIALE DEL SOMMERGIBILE;;;Scontro laterale fra veicoli in marcia;Incrocio;Una carreggiata a doppio senso;Asciutto;Asfaltata;Verticale ed orizzontale;Sereno;Normale;Buona;;1;0;0;1;12.2514;41.7387;0;3;Autovettura privata;Allontanatosi;;;;;;;
5832405;1;20/02/2022 13:35:00;Strada Urbana;VIA MERULANA;all'intersezione con;VIA GUICCIARDINI;VIA GUICCIARDINI;;;Scontro frontale/laterale DX fra veicoli in marcia;Intersezione semaforizzata;Una carreggiata a doppio senso;Asciutto;Asfaltata;Verticale ed orizzontale;Sereno;Normale;Buona;;1;0;0;1;12.5021;41.8918;-1;1;Autovettura privata;In marcia / fermata / arresto;Conducente;F;Illeso;0;;;
5832405;1;20/02/2022 13:35:00;Strada Urbana;VIA MERULANA;all'intersezione con;VIA GUICCIARDINI;VIA GUICCIARDINI;;;Scontro frontale/laterale DX fra veicoli in marcia;Intersezione semaforizzata;Una carreggiata a doppio senso;Asciutto;Asfaltata;Verticale ed orizzontale;Sereno;Normale;Buona;;1;0;0;1;12.5021;41.8918;-1;2;Motociclo a solo;In marcia / fermata / arresto;Conducente;M;Rifiuta cure immediate;0;NON DECEDUTO;;
5832406;8;20/02/2022 12:10:00;Strada Urbana;PIAZZA ERASMO PIAGGIO;in corrispondenza;;del civico n.;23;;Investimento di pedone;Rettilineo;Una carreggiata a senso unico di marcia;Asciutto;Asfaltata;Orizzontale;Sereno;Scarso;Buona;;1;0;0;1;12.6442;41.8593;-1;;;;Pedone;M;Rimandato;0;NON DECEDUTO;;
5832406;8;20/02/2022 12:10:00;Strada Urbana;PIAZZA ERASMO PIAGGIO;in corrispondenza;;del civico n.;23;;Investimento di pedone;Rettilineo;Una carreggiata a senso unico di marcia;Asciutto;Asfaltata;Orizzontale;Sereno;Scarso;Buona;;1;0;0;1;12.6442;41.8593;-1;1;Autovettura privata;In marcia / fermata / arresto;Conducente;M;Illeso;0;;Non accertato;Inesploso
5832409;8;20/02/2022 12:50:00;Strada Urbana;VIA DI PRATAPORCI;in corrispondenza;;del civico n.;52A;;Veicolo in marcia contro veicolo in sosta;Rettilineo;Una carreggiata a senso unico di marcia;Asciutto;Asfaltata;Orizzontale;Nuvoloso;Scarso;Buona;;0;0;0;3;12.6843;41.8468;-1;1;Autovettura privata;In marcia / fermata / arresto;Conducente;M;Illeso;0;;Non accertato;Inesploso
5832409;8;20/02/2022 12:50:00;Strada Urbana;VIA DI PRATAPORCI;in corrispondenza;;del civico n.;52A;;Veicolo in marcia contro veicolo in sosta;Rettilineo;Una carreggiata a senso unico di marcia;Asciutto;Asfaltata;Orizzontale;Nuvoloso;Scarso;Buona;;0;0;0;3;12.6843;41.8468;-1;1;Autovettura privata;In marcia / fermata / arresto;Passeggero;F;Illeso;0;;Non accertato;Inesploso
5832409;8;20/02/2022 12:50:00;Strada Urbana;VIA DI PRATAPORCI;in corrispondenza;;del civico n.;52A;;Veicolo in marcia contro veicolo in sosta;Rettilineo;Una carreggiata a senso unico di marcia;Asciutto;Asfaltata;Orizzontale;Nuvoloso;Scarso;Buona;;0;0;0;3;12.6843;41.8468;-1;1;Autovettura privata;In marcia / fermata / arresto;Passeggero;F;Illeso;0;;Non accertato;Inesploso
5832409;8;20/02/2022 12:50:00;Strada Urbana;VIA DI PRATAPORCI;in corrispondenza;;del civico n.;52A;;Veicolo in marcia contro veicolo in sosta;Rettilineo;Una carreggiata a senso unico di marcia;Asciutto;Asfaltata;Orizzontale;Nuvoloso;Scarso;Buona;;0;0;0;3;12.6843;41.8468;-1;2;Autovettura privata;Sosta;;;;;;;
5832411;13;20/02/2022 15:30:00;Strada Urbana;VIALE DELLE REPUBBLICHE MARINARE;all'intersezione con;VIALE VASCO DE GAMA;VIALE VASCO DE GAMA;;;Scontro laterale fra veicoli in marcia;Incrocio;Due carreggiate;Asciutto;Asfaltata;Verticale ed orizzontale;Sereno;Normale;Buona;;1;0;0;0;12.2682;41.735;-1;1;Autovettura privata;In marcia / fermata / arresto;Conducente;M;Rimandato;0;NON DECEDUTO;Non accertato;Inesploso
5832411;13;20/02/2022 15:30:00;Strada Urbana;VIALE DELLE REPUBBLICHE MARINARE;all'intersezione con;VIALE VASCO DE GAMA;VIALE VASCO DE GAMA;;;Scontro laterale fra veicoli in marcia;Incrocio;Due carreggiate;Asciutto;Asfaltata;Verticale ed orizzontale;Sereno;Normale;Buona;;1;0;0;0;12.2682;41.735;-1;2;Autovettura privata;Allontanatosi;;;;;;;
5832411;13;20/02/2022 15:30:00;Strada Urbana;VIALE DELLE REPUBBLICHE MARINARE;all'intersezione con;VIALE VASCO DE GAMA;VIALE VASCO DE GAMA;;;Scontro laterale fra veicoli in marcia;Incrocio;Due carreggiate;Asciutto;Asfaltata;Verticale ed orizzontale;Sereno;Normale;Buona;;1;0;0;0;12.2682;41.735;-1;3;Autovettura privata;Sosta;;;;;;;
5832412;11;20/02/2022 13:15:00;Strada Urbana;VIA TAZIO NUVOLARI;da specificare;;;;ALTEZZA VIA DELL'AUTOMOBILISMO;Tamponamento;Rettilineo;Due carreggiate;Asciutto;Asfaltata;Verticale ed orizzontale;Sereno;Scarso;Buona;;0;0;0;2;12.5081;41.8355;-1;1;Autovettura privata;In marcia / fermata / arresto;Conducente;M;Illeso;0;;Non accertato;
5832412;11;20/02/2022 13:15:00;Strada Urbana;VIA TAZIO NUVOLARI;da specificare;;;;ALTEZZA VIA DELL'AUTOMOBILISMO;Tamponamento;Rettilineo;Due carreggiate;Asciutto;Asfaltata;Verticale ed orizzontale;Sereno;Scarso;Buona;;0;0;0;2;12.5081;41.8355;-1;2;Autovettura privata;In marcia / fermata / arresto;Conducente;F;Illeso;0;;Non accertato;
5832413;8;20/02/2022 13:50:00;Strada Urbana;VIA CASILINA;in corrispondenza;;del civico n.;1790;;Scontro laterale fra veicoli in marcia;Rettilineo;Una carreggiata a doppio senso;Asciutto;Asfaltata;Verticale ed orizzontale;Nuvoloso;Normale;Buona;;1;0;0;2;12.6881;41.8628;-1;1;Autovettura privata;In marcia / fermata / arresto;Conducente;M;Illeso;0;;Non accertato;Esploso
5832413;8;20/02/2022 13:50:00;Strada Urbana;VIA CASILINA;in corrispondenza;;del civico n.;1790;;Scontro laterale fra veicoli in marcia;Rettilineo;Una carreggiata a doppio senso;Asciutto;Asfaltata;Verticale ed orizzontale;Nuvoloso;Normale;Buona;;1;0;0;2;12.6881;41.8628;-1;1;Autovettura privata;In marcia / fermata / arresto;Passeggero;F;Illeso;0;;Non accertato;Esploso
5832413;8;20/02/2022 13:50:00;Strada Urbana;VIA CASILINA;in corrispondenza;;del civico n.;1790;;Scontro laterale fra veicoli in marcia;Rettilineo;Una carreggiata a doppio senso;Asciutto;Asfaltata;Verticale ed orizzontale;Nuvoloso;Normale;Buona;;1;0;0;2;12.6881;41.8628;-1;2;Autovettura privata;In marcia / fermata / arresto;Conducente;M;Rifiuta cure immediate;0;NON DECEDUTO;Non accertato;Inesploso
5832414;18;19/02/2022 23:00:00;Strada Urbana;VIA BALDO DEGLI UBALDI;in prossimità;;del civico n.;107;;Scontro laterale fra veicoli in marcia;Rettilineo;Due carreggiate;Asciutto;Asfaltata;Verticale ed orizzontale;Sereno;Scarso;Sufficiente;;0;0;0;2;12.4337;41.8993;0;1;Autovettura privata;In marcia / fermata / arresto;Conducente;M;Illeso;0;;;
5832414;18;19/02/2022 23:00:00;Strada Urbana;VIA BALDO DEGLI UBALDI;in prossimità;;del civico n.;107;;Scontro laterale fra veicoli in marcia;Rettilineo;Due carreggiate;Asciutto;Asfaltata;Verticale ed orizzontale;Sereno;Scarso;Sufficiente;;0;0;0;2;12.4337;41.8993;0;2;Autovettura privata;In marcia / fermata / arresto;Conducente;M;Illeso;0;;Non accertato;Inesploso
5832420;8;20/02/2022 19:00:00;Strada Urbana;VIA CASILINA;all'intersezione con;VIA CARLO SANTARELLI;VIA CARLO SANTARELLI;;;Tamponamento;Incrocio;Una carreggiata a doppio senso;Asciutto;Asfaltata;Verticale ed orizzontale;Nuvoloso;Normale;Sufficiente;;1;0;0;8;12.6212;41.8626;-1;1;Autovettura privata;In marcia / fermata / arresto;Conducente;M;Illeso;0;;;
5832420;8;20/02/2022 19:00:00;Strada Urbana;VIA CASILINA;all'intersezione con;VIA CARLO SANTARELLI;VIA CARLO SANTARELLI;;;Tamponamento;Incrocio;Una carreggiata a doppio senso;Asciutto;Asfaltata;Verticale ed orizzontale;Nuvoloso;Normale;Sufficiente;;1;0;0;8;12.6212;41.8626;-1;1;Autovettura privata;In marcia / fermata / arresto;Passeggero;M;Illeso;0;;;
5832420;8;20/02/2022 19:00:00;Strada Urbana;VIA CASILINA;all'intersezione con;VIA CARLO SANTARELLI;VIA CARLO SANTARELLI;;;Tamponamento;Incrocio;Una carreggiata a doppio senso;Asciutto;Asfaltata;Verticale ed orizzontale;Nuvoloso;Normale;Sufficiente;;1;0;0;8;12.6212;41.8626;-1;1;Autovettura privata;In marcia / fermata / arresto;Passeggero;F;Illeso;0;;;
5832420;8;20/02/2022 19:00:00;Strada Urbana;VIA CASILINA;all'intersezione con;VIA CARLO SANTARELLI;VIA CARLO SANTARELLI;;;Tamponamento;Incrocio;Una carreggiata a doppio senso;Asciutto;Asfaltata;Verticale ed orizzontale;Nuvoloso;Normale;Sufficiente;;1;0;0;8;12.6212;41.8626;-1;1;Autovettura privata;In marcia / fermata / arresto;Passeggero;M;Illeso;0;;;
5832420;8;20/02/2022 19:00:00;Strada Urbana;VIA CASILINA;all'intersezione con;VIA CARLO SANTARELLI;VIA CARLO SANTARELLI;;;Tamponamento;Incrocio;Una carreggiata a doppio senso;Asciutto;Asfaltata;Verticale ed orizzontale;Nuvoloso;Normale;Sufficiente;;1;0;0;8;12.6212;41.8626;-1;1;Autovettura privata;In marcia / fermata / arresto;Passeggero;M;Illeso;0;;;
5832420;8;20/02/2022 19:00:00;Strada Urbana;VIA CASILINA;all'intersezione con;VIA CARLO SANTARELLI;VIA CARLO SANTARELLI;;;Tamponamento;Incrocio;Una carreggiata a doppio senso;Asciutto;Asfaltata;Verticale ed orizzontale;Nuvoloso;Normale;Sufficiente;;1;0;0;8;12.6212;41.8626;-1;2;Autovettura privata;In marcia / fermata / arresto;Conducente;M;Rifiuta cure immediate;0;NON DECEDUTO;;
5832420;8;20/02/2022 19:00:00;Strada Urbana;VIA CASILINA;all'intersezione con;VIA CARLO SANTARELLI;VIA CARLO SANTARELLI;;;Tamponamento;Incrocio;Una carreggiata a doppio senso;Asciutto;Asfaltata;Verticale ed orizzontale;Nuvoloso;Normale;Sufficiente;;1;0;0;8;12.6212;41.8626;-1;2;Autovettura privata;In marcia / fermata / arresto;Passeggero;F;Illeso;0;;;
5832420;8;20/02/2022 19:00:00;Strada Urbana;VIA CASILINA;all'intersezione con;VIA CARLO SANTARELLI;VIA CARLO SANTARELLI;;;Tamponamento;Incrocio;Una carreggiata a doppio senso;Asciutto;Asfaltata;Verticale ed orizzontale;Nuvoloso;Normale;Sufficiente;;1;0;0;8;12.6212;41.8626;-1;2;Autovettura privata;In marcia / fermata / arresto;Passeggero;M;Illeso;0;;;
5832420;8;20/02/2022 19:00:00;Strada Urbana;VIA CASILINA;all'intersezione con;VIA CARLO SANTARELLI;VIA CARLO SANTARELLI;;;Tamponamento;Incrocio;Una carreggiata a doppio senso;Asciutto;Asfaltata;Verticale ed orizzontale;Nuvoloso;Normale;Sufficiente;;1;0;0;8;12.6212;41.8626;-1;2;Autovettura privata;In marcia / fermata / arresto;Passeggero;M;Illeso;0;;;
5832429;9;21/02/2022 06:00:00;Strada Urbana;VIA DELL'ARCO DI TRAVERTINO;da specificare;;;;fronte VIA DEI COLLI ALBANI;Investimento di pedone;Rettilineo;Due carreggiate;Asciutto;Asfaltata;Verticale ed orizzontale;Nuvoloso;Scarso;Sufficiente;;1;0;0;1;12.5351;41.866;-1;;;;Pedone;M;Rimandato;0;NON DECEDUTO;;
5832429;9;21/02/2022 06:00:00;Strada Urbana;VIA DELL'ARCO DI TRAVERTINO;da specificare;;;;fronte VIA DEI COLLI ALBANI;Investimento di pedone;Rettilineo;Due carreggiate;Asciutto;Asfaltata;Verticale ed orizzontale;Nuvoloso;Scarso;Sufficiente;;1;0;0;1;12.5351;41.866;-1;1;Autovettura privata;In marcia / fermata / arresto;Conducente;M;Illeso;0;;Non accertato;Inesploso
5832430;13;20/02/2022 13:15:00;Strada Urbana;VIA CRISTOFORO COLOMBO;in corrispondenza;;della chilometrica;19.1;;Tamponamento Multiplo;Rettilineo;Due carreggiate;Asciutto;Asfaltata;Verticale ed orizzontale;Sereno;Normale;Buona;;0;0;0;6;12.4115;41.7858;-1;1;Autovettura privata;In marcia / fermata / arresto;Conducente;M;Illeso;0;;;
5832430;13;20/02/2022 13:15:00;Strada Urbana;VIA CRISTOFORO COLOMBO;in corrispondenza;;della chilometrica;19.1;;Tamponamento Multiplo;Rettilineo;Due carreggiate;Asciutto;Asfaltata;Verticale ed orizzontale;Sereno;Normale;Buona;;0;0;0;6;12.4115;41.7858;-1;2;Autovettura privata;In marcia / fermata / arresto;Conducente;M;Illeso;0;;;
5832430;13;20/02/2022 13:15:00;Strada Urbana;VIA CRISTOFORO COLOMBO;in corrispondenza;;della chilometrica;19.1;;Tamponamento Multiplo;Rettilineo;Due carreggiate;Asciutto;Asfaltata;Verticale ed orizzontale;Sereno;Normale;Buona;;0;0;0;6;12.4115;41.7858;-1;2;Autovettura privata;In marcia / fermata / arresto;Passeggero;M;Illeso;0;;Non accertato;Inesploso
5832430;13;20/02/2022 13:15:00;Strada Urbana;VIA CRISTOFORO COLOMBO;in corrispondenza;;della chilometrica;19.1;;Tamponamento Multiplo;Rettilineo;Due carreggiate;Asciutto;Asfaltata;Verticale ed orizzontale;Sereno;Normale;Buona;;0;0;0;6;12.4115;41.7858;-1;3;Autovettura privata;In marcia / fermata / arresto;Conducente;M;Illeso;0;;;
5832430;13;20/02/2022 13:15:00;Strada Urbana;VIA CRISTOFORO COLOMBO;in corrispondenza;;della chilometrica;19.1;;Tamponamento Multiplo;Rettilineo;Due carreggiate;Asciutto;Asfaltata;Verticale ed orizzontale;Sereno;Normale;Buona;;0;0;0;6;12.4115;41.7858;-1;3;Autovettura privata;In marcia / fermata / arresto;Passeggero;F;Illeso;0;;;
5832430;13;20/02/2022 13:15:00;Strada Urbana;VIA CRISTOFORO COLOMBO;in corrispondenza;;della chilometrica;19.1;;Tamponamento Multiplo;Rettilineo;Due carreggiate;Asciutto;Asfaltata;Verticale ed orizzontale;Sereno;Normale;Buona;;0;0;0;6;12.4115;41.7858;-1;4;Autovettura privata;In marcia / fermata / arresto;Conducente;M;Illeso;0;;;
5832435;13;20/02/2022 16:25:00;Strada Urbana;VIALE DEI ROMAGNOLI;all'intersezione con;VIA GUIDO CALZA;VIA GUIDO CALZA;;;Tamponamento;Intersezione stradale segnalata;Una carreggiata a doppio senso;Asciutto;Asfaltata;Verticale ed orizzontale;Sereno;Normale;Buona;;0;0;0;3;12.2916;41.7522;-1;1;Autovettura privata;In marcia / fermata / arresto;Conducente;M;Illeso;0;;Non accertato;Inesploso
5832435;13;20/02/2022 16:25:00;Strada Urbana;VIALE DEI ROMAGNOLI;all'intersezione con;VIA GUIDO CALZA;VIA GUIDO CALZA;;;Tamponamento;Intersezione stradale segnalata;Una carreggiata a doppio senso;Asciutto;Asfaltata;Verticale ed orizzontale;Sereno;Normale;Buona;;0;0;0;3;12.2916;41.7522;-1;2;Autovettura privata;In marcia / fermata / arresto;Conducente;M;Illeso;0;;Non accertato;Inesploso
5832435;13;20/02/2022 16:25:00;Strada Urbana;VIALE DEI ROMAGNOLI;all'intersezione con;VIA GUIDO CALZA;VIA GUIDO CALZA;;;Tamponamento;Intersezione stradale segnalata;Una carreggiata a doppio senso;Asciutto;Asfaltata;Verticale ed orizzontale;Sereno;Normale;Buona;;0;0;0;3;12.2916;41.7522;-1;2;Autovettura privata;In marcia / fermata / arresto;Passeggero;F;Illeso;0;;Non accertato;Inesploso
5832437;11;20/02/2022 22:30:00;Strada Urbana;VIALE GUGLIELMO MARCONI;in corrispondenza;;del civico n.;644;;Tamponamento;Rettilineo;Due carreggiate;Asciutto;Asfaltata;Verticale ed orizzontale;Sereno;Scarso;Sufficiente;;2;0;0;1;12.4736;41.8512;-1;1;Autovettura privata;In marcia / fermata / arresto;Conducente;M;Rifiuta cure immediate;0;NON DECEDUTO;Non accertato;
5832437;11;20/02/2022 22:30:00;Strada Urbana;VIALE GUGLIELMO MARCONI;in corrispondenza;;del civico n.;644;;Tamponamento;Rettilineo;Due carreggiate;Asciutto;Asfaltata;Verticale ed orizzontale;Sereno;Scarso;Sufficiente;;2;0;0;1;12.4736;41.8512;-1;1;Autovettura privata;In marcia / fermata / arresto;Passeggero;M;Illeso;0;;Non accertato;
5832437;11;20/02/2022 22:30:00;Strada Urbana;VIALE GUGLIELMO MARCONI;in corrispondenza;;del civico n.;644;;Tamponamento;Rettilineo;Due carreggiate;Asciutto;Asfaltata;Verticale ed orizzontale;Sereno;Scarso;Sufficiente;;2;0;0;1;12.4736;41.8512;-1;1;Autovettura privata;In marcia / fermata / arresto;Passeggero;F;Rifiuta cure immediate;0;NON DECEDUTO;Non accertato;
5832437;11;20/02/2022 22:30:00;Strada Urbana;VIALE GUGLIELMO MARCONI;in corrispondenza;;del civico n.;644;;Tamponamento;Rettilineo;Due carreggiate;Asciutto;Asfaltata;Verticale ed orizzontale;Sereno;Scarso;Sufficiente;;2;0;0;1;12.4736;41.8512;-1;2;Autovettura privata;In marcia / fermata / arresto;;;;;;;
5832439;13;20/02/2022 16:44:00;Strada Urbana;VIA GIANFILIPPO USELLINI;all'intersezione con;VIA DI ACILIA;VIA DI ACILIA;;;Scontro frontale/laterale SX fra veicoli in marcia;Intersezione non regolata/non segnalata;Una carreggiata a senso unico di marcia;Asciutto;Asfaltata;Verticale ed orizzontale;Sereno;Normale;Sufficiente;;0;0;0;5;12.3789;41.773;-1;1;Autovettura privata;In marcia / fermata / arresto;Conducente;F;Illeso;0;;;
5832439;13;20/02/2022 16:44:00;Strada Urbana;VIA GIANFILIPPO USELLINI;all'intersezione con;VIA DI ACILIA;VIA DI ACILIA;;;Scontro frontale/laterale SX fra veicoli in marcia;Intersezione non regolata/non segnalata;Una carreggiata a senso unico di marcia;Asciutto;Asfaltata;Verticale ed orizzontale;Sereno;Normale;Sufficiente;;0;0;0;5;12.3789;41.773;-1;1;Autovettura privata;In marcia / fermata / arresto;Passeggero;M;Illeso;0;;;
5832439;13;20/02/2022 16:44:00;Strada Urbana;VIA GIANFILIPPO USELLINI;all'intersezione con;VIA DI ACILIA;VIA DI ACILIA;;;Scontro frontale/laterale SX fra veicoli in marcia;Intersezione non regolata/non segnalata;Una carreggiata a senso unico di marcia;Asciutto;Asfaltata;Verticale ed orizzontale;Sereno;Normale;Sufficiente;;0;0;0;5;12.3789;41.773;-1;1;Autovettura privata;In marcia / fermata / arresto;Passeggero;F;Illeso;0;;;
5832439;13;20/02/2022 16:44:00;Strada Urbana;VIA GIANFILIPPO USELLINI;all'intersezione con;VIA DI ACILIA;VIA DI ACILIA;;;Scontro frontale/laterale SX fra veicoli in marcia;Intersezione non regolata/non segnalata;Una carreggiata a senso unico di marcia;Asciutto;Asfaltata;Verticale ed orizzontale;Sereno;Normale;Sufficiente;;0;0;0;5;12.3789;41.773;-1;1;Autovettura privata;In marcia / fermata / arresto;Passeggero;M;Illeso;0;;;