Protocollo;Gruppo;DataOraIncidente;Localizzazione1;STRADA1;Localizzazione2;STRADA2;Strada02;Chilometrica;DaSpecificare;NaturaIncidente;particolaritastrade;TipoStrada;FondoStradale;Pavimentazione;Segnaletica;CondizioneAtmosferica;Traffico;Visibilita;Illuminazione;NUM_FERITI;NUM_RISERVATA;NUM_MORTI;NUM_ILLESI;Longitude;Latitude;Confermato;Progressivo;TipoVeicolo;StatoVeicolo;TipoPersona;Sesso;Tipolesione;Deceduto;DecedutoDopo;CinturaCascoUtilizzato;Airbag;
5838338;20;23/02/2022 16:20:00;Strada Urbana;LUNGOTEVERE MARESCIALLO DIAZ;all'intersezione semaforizzata con;LARGO MARESCIALLO DIAZ;LARGO MARESCIALLO DIAZ;;;Tamponamento;Intersezione semaforizzata;Due carreggiate;Asciutto;Asfaltata;Verticale ed orizzontale;Sereno;Normale;Buona;;0;0;0;4;12.462;41.9339;-1;1;Autovettura privata;In marcia / fermata / arresto;Passeggero;F;Illeso;0;;Non accertato;Inesploso
5838338;20;23/02/2022 16:20:00;Strada Urbana;LUNGOTEVERE MARESCIALLO DIAZ;all'intersezione semaforizzata con;LARGO MARESCIALLO DIAZ;LARGO MARESCIALLO DIAZ;;;Tamponamento;Intersezione semaforizzata;Due carreggiate;Asciutto;Asfaltata;Verticale ed orizzontale;Sereno;Normale;Buona;;0;0;0;4;12.462;41.9339;-1;2;Autovettura privata;In marcia / fermata / arresto;Conducente;F;Illeso;0;;Non accertato;Inesploso
5838338;20;23/02/2022 16:20:00;Strada Urbana;LUNGOTEVERE MARESCIALLO DIAZ;all'intersezione semaforizzata con;LARGO MARESCIALLO DIAZ;LARGO MARESCIALLO DIAZ;;;Tamponamento;Intersezione semaforizzata;Due carreggiate;Asciutto;Asfaltata;Verticale ed orizzontale;Sereno;Normale;Buona;;0;0;0;4;12.462;41.9339;-1;2;Autovettura privata;In marcia / fermata / arresto;Passeggero;F;Illeso;0;;Non accertato;
5838437;18;24/02/2022 09:15:00;Strada Urbana;VIA NUOVA DELLE FORNACI;in prossimità;;del civico n.;47;;Scontro laterale fra veicoli in marcia;Rettilineo;Una carreggiata a senso unico di marcia;Asciutto;Asfaltata;Verticale ed orizzontale;Sereno;Normale;Buona;;2;0;0;1;12.4584;41.8928;-1;1;Autovettura privata;In marcia / fermata / arresto;Conducente;M;Illeso;0;;;
5838437;18;24/02/2022 09:15:00;Strada Urbana;VIA NUOVA DELLE FORNACI;in prossimità;;del civico n.;47;;Scontro laterale fra veicoli in marcia;Rettilineo;Una carreggiata a senso unico di marcia;Asciutto;Asfaltata;Verticale ed orizzontale;Sereno;Normale;Buona;;2;0;0;1;12.4584;41.8928;-1;2;Motociclo con passeggero;In marcia / fermata / arresto;Conducente;M;Rifiuta cure immediate;0;NON DECEDUTO;;
5838437;18;24/02/2022 09:15:00;Strada Urbana;VIA NUOVA DELLE FORNACI;in prossimità;;del civico n.;47;;Scontro laterale fra veicoli in marcia;Rettilineo;Una carreggiata a senso unico di marcia;Asciutto;Asfaltata;Verticale ed orizzontale;Sereno;Normale;Buona;;2;0;0;1;12.4584;41.8928;-1;2;Motociclo con passeggero;In marcia / fermata / arresto;Passeggero;F;Rifiuta cure immediate;0;NON DECEDUTO;;
5838437;18;24/02/2022 09:15:00;Strada Urbana;VIA NUOVA DELLE FORNACI;in prossimità;;del civico n.;47;;Scontro laterale fra veicoli in marcia;Rettilineo;Una carreggiata a senso unico di marcia;Asciutto;Asfaltata;Verticale ed orizzontale;Sereno;Normale;Buona;;2;0;0;1;12.4584;41.8928;-1;3;Autovettura privata;Sosta;;;;;;;
5838451;20;23/02/2022 11:45:00;Strada Urbana;VIALE DI TOR DI QUINTO;in prossimità;;del civico n.;64;;Scontro frontale/laterale SX fra veicoli in marcia;Rettilineo;Una carreggiata a doppio senso;Asciutto;Asfaltata;Verticale ed orizzontale;Sereno;Normale;Sufficiente;;1;0;0;3;12.4786;41.9384;-1;1;Autovettura privata;In marcia / fermata / arresto;Conducente;M;Illeso;0;;Non accertato;Inesploso
5838451;20;23/02/2022 11:45:00;Strada Urbana;VIALE DI TOR DI QUINTO;in prossimità;;del civico n.;64;;Scontro frontale/laterale SX fra veicoli in marcia;Rettilineo;Una carreggiata a doppio senso;Asciutto;Asfaltata;Verticale ed orizzontale;Sereno;Normale;Sufficiente;;1;0;0;3;12.4786;41.9384;-1;2;Autovettura privata;In marcia / fermata / arresto;Conducente;F;Illeso;0;;Non accertato;Inesploso
5838451;20;23/02/2022 11:45:00;Strada Urbana;VIALE DI TOR DI QUINTO;in prossimità;;del civico n.;64;;Scontro frontale/laterale SX fra veicoli in marcia;Rettilineo;Una carreggiata a doppio senso;Asciutto;Asfaltata;Verticale ed orizzontale;Sereno;Normale;Sufficiente;;1;0;0;3;12.4786;41.9384;-1;2;Autovettura privata;In marcia / fermata / arresto;Passeggero;M;Illeso;0;;Non accertato;Inesploso
5838451;20;23/02/2022 11:45:00;Strada Urbana;VIALE DI TOR DI QUINTO;in prossimità;;del civico n.;64;;Scontro frontale/laterale SX fra veicoli in marcia;Rettilineo;Una carreggiata a doppio senso;Asciutto;Asfaltata;Verticale ed orizzontale;Sereno;Normale;Sufficiente;;1;0;0;3;12.4786;41.9384;-1;3;Motociclo a solo;In marcia / fermata / arresto;Conducente;M;Ricoverato;0;NON DECEDUTO;Non accertato;
5838452;7;23/02/2022 11:30:00;Strada Urbana;VIA DELLA RUSTICA;in prossimità;;del civico n.;131;;Tamponamento;Rettilineo;Una carreggiata a doppio senso;Asciutto;Asfaltata;Verticale ed orizzontale;Sereno;Normale;Buona;;0;0;0;2;12.6029;41.9126;-1;1;Autovettura privata;In marcia / fermata / arresto;Conducente;M;Illeso;0;;;
5838452;7;23/02/2022 11:30:00;Strada Urbana;VIA DELLA RUSTICA;in prossimità;;del civico n.;131;;Tamponamento;Rettilineo;Una carreggiata a doppio senso;Asciutto;Asfaltata;Verticale ed orizzontale;Sereno;Normale;Buona;;0;0;0;2;12.6029;41.9126;-1;2;Autovettura privata;In marcia / fermata / arresto;Conducente;M;Illeso;0;;;
5838487;7;23/02/2022 18:30:00;Strada Urbana;VIA DEI GELSI;all'intersezione con;VIA DEI CICLAMINI;VIA DEI CICLAMINI;;;Scontro frontale/laterale SX fra veicoli in marcia;Intersezione stradale segnalata;Una carreggiata a doppio senso;Asciutto;Asfaltata;Verticale ed orizzontale;Sereno;Normale;Sufficiente;;0;0;0;3;12.5683;41.8891;-1;1;Autovettura privata;In marcia / fermata / arresto;Conducente;F;Illeso;0;;Non accertato;Inesploso
5838487;7;23/02/2022 18:30:00;Strada Urbana;VIA DEI GELSI;all'intersezione con;VIA DEI CICLAMINI;VIA DEI CICLAMINI;;;Scontro frontale/laterale SX fra veicoli in marcia;Intersezione stradale segnalata;Una carreggiata a doppio senso;Asciutto;Asfaltata;Verticale ed orizzontale;Sereno;Normale;Sufficiente;;0;0;0;3;12.5683;41.8891;-1;1;Autovettura privata;In marcia / fermata / arresto;Passeggero;F;Illeso;0;;Non accertato;Inesploso
5838487;7;23/02/2022 18:30:00;Strada Urbana;VIA DEI GELSI;all'intersezione con;VIA DEI CICLAMINI;VIA DEI CICLAMINI;;;Scontro frontale/laterale SX fra veicoli in marcia;Intersezione stradale segnalata;Una carreggiata a doppio senso;Asciutto;Asfaltata;Verticale ed orizzontale;Sereno;Normale;Sufficiente;;0;0;0;3;12.5683;41.8891;-1;2;Autocarro inferiore 35 q.;In marcia / fermata / arresto;Conducente;M;Illeso;0;;Non accertato;Inesploso
5838506;6;24/02/2022 10:50:00;Strada Urbana;VIA TEANO;in corrispondenza;;del civico n.;8;;Tamponamento Multiplo;Rettilineo;Una carreggiata a senso unico di marcia;Asciutto;Asfaltata;Assente;Sereno;Normale;Buona;;1;0;0;3;12.5431;41.8907;-1;1;Autocarro inferiore 35 q.;In marcia / fermata / arresto;Conducente;M;Rifiuta cure immediate;0;NON DECEDUTO;Non accertato;Inesploso
5838506;6;24/02/2022 10:50:00;Strada Urbana;VIA TEANO;in corrispondenza;;del civico n.;8;;Tamponamento Multiplo;Rettilineo;Una carreggiata a senso unico di marcia;Asciutto;Asfaltata;Assente;Sereno;Normale;Buona;;1;0;0;3;12.5431;41.8907;-1;2;Autovettura privata;In marcia / fermata / arresto;Conducente;M;Illeso;0;;Non accertato;Inesploso
5838506;6;24/02/2022 10:50:00;Strada Urbana;VIA TEANO;in corrispondenza;;del civico n.;8;;Tamponamento Multiplo;Rettilineo;Una carreggiata a senso unico di marcia;Asciutto;Asfaltata;Assente;Sereno;Normale;Buona;;1;0;0;3;12.5431;41.8907;-1;3;Autovettura privata;In marcia / fermata / arresto;Conducente;M;Illeso;0;;Non accertato;Inesploso
5838506;6;24/02/2022 10:50:00;Strada Urbana;VIA TEANO;in corrispondenza;;del civico n.;8;;Tamponamento Multiplo;Rettilineo;Una carreggiata a senso unico di marcia;Asciutto;Asfaltata;Assente;Sereno;Normale;Buona;;1;0;0;3;12.5431;41.8907;-1;3;Autovettura privata;In marcia / fermata / arresto;Passeggero;M;Illeso;0;;Non accertato;Inesploso
5838510;17;23/02/2022 13:00:00;Strada Urbana;PONTE DEL RISORGIMENTO;da specificare;;;;pochi metri dopo piazzale delle Belli Arti;Scontro laterale fra veicoli in marcia;Rettilineo;Una carreggiata a senso unico di marcia;Asciutto;Asfaltata;Verticale ed orizzontale;Sereno;Normale;Buona;;0;0;0;2;12.4715;41.9188;-1;1;Autovettura privata;In marcia / fermata / arresto;Conducente;M;Illeso;0;;;
5838510;17;23/02/2022 13:00:00;Strada Urbana;PONTE DEL RISORGIMENTO;da specificare;;;;pochi metri dopo piazzale delle Belli Arti;Scontro laterale fra veicoli in marcia;Rettilineo;Una carreggiata a senso unico di marcia;Asciutto;Asfaltata;Verticale ed orizzontale;Sereno;Normale;Buona;;0;0;0;2;12.4715;41.9188;-1;2;Autovettura privata;In marcia / fermata / arresto;Conducente;M;Illeso;0;;;
5838512;17;23/02/2022 16:00:00;Strada Urbana;VIA PLINIO;in corrispondenza;;del civico n.;34;;Veicolo in marcia contro veicolo in sosta;Rettilineo;Una carreggiata a senso unico di marcia;Asciutto;Asfaltata;Verticale ed orizzontale;Sereno;Normale;Buona;;0;0;0;1;12.4651;41.9074;0;1;Autovettura privata;In marcia / fermata / arresto;Conducente;M;Illeso;0;;;
5838512;17;23/02/2022 16:00:00;Strada Urbana;VIA PLINIO;in corrispondenza;;del civico n.;34;;Veicolo in marcia contro veicolo in sosta;Rettilineo;Una carreggiata a senso unico di marcia;Asciutto;Asfaltata;Verticale ed orizzontale;Sereno;Normale;Buona;;0;0;0;1;12.4651;41.9074;0;2;Autovettura privata;Sosta;;;;;;;
5838524;10;24/02/2022 10:45:00;Strada Urbana;VIALE DEI CONSOLI;in corrispondenza;;del civico n.;22;;Scontro frontale/laterale DX fra veicoli in marcia;Rettilineo;Due carreggiate;Asciutto;Asfaltata;Verticale ed orizzontale;Sereno;Normale;Buona;;0;0;0;2;12.5559;41.8628;-1;1;Autovettura privata;In marcia / fermata / arresto;Conducente;M;Illeso;0;;Non accertato;Inesploso
5838524;10;24/02/2022 10:45:00;Strada Urbana;VIALE DEI CONSOLI;in corrispondenza;;del civico n.;22;;Scontro frontale/laterale DX fra veicoli in marcia;Rettilineo;Due carreggiate;Asciutto;Asfaltata;Verticale ed orizzontale;Sereno;Normale;Buona;;0;0;0;2;12.5559;41.8628;-1;2;Autovettura privata;In marcia / fermata / arresto;Conducente;M;Illeso;0;;Non accertato;Inesploso
5838641;7;23/02/2022 23:15:00;Strada Urbana;VIA CASILINA;all'intersezione con;VIALE FILARETE;VIALE FILARETE;;;Scontro laterale fra veicoli in marcia;Incrocio;Due carreggiate;Asciutto;Asfaltata;Verticale ed orizzontale;Sereno;Scarso;Sufficiente;;1;0;0;1;12.5385;41.8814;-1;1;Autovettura privata;In marcia / fermata / arresto;Conducente;F;Illeso;0;;Non accertato;Inesploso
5838641;7;23/02/2022 23:15:00;Strada Urbana;VIA CASILINA;all'intersezione con;VIALE FILARETE;VIALE FILARETE;;;Scontro laterale fra veicoli in marcia;Incrocio;Due carreggiate;Asciutto;Asfaltata;Verticale ed orizzontale;Sereno;Scarso;Sufficiente;;1;0;0;1;12.5385;41.8814;-1;2;Monopattino elettrico;In marcia / fermata / arresto;Conducente;M;Rimandato;0;NON DECEDUTO;Utilizzato;Inesploso
5838646;16;22/02/2022 20:35:00;Strada Urbana;VIA DI BRAVETTA;da specificare;;;;prossimità fronte civico 18;Tamponamento Multiplo;Rettilineo;Una carreggiata a doppio senso;Asciutto;Asfaltata;Orizzontale;Sereno;Normale;Buona;;1;0;0;2;12.4257;41.8762;-1;1;Autovettura privata;In marcia / fermata / arresto;Conducente;F;Illeso;0;;Non accertato;
5838646;16;22/02/2022 20:35:00;Strada Urbana;VIA DI BRAVETTA;da specificare;;;;prossimità fronte civico 18;Tamponamento Multiplo;Rettilineo;Una carreggiata a doppio senso;Asciutto;Asfaltata;Orizzontale;Sereno;Normale;Buona;;1;0;0;2;12.4257;41.8762;-1;2;Autovettura privata;In marcia / fermata / arresto;Conducente;M;Rimandato;0;NON DECEDUTO;Non accertato;
5838646;16;22/02/2022 20:35:00;Strada Urbana;VIA DI BRAVETTA;da specificare;;;;prossimità fronte civico 18;Tamponamento Multiplo;Rettilineo;Una carreggiata a doppio senso;Asciutto;Asfaltata;Orizzontale;Sereno;Normale;Buona;;1;0;0;2;12.4257;41.8762;-1;3;Autovettura privata;In marcia / fermata / arresto;Conducente;F;Illeso;0;;Non accertato;
5838649;17;23/02/2022 16:20:00;Strada Urbana;VIA ANGELO EMO;in prossimità;;del civico n.;3;;Scontro laterale fra veicoli in marcia;Rettilineo;Due carreggiate;Asciutto;Asfaltata;Verticale ed orizzontale;Sereno;Normale;Buona;;0;0;0;2;12.4497;41.9069;-1;1;Autovettura privata;In marcia / fermata / arresto;Conducente;F;Illeso;0;;;
5838649;17;23/02/2022 16:20:00;Strada Urbana;VIA ANGELO EMO;in prossimità;;del civico n.;3;;Scontro laterale fra veicoli in marcia;Rettilineo;Due carreggiate;Asciutto;Asfaltata;Verticale ed orizzontale;Sereno;Normale;Buona;;0;0;0;2;12.4497;41.9069;-1;2;Motociclo a solo;In marcia / fermata / arresto;Conducente;M;Illeso;0;;;
5838676;12;24/02/2022 06:45:00;Strada Urbana;VIA ARDEATINA;all'intersezione con;VIA STANISLAO SOLARI;VIA STANISLAO SOLARI;;;Investimento di pedone;Intersezione non regolata/non segnalata;Una carreggiata a doppio senso;Asciutto;Asfaltata;Verticale ed orizzontale;Sereno;Normale;Buona;;1;0;0;1;12.5255;41.8131;-1;;;;Pedone;M;Rimandato;0;NON DECEDUTO;;
5838676;12;24/02/2022 06:45:00;Strada Urbana;VIA ARDEATINA;all'intersezione con;VIA STANISLAO SOLARI;VIA STANISLAO SOLARI;;;Investimento di pedone;Intersezione non regolata/non segnalata;Una carreggiata a doppio senso;Asciutto;Asfaltata;Verticale ed orizzontale;Sereno;Normale;Buona;;1;0;0;1;12.5255;41.8131;-1;1;Autovettura privata;In marcia / fermata / arresto;Conducente;M;Illeso;0;;;
5838698;16;22/02/2022 17:40:00;Strada Urbana;VIA DEL CASALETTO;all'intersezione con;VIA ROBERTO ALESSANDRI;VIA ROBERTO ALESSANDRI;;;Scontro frontale/laterale DX fra veicoli in marcia;Intersezione stradale segnalata;Due carreggiate;Asciutto;Asfaltata;Verticale ed orizzontale;Sereno;Normale;Buona;;1;0;0;2;12.438;41.8666;-1;1;Autovettura privata;In marcia / fermata / arresto;Conducente;M;Illeso;0;;Non accertato;
5838698;16;22/02/2022 17:40:00;Strada Urbana;VIA DEL CASALETTO;all'intersezione con;VIA ROBERTO ALESSANDRI;VIA ROBERTO ALESSANDRI;;;Scontro frontale/laterale DX fra veicoli in marcia;Intersezione stradale segnalata;Due carreggiate;Asciutto;Asfaltata;Verticale ed orizzontale;Sereno;Normale;Buona;;1;0;0;2;12.438;41.8666;-1;1;Autovettura privata;In marcia / fermata / arresto;Passeggero;M;Illeso;0;;Non accertato;
5838698;16;22/02/2022 17:40:00;Strada Urbana;VIA DEL CASALETTO;all'intersezione con;VIA ROBERTO ALESSANDRI;VIA ROBERTO ALESSANDRI;;;Scontro frontale/laterale DX fra veicoli in marcia;Intersezione stradale segnalata;Due carreggiate;Asciutto;Asfaltata;Verticale ed orizzontale;Sereno;Normale;Buona;;1;0;0;2;12.438;41.8666;-1;2;Motociclo a solo;In marcia / fermata / arresto;Conducente;M;Ricoverato;0;NON DECEDUTO;Non accertato;
5838716;18;24/02/2022 12:10:00;Strada Urbana;VIA AURELIA;all'intersezione con;VIA PIETRO DE FRANCISCI;VIA PIETRO DE FRANCISCI;;;Scontro laterale fra veicoli in marcia;Intersezione non regolata/non segnalata;Due carreggiate;Asciutto;Asfaltata;Verticale ed orizzontale;Sereno;Normale;Buona;;1;0;0;1;12.4012;41.8861;-1;1;Autovettura privata;In marcia / fermata / arresto;Conducente;F;Illeso;0;;;
5838716;18;24/02/2022 12:10:00;Strada Urbana;VIA AURELIA;all'intersezione con;VIA PIETRO DE FRANCISCI;VIA PIETRO DE FRANCISCI;;;Scontro laterale fra veicoli in marcia;Intersezione non regolata/non segnalata;Due carreggiate;Asciutto;Asfaltata;Verticale ed orizzontale;Sereno;Normale;Buona;;1;0;0;1;12.4012;41.8861;-1;2;Motociclo a solo;In marcia / fermata / arresto;Conducente;M;Rifiuta cure immediate;0;NON DECEDUTO;;
5838724;16;23/02/2022 08:25:00;Strada Urbana;C.NE GIANICOLENSE;da specificare;;;;fronte civico 109;Scontro frontale/laterale SX fra veicoli in marcia;Rettilineo;Più di due carreggiate;Asciutto;Asfaltata;Orizzontale;Sereno;Normale;Buona;;0;0;0;5;12.4496;41.8725;-1;1;Autoambulanza;In marcia / fermata / arresto;Conducente;M;Illeso;0;;Non accertato;
5838724;16;23/02/2022 08:25:00;Strada Urbana;C.NE GIANICOLENSE;da specificare;;;;fronte civico 109;Scontro frontale/laterale SX fra veicoli in marcia;Rettilineo;Più di due carreggiate;Asciutto;Asfaltata;Orizzontale;Sereno;Normale;Buona;;0;0;0;5;12.4496;41.8725;-1;1;Autoambulanza;In marcia / fermata / arresto;Passeggero;M;Illeso;0;;Non accertato;
5838724;16;23/02/2022 08:25:00;Strada Urbana;C.NE GIANICOLENSE;da specificare;;;;fronte civico 109;Scontro frontale/laterale SX fra veicoli in marcia;Rettilineo;Più di due carreggiate;Asciutto;Asfaltata;Orizzontale;Sereno;Normale;Buona;;0;0;0;5;12.4496;41.8725;-1;1;Autoambulanza;In marcia / fermata / arresto;Passeggero;F;Illeso;0;;Non accertato;
5838724;16;23/02/2022 08:25:00;Strada Urbana;C.NE GIANICOLENSE;da specificare;;;;fronte civico 109;Scontro frontale/laterale SX fra veicoli in marcia;Rettilineo;Più di due carreggiate;Asciutto;Asfaltata;Orizzontale;Sereno;Normale;Buona;;0;0;0;5;12.4496;41.8725;-1;2;Autovettura di polizia;In marcia / fermata / arresto;Conducente;F;Illeso;0;;Non accertato;
5838724;16;23/02/2022 08:25:00;Strada Urbana;C.NE GIANICOLENSE;da specificare;;;;fronte civico 109;Scontro frontale/laterale SX fra veicoli in marcia;Rettilineo;Più di due carreggiate;Asciutto;Asfaltata;Orizzontale;Sereno;Normale;Buona;;0;0;0;5;12.4496;41.8725;-1;2;Autovettura di polizia;In marcia / fermata / arresto;Passeggero;M;Illeso;0;;Non accertato;
5838762;10;24/02/2022 12:30:00;Strada Urbana;VIA TARQUINIO COLLATINO;all'intersezione semaforizzata con;VIA CALPURNIO FIAMMA;VIA CALPURNIO FIAMMA;;;Scontro laterale fra veicoli in marcia;Intersezione semaforizzata;Una carreggiata a senso unico di marcia;Asciutto;Asfaltata;Verticale ed orizzontale;Sereno;Normale;Buona;;1;0;0;1;12.5617;41.862;-1;1;Autovettura privata;In marcia / fermata / arresto;Conducente;M;Illeso;0;;Non accertato;Inesploso
5838762;10;24/02/2022 12:30:00;Strada Urbana;VIA TARQUINIO COLLATINO;all'intersezione semaforizzata con;VIA CALPURNIO FIAMMA;VIA CALPURNIO FIAMMA;;;Scontro laterale fra veicoli in marcia;Intersezione semaforizzata;Una carreggiata a senso unico di marcia;Asciutto;Asfaltata;Verticale ed orizzontale;Sereno;Normale;Buona;;1;0;0;1;12.5617;41.862;-1;2;Motociclo con passeggero;In marcia / fermata / arresto;Conducente;M;Ricoverato;0;NON DECEDUTO;Non accertato;
5838763;16;23/02/2022 12:40:00;Strada Urbana;VIALE DI TRASTEVERE;all'intersezione con;C.NE GIANICOLENSE;C.NE GIANICOLENSE;;;Tamponamento;Intersezione stradale segnalata;Più di due carreggiate;Asciutto;Asfaltata;Verticale ed orizzontale;Sereno;Normale;Buona;;0;0;0;3;12.4679;41.8817;-1;1;Autovettura privata;In marcia / fermata / arresto;Conducente;M;Illeso;0;;Non accertato;Inesploso
5838763;16;23/02/2022 12:40:00;Strada Urbana;VIALE DI TRASTEVERE;all'intersezione con;C.NE GIANICOLENSE;C.NE GIANICOLENSE;;;Tamponamento;Intersezione stradale segnalata;Più di due carreggiate;Asciutto;Asfaltata;Verticale ed orizzontale;Sereno;Normale;Buona;;0;0;0;3;12.4679;41.8817;-1;1;Autovettura privata;In marcia / fermata / arresto;Passeggero;M;Illeso;0;;Non accertato;Inesploso
5838763;16;23/02/2022 12:40:00;Strada Urbana;VIALE DI TRASTEVERE;all'intersezione con;C.NE GIANICOLENSE;C.NE GIANICOLENSE;;;Tamponamento;Intersezione stradale segnalata;Più di due carreggiate;Asciutto;Asfaltata;Verticale ed orizzontale;Sereno;Normale;Buona;;0;0;0;3;12.4679;41.8817;-1;2;Autovettura privata;In marcia / fermata / arresto;Conducente;M;Illeso;0;;Non accertato;Inesploso
5838773;1;24/02/2022 09:50:00;Strada Urbana;VIA SFORZA;all'intersezione con;VIA CAVOUR;VIA CAVOUR;;;Veicolo in marcia contro veicolo in sosta;Incrocio;Una carreggiata a doppio senso;Asciutto;Asfaltata;Assente;Sereno;Normale;Buona;;0;0;0;1;12.4944;41.8958;0;1;Autogru;In marcia / fermata / arresto;Conducente;M;Illeso;0;;Non accertato;Inesploso
5838773;1;24/02/2022 09:50:00;Strada Urbana;VIA SFORZA;all'intersezione con;VIA CAVOUR;VIA CAVOUR;;;Veicolo in marcia contro veicolo in sosta;Incrocio;Una carreggiata a doppio senso;Asciutto;Asfaltata;Assente;Sereno;Normale;Buona;;0;0;0;1;12.4944;41.8958;0;2;Autovettura privata;Sosta;;;;;;;
5838779;16;23/02/2022 08:10:00;Strada Urbana;PIAZZALE PORTUENSE;all'intersezione semaforizzata con;VIA PORTUENSE;VIA PORTUENSE;;;Scontro laterale fra veicoli in marcia;Intersezione semaforizzata;Una carreggiata a doppio senso;Asciutto;Asfaltata;Verticale ed orizzontale;Sereno;Normale;Buona;;1;0;0;1;12.4742;41.8838;-1;1;Autovettura privata;In marcia / fermata / arresto;Conducente;M;Illeso;0;;Non utilizzato;
5838779;16;23/02/2022 08:10:00;Strada Urbana;PIAZZALE PORTUENSE;all'intersezione semaforizzata con;VIA PORTUENSE;VIA PORTUENSE;;;Scontro laterale fra veicoli in marcia;Intersezione semaforizzata;Una carreggiata a doppio senso;Asciutto;Asfaltata;Verticale ed orizzontale;Sereno;Normale;Buona;;1;0;0;1;12.4742;41.8838;-1;2;Motociclo a solo;In marcia / fermata / arresto;Conducente;M;Rimandato;0;NON DECEDUTO;Non accertato;
5838818;12;24/02/2022 07:45:00;Strada Urbana;VIA DI TOR PAGNOTTA;da specificare;;;;fronte v.le pelosi dir. Ardeatina;Tamponamento Multiplo;Rettilineo;Due carreggiate;Asciutto;Asfaltata;Verticale ed orizzontale;Sereno;Normale;Buona;;0;0;0;4;12.5061;41.8038;-1;1;Autocarro inferiore 35 q.;In marcia / fermata / arresto;Conducente;F;Illeso;0;;;
5838818;12;24/02/2022 07:45:00;Strada Urbana;VIA DI TOR PAGNOTTA;da specificare;;;;fronte v.le pelosi dir. Ardeatina;Tamponamento Multiplo;Rettilineo;Due carreggiate;Asciutto;Asfaltata;Verticale ed orizzontale;Sereno;Normale;Buona;;0;0;0;4;12.5061;41.8038;-1;1;Autocarro inferiore 35 q.;In marcia / fermata / arresto;Passeggero;F;Illeso;0;;;
5838818;12;24/02/2022 07:45:00;Strada Urbana;VIA DI TOR PAGNOTTA;da specificare;;;;fronte v.le pelosi dir. Ardeatina;Tamponamento Multiplo;Rettilineo;Due carreggiate;Asciutto;Asfaltata;Verticale ed orizzontale;Sereno;Normale;Buona;;0;0;0;4;12.5061;41.8038;-1;2;Autovettura privata;In marcia / fermata / arresto;Conducente;M;Illeso;0;;;
5838818;12;24/02/2022 07:45:00;Strada Urbana;VIA DI TOR PAGNOTTA;da specificare;;;;fronte v.le pelosi dir. Ardeatina;Tamponamento Multiplo;Rettilineo;Due carreggiate;Asciutto;Asfaltata;Verticale ed orizzontale;Sereno;Normale;Buona;;0;0;0;4;12.5061;41.8038;-1;3;Autovettura privata;In marcia / fermata / arresto;Conducente;M;Illeso;0;;;
5838820;16;23/02/2022 13:30:00;Strada Urbana;C.NE GIANICOLENSE;all'intersezione con;VIA DEL CASALETTO;VIA DEL CASALETTO;;;Scontro laterale fra veicoli in marcia;Intersezione semaforizzata;Più di due carreggiate;Asciutto;Asfaltata;Verticale ed orizzontale;Sereno;Normale;Buona;;0;0;0;2;12.4496;41.8725;-1;1;Autocarro inferiore 35 q.;In marcia / fermata / arresto;Conducente;M;Illeso;0;;Non accertato;
5838820;16;23/02/2022 13:30:00;Strada Urbana;C.NE GIANICOLENSE;all'intersezione con;VIA DEL CASALETTO;VIA DEL CASALETTO;;;Scontro laterale fra veicoli in marcia;Intersezione semaforizzata;Più di due carreggiate;Asciutto;Asfaltata;Verticale ed orizzontale;Sereno;Normale;Buona;;0;0;0;2;12.4496;41.8725;-1;2;Autovettura privata;In marcia / fermata / arresto;Conducente;F;Illeso;0;;Non accertato;
5838826;9;24/02/2022 11:40:00;Strada Urbana;LARGO VOLUMNIA;in prossimità;;del civico n.;1;;Scontro frontale/laterale SX fra veicoli in marcia;Rettilineo;Due carreggiate;Asciutto;Asfaltata;Verticale ed orizzontale;Sereno;Normale;Buona;;1;0;0;1;12.5336;41.8718;-1;1;Autovettura privata;In marcia / fermata / arresto;Conducente;M;Illeso;0;;Non accertato;Inesploso
5838826;9;24/02/2022 11:40:00;Strada Urbana;LARGO VOLUMNIA;in prossimità;;del civico n.;1;;Scontro frontale/laterale SX fra veicoli in marcia;Rettilineo;Due carreggiate;Asciutto;Asfaltata;Verticale ed orizzontale;Sereno;Normale;Buona;;1;0;0;1;12.5336;41.8718;-1;2;Motociclo a solo;In marcia / fermata / arresto;Conducente;M;Rimandato;0;NON DECEDUTO;Non accertato;
5838837;1;24/02/2022 11:25:00;Strada Urbana;VIA RAFFAELE PERSICHETTI;all'intersezione semaforizzata con;PIAZZALE OSTIENSE;PIAZZALE OSTIENSE;;;Veicolo in marcia contro ostacolo accidentale;Intersezione semaforizzata;Una carreggiata a senso unico di marcia;Asciutto;Asfaltata;Verticale ed orizzontale;Sereno;Normale;Buona;;2;0;0;1;12.4812;41.8766;-1;1;Autobus urbano;In marcia / fermata / arresto;Conducente;M;Illeso;0;;Non accertato;Inesploso