Protocollo;Gruppo;DataOraIncidente;Localizzazione1;STRADA1;Localizzazione2;STRADA2;Strada02;Chilometrica;DaSpecificare;NaturaIncidente;particolaritastrade;TipoStrada;FondoStradale;Pavimentazione;Segnaletica;CondizioneAtmosferica;Traffico;Visibilita;Illuminazione;NUM_FERITI;NUM_RISERVATA;NUM_MORTI;NUM_ILLESI;Longitude;Latitude;Confermato;Progressivo;TipoVeicolo;StatoVeicolo;TipoPersona;Sesso;Tipolesione;Deceduto;DecedutoDopo;CinturaCascoUtilizzato;Airbag;
5840184;18;24/02/2022 16:30:00;Strada Urbana;VIA GREGORIO VII;in prossimità;;del civico n.;130;;Tamponamento;Rettilineo;Più di due carreggiate;Asciutto;Asfaltata;Verticale ed orizzontale;Sereno;Normale;Buona;;0;0;0;2;12.446;41.8957;-1;2;Motociclo a solo;In marcia / fermata / arresto;Conducente;M;Illeso;0;;Non accertato;
5840188;19;24/02/2022 19:20:00;Strada Urbana;GALLERIA GIOVANNI XXIII;in prossimità;;della chilometrica;1.5;;Veicolo in marcia contro ostacolo fisso;Galleria illuminata;Una carreggiata a senso unico di marcia;Asciutto;Asfaltata;Verticale ed orizzontale;Sereno;Normale;Buona;;1;0;0;0;12.4411;41.9404;-1;1;Motociclo a solo;In marcia / fermata / arresto;Conducente;M;Ricoverato;0;NON DECEDUTO;Non accertato;
5840195;2;24/02/2022 17:00:00;Strada Urbana;CIRCONVALLAZIONE SALARIA;da specificare;;;;uscita SALARIA - dir. Stadio;Tamponamento Multiplo;Rettilineo;Due carreggiate;Asciutto;Asfaltata;Verticale ed orizzontale;Sereno;Intenso;Buona;;0;0;0;4;12.5207;41.9347;-1;1;Autocarro inferiore 35 q.;In marcia / fermata / arresto;Conducente;M;Illeso;0;;Non accertato;Inesistente
5840195;2;24/02/2022 17:00:00;Strada Urbana;CIRCONVALLAZIONE SALARIA;da specificare;;;;uscita SALARIA - dir. Stadio;Tamponamento Multiplo;Rettilineo;Due carreggiate;Asciutto;Asfaltata;Verticale ed orizzontale;Sereno;Intenso;Buona;;0;0;0;4;12.5207;41.9347;-1;2;Autovettura privata;In marcia / fermata / arresto;Conducente;M;Illeso;0;;Non accertato;Inesploso
5840195;2;24/02/2022 17:00:00;Strada Urbana;CIRCONVALLAZIONE SALARIA;da specificare;;;;uscita SALARIA - dir. Stadio;Tamponamento Multiplo;Rettilineo;Due carreggiate;Asciutto;Asfaltata;Verticale ed orizzontale;Sereno;Intenso;Buona;;0;0;0;4;12.5207;41.9347;-1;2;Autovettura privata;In marcia / fermata / arresto;Passeggero;F;Illeso;0;;Non accertato;Inesploso
5840195;2;24/02/2022 17:00:00;Strada Urbana;CIRCONVALLAZIONE SALARIA;da specificare;;;;uscita SALARIA - dir. Stadio;Tamponamento Multiplo;Rettilineo;Due carreggiate;Asciutto;Asfaltata;Verticale ed orizzontale;Sereno;Intenso;Buona;;0;0;0;4;12.5207;41.9347;-1;3;Autovettura privata;In marcia / fermata / arresto;Conducente;M;Illeso;0;;Non accertato;Inesploso
5840196;17;24/02/2022 15:30:00;Strada Urbana;VIA DELLA MELORIA;all'intersezione con;VIA FRANCESCO SIVORI;VIA FRANCESCO SIVORI;;;Scontro laterale fra veicoli in marcia;Incrocio;Una carreggiata a senso unico di marcia;Asciutto;Asfaltata;Verticale ed orizzontale;Sereno;Scarso;Buona;;0;0;0;2;12.4465;41.9069;-1;1;Autovettura privata;In marcia / fermata / arresto;Conducente;M;Illeso;0;;;
5840196;17;24/02/2022 15:30:00;Strada Urbana;VIA DELLA MELORIA;all'intersezione con;VIA FRANCESCO SIVORI;VIA FRANCESCO SIVORI;;;Scontro laterale fra veicoli in marcia;Incrocio;Una carreggiata a senso unico di marcia;Asciutto;Asfaltata;Verticale ed orizzontale;Sereno;Scarso;Buona;;0;0;0;2;12.4465;41.9069;-1;2;Autovettura privata;In marcia / fermata / arresto;Conducente;M;Illeso;0;;;
5840201;2;24/02/2022 10:55:00;Strada Urbana;VIALE ETIOPIA;da specificare;;;;fronte via Adua;Tamponamento Multiplo;Rettilineo;Una carreggiata a doppio senso;Asciutto;Asfaltata;Verticale ed orizzontale;Sereno;Intenso;Buona;;2;0;0;1;12.5235;41.9315;-1;1;Autovettura privata;In marcia / fermata / arresto;Conducente;M;Rimandato;0;NON DECEDUTO;;
5840201;2;24/02/2022 10:55:00;Strada Urbana;VIALE ETIOPIA;da specificare;;;;fronte via Adua;Tamponamento Multiplo;Rettilineo;Una carreggiata a doppio senso;Asciutto;Asfaltata;Verticale ed orizzontale;Sereno;Intenso;Buona;;2;0;0;1;12.5235;41.9315;-1;2;Autovettura privata;In marcia / fermata / arresto;Conducente;M;Illeso;0;;;
5840201;2;24/02/2022 10:55:00;Strada Urbana;VIALE ETIOPIA;da specificare;;;;fronte via Adua;Tamponamento Multiplo;Rettilineo;Una carreggiata a doppio senso;Asciutto;Asfaltata;Verticale ed orizzontale;Sereno;Intenso;Buona;;2;0;0;1;12.5235;41.9315;-1;3;Autovettura privata;In marcia / fermata / arresto;Conducente;M;Rimandato;0;NON DECEDUTO;;
5840204;2;24/02/2022 07:10:00;Strada Urbana;VIA DEL FORO ITALICO;in prossimità;;del civico n.;611;;Scontro laterale fra veicoli in marcia;Rettilineo;Due carreggiate;Asciutto;Asfaltata;Orizzontale;Sereno;Intenso;Buona;;2;0;0;1;12.5005;41.9405;-1;1;Autovettura privata;In marcia / fermata / arresto;Conducente;M;Illeso;0;;Non accertato;Inesploso
5840204;2;24/02/2022 07:10:00;Strada Urbana;VIA DEL FORO ITALICO;in prossimità;;del civico n.;611;;Scontro laterale fra veicoli in marcia;Rettilineo;Due carreggiate;Asciutto;Asfaltata;Orizzontale;Sereno;Intenso;Buona;;2;0;0;1;12.5005;41.9405;-1;2;Motociclo con passeggero;In marcia / fermata / arresto;Conducente;M;Rimandato;0;NON DECEDUTO;Non accertato;
5840204;2;24/02/2022 07:10:00;Strada Urbana;VIA DEL FORO ITALICO;in prossimità;;del civico n.;611;;Scontro laterale fra veicoli in marcia;Rettilineo;Due carreggiate;Asciutto;Asfaltata;Orizzontale;Sereno;Intenso;Buona;;2;0;0;1;12.5005;41.9405;-1;2;Motociclo con passeggero;In marcia / fermata / arresto;Passeggero;M;Rimandato;0;NON DECEDUTO;Non accertato;
5840206;3;24/02/2022 07:10:00;Strada Urbana;VIA NOMENTANA;in corrispondenza;;del civico n.;77;;Scontro laterale fra veicoli in marcia;Rettilineo;Più di due carreggiate;Asciutto;Asfaltata;Verticale ed orizzontale;Sereno;Intenso;Buona;;1;0;0;1;12.5035;41.9111;-1;1;Autovettura privata;In marcia / fermata / arresto;Conducente;F;Illeso;0;;;
5840206;3;24/02/2022 07:10:00;Strada Urbana;VIA NOMENTANA;in corrispondenza;;del civico n.;77;;Scontro laterale fra veicoli in marcia;Rettilineo;Più di due carreggiate;Asciutto;Asfaltata;Verticale ed orizzontale;Sereno;Intenso;Buona;;1;0;0;1;12.5035;41.9111;-1;2;Motociclo a solo;In marcia / fermata / arresto;Conducente;F;Rimandato;0;NON DECEDUTO;;
5840213;2;24/02/2022 18:55:00;Strada Urbana;PIAZZALE CARDINAL CONSALVI;all'intersezione semaforizzata con;VIA FLAMINIA;VIA FLAMINIA;;;Scontro laterale fra veicoli in marcia;Incrocio;Una carreggiata a senso unico di marcia;Asciutto;Asfaltata;Verticale ed orizzontale;Sereno;Normale;Sufficiente;;0;0;0;2;12.4679;41.9335;-1;1;Autovettura privata;In marcia / fermata / arresto;Conducente;F;Illeso;0;;Non accertato;Inesploso
5840213;2;24/02/2022 18:55:00;Strada Urbana;PIAZZALE CARDINAL CONSALVI;all'intersezione semaforizzata con;VIA FLAMINIA;VIA FLAMINIA;;;Scontro laterale fra veicoli in marcia;Incrocio;Una carreggiata a senso unico di marcia;Asciutto;Asfaltata;Verticale ed orizzontale;Sereno;Normale;Sufficiente;;0;0;0;2;12.4679;41.9335;-1;2;Monopattino elettrico;In marcia / fermata / arresto;Conducente;M;Illeso;0;;Non accertato;Inesistente
5840216;2;24/02/2022 13:25:00;Strada Urbana;VIA SALARIA;in prossimità;;del civico n.;fr. 412;;Tamponamento Multiplo;Rettilineo;Una carreggiata a doppio senso;Asciutto;Asfaltata;Orizzontale;Sereno;Normale;Buona;;1;0;0;3;12.5115;41.9873;-1;1;Autovettura privata;In marcia / fermata / arresto;Conducente;M;Illeso;0;;;
5840216;2;24/02/2022 13:25:00;Strada Urbana;VIA SALARIA;in prossimità;;del civico n.;fr. 412;;Tamponamento Multiplo;Rettilineo;Una carreggiata a doppio senso;Asciutto;Asfaltata;Orizzontale;Sereno;Normale;Buona;;1;0;0;3;12.5115;41.9873;-1;2;Autovettura privata;In marcia / fermata / arresto;Conducente;M;Illeso;0;;;
5840216;2;24/02/2022 13:25:00;Strada Urbana;VIA SALARIA;in prossimità;;del civico n.;fr. 412;;Tamponamento Multiplo;Rettilineo;Una carreggiata a doppio senso;Asciutto;Asfaltata;Orizzontale;Sereno;Normale;Buona;;1;0;0;3;12.5115;41.9873;-1;3;Autovettura privata;In marcia / fermata / arresto;Conducente;M;Illeso;0;;;
5840216;2;24/02/2022 13:25:00;Strada Urbana;VIA SALARIA;in prossimità;;del civico n.;fr. 412;;Tamponamento Multiplo;Rettilineo;Una carreggiata a doppio senso;Asciutto;Asfaltata;Orizzontale;Sereno;Normale;Buona;;1;0;0;3;12.5115;41.9873;-1;3;Autovettura privata;In marcia / fermata / arresto;Passeggero;M;Rimandato;0;NON DECEDUTO;;
5840218;2;24/02/2022 20:15:00;Strada Urbana;VIA DEL FORO ITALICO;in prossimità;;del civico n.;430;;Scontro frontale/laterale DX fra veicoli in marcia;Rettilineo;Due carreggiate;Asciutto;Asfaltata;Verticale ed orizzontale;Sereno;Normale;Buona;;0;0;0;2;12.4871;41.9383;-1;1;Autovettura privata;In marcia / fermata / arresto;Conducente;F;Illeso;0;;Non accertato;Inesploso
5840218;2;24/02/2022 20:15:00;Strada Urbana;VIA DEL FORO ITALICO;in prossimità;;del civico n.;430;;Scontro frontale/laterale DX fra veicoli in marcia;Rettilineo;Due carreggiate;Asciutto;Asfaltata;Verticale ed orizzontale;Sereno;Normale;Buona;;0;0;0;2;12.4871;41.9383;-1;2;Motociclo a solo;In marcia / fermata / arresto;Conducente;M;Illeso;0;;Non accertato;
5840220;2;24/02/2022 15:50:00;Strada Urbana;VIA LUISA DI SAVOIA;da specificare;;;;pross. L.RE A. DA BRESCIA;Infortunio per sola frenata improvvisa;Rettilineo;Più di due carreggiate;Asciutto;Asfaltata;Verticale ed orizzontale;Sereno;Intenso;Buona;;0;0;0;2;12.4742;41.9113;-1;1;Motociclo con passeggero;In marcia / fermata / arresto;Conducente;M;Illeso;0;;Non accertato;
5840220;2;24/02/2022 15:50:00;Strada Urbana;VIA LUISA DI SAVOIA;da specificare;;;;pross. L.RE A. DA BRESCIA;Infortunio per sola frenata improvvisa;Rettilineo;Più di due carreggiate;Asciutto;Asfaltata;Verticale ed orizzontale;Sereno;Intenso;Buona;;0;0;0;2;12.4742;41.9113;-1;1;Motociclo con passeggero;In marcia / fermata / arresto;Passeggero;F;Illeso;0;;Non accertato;
5840221;2;24/02/2022 21:00:00;Strada Urbana;VIA PINCIANA;in prossimità;;del civico n.;65;;Scontro laterale fra veicoli in marcia;Rettilineo;Una carreggiata a doppio senso;Asciutto;Asfaltata;Verticale ed orizzontale;Sereno;Scarso;Buona;;0;0;0;3;12.4919;41.9113;-1;1;Autovettura privata;In marcia / fermata / arresto;Conducente;M;Illeso;0;;Non accertato;Inesploso
5840221;2;24/02/2022 21:00:00;Strada Urbana;VIA PINCIANA;in prossimità;;del civico n.;65;;Scontro laterale fra veicoli in marcia;Rettilineo;Una carreggiata a doppio senso;Asciutto;Asfaltata;Verticale ed orizzontale;Sereno;Scarso;Buona;;0;0;0;3;12.4919;41.9113;-1;1;Autovettura privata;In marcia / fermata / arresto;Passeggero;F;Illeso;0;;Non accertato;Inesploso
5840221;2;24/02/2022 21:00:00;Strada Urbana;VIA PINCIANA;in prossimità;;del civico n.;65;;Scontro laterale fra veicoli in marcia;Rettilineo;Una carreggiata a doppio senso;Asciutto;Asfaltata;Verticale ed orizzontale;Sereno;Scarso;Buona;;0;0;0;3;12.4919;41.9113;-1;2;Autovettura privata;In marcia / fermata / arresto;Conducente;F;Illeso;0;;Non accertato;Inesploso
5840239;3;24/02/2022 08:15:00;Strada Urbana;VIA RODOLFO LANCIANI;da specificare;;;;altezza largo lanciani direzione viale XXI aprile;Scontro frontale/laterale DX fra veicoli in marcia;Rettilineo;Una carreggiata a senso unico di marcia;Asciutto;Asfaltata;Verticale ed orizzontale;Sereno;Intenso;Buona;;0;0;0;2;12.5253;41.9213;-1;1;Motociclo a solo;In marcia / fermata / arresto;Conducente;M;Illeso;0;;;
5840239;3;24/02/2022 08:15:00;Strada Urbana;VIA RODOLFO LANCIANI;da specificare;;;;altezza largo lanciani direzione viale XXI aprile;Scontro frontale/laterale DX fra veicoli in marcia;Rettilineo;Una carreggiata a senso unico di marcia;Asciutto;Asfaltata;Verticale ed orizzontale;Sereno;Intenso;Buona;;0;0;0;2;12.5253;41.9213;-1;2;Autovettura privata;In marcia / fermata / arresto;Conducente;M;Illeso;0;;;
5840267;18;24/02/2022 11:00:00;Strada Urbana;VIA DELLA PINETA SACCHETTI;da specificare;;;;prossimità intersezione via Bolognetti;Veicolo in marcia contro ostacolo fisso;Curva senza visuale libera;Due carreggiate;Asciutto;Asfaltata;Verticale ed orizzontale;Sereno;Scarso;Buona;;0;0;0;1;12.425;41.924;-1;1;Autocarro inferiore 35 q.;In marcia / fermata / arresto;Conducente;M;Illeso;0;;Non accertato;Esploso
5840271;4;24/02/2022 15:20:00;;VIA NOMENTANA;in prossimità;;della chilometrica;13.8;;Infortunio per caduta del veicolo;;;;;;;;;;1;0;0;0;12.5737;41.959;0;1;Motociclo a solo;In marcia / fermata / arresto;Conducente;M;Rimandato;0;NON DECEDUTO;;
5840272;1;24/02/2022 23:00:00;Strada Urbana;VIA QUATTRO NOVEMBRE;in prossimità;;del civico n.;137;;Investimento di pedone;Rettilineo;Una carreggiata a doppio senso;Asciutto;Asfaltata;Verticale ed orizzontale;Sereno;Scarso;Sufficiente;;0;0;0;2;;;0;;;;Pedone;M;Illeso;0;;;
5840272;1;24/02/2022 23:00:00;Strada Urbana;VIA QUATTRO NOVEMBRE;in prossimità;;del civico n.;137;;Investimento di pedone;Rettilineo;Una carreggiata a doppio senso;Asciutto;Asfaltata;Verticale ed orizzontale;Sereno;Scarso;Sufficiente;;0;0;0;2;;;0;1;Monopattino elettrico;In marcia / fermata / arresto;Conducente;M;Illeso;0;;;
5840283;15;24/02/2022 18:30:00;Strada Urbana;VIA VITTORIO LAVEZZARI;da specificare;;;;altezza rotatoria Centro Commerciale;Investimento di pedone;Rettilineo;Una carreggiata a doppio senso;Asciutto;Asfaltata;Verticale ed orizzontale;Sereno;Scarso;Buona;;1;0;0;3;12.4148;41.8545;-1;;;;Pedone;F;Illeso;0;;;
5840283;15;24/02/2022 18:30:00;Strada Urbana;VIA VITTORIO LAVEZZARI;da specificare;;;;altezza rotatoria Centro Commerciale;Investimento di pedone;Rettilineo;Una carreggiata a doppio senso;Asciutto;Asfaltata;Verticale ed orizzontale;Sereno;Scarso;Buona;;1;0;0;3;12.4148;41.8545;-1;;;;Pedone;M;Illeso;0;;;
5840283;15;24/02/2022 18:30:00;Strada Urbana;VIA VITTORIO LAVEZZARI;da specificare;;;;altezza rotatoria Centro Commerciale;Investimento di pedone;Rettilineo;Una carreggiata a doppio senso;Asciutto;Asfaltata;Verticale ed orizzontale;Sereno;Scarso;Buona;;1;0;0;3;12.4148;41.8545;-1;;;;Pedone;F;Illeso;0;;;
5840283;15;24/02/2022 18:30:00;Strada Urbana;VIA VITTORIO LAVEZZARI;da specificare;;;;altezza rotatoria Centro Commerciale;Investimento di pedone;Rettilineo;Una carreggiata a doppio senso;Asciutto;Asfaltata;Verticale ed orizzontale;Sereno;Scarso;Buona;;1;0;0;3;12.4148;41.8545;-1;;;;Pedone;M;Rifiuta cure immediate;0;NON DECEDUTO;;
5840283;15;24/02/2022 18:30:00;Strada Urbana;VIA VITTORIO LAVEZZARI;da specificare;;;;altezza rotatoria Centro Commerciale;Investimento di pedone;Rettilineo;Una carreggiata a doppio senso;Asciutto;Asfaltata;Verticale ed orizzontale;Sereno;Scarso;Buona;;1;0;0;3;12.4148;41.8545;-1;1;Autovettura privata;Allontanatosi;;;;;;;
5840300;18;24/02/2022 09:00:00;Strada Urbana;VIA DI BOCCEA;in prossimità;;del civico n.;208;;Investimento di pedone;Rettilineo;Una carreggiata a doppio senso;Asciutto;Asfaltata;Verticale ed orizzontale;Sereno;Intenso;Buona;;1;0;0;3;12.4168;41.9037;-1;;;;Pedone;M;Rimandato;0;NON DECEDUTO;;
5840300;18;24/02/2022 09:00:00;Strada Urbana;VIA DI BOCCEA;in prossimità;;del civico n.;208;;Investimento di pedone;Rettilineo;Una carreggiata a doppio senso;Asciutto;Asfaltata;Verticale ed orizzontale;Sereno;Intenso;Buona;;1;0;0;3;12.4168;41.9037;-1;1;Autovettura privata;In marcia / fermata / arresto;Conducente;M;Illeso;0;;Non accertato;Inesploso
5840300;18;24/02/2022 09:00:00;Strada Urbana;VIA DI BOCCEA;in prossimità;;del civico n.;208;;Investimento di pedone;Rettilineo;Una carreggiata a doppio senso;Asciutto;Asfaltata;Verticale ed orizzontale;Sereno;Intenso;Buona;;1;0;0;3;12.4168;41.9037;-1;1;Autovettura privata;In marcia / fermata / arresto;Passeggero;F;Illeso;0;;Non accertato;Inesploso
5840300;18;24/02/2022 09:00:00;Strada Urbana;VIA DI BOCCEA;in prossimità;;del civico n.;208;;Investimento di pedone;Rettilineo;Una carreggiata a doppio senso;Asciutto;Asfaltata;Verticale ed orizzontale;Sereno;Intenso;Buona;;1;0;0;3;12.4168;41.9037;-1;1;Autovettura privata;In marcia / fermata / arresto;Passeggero;F;Illeso;0;;Utilizzato;Inesploso
5840303;19;24/02/2022 12:30:00;Strada Urbana;VIA GIOVANNI GHERARDINI;da specificare;;;;fronte civico 9;Scontro frontale/laterale DX fra veicoli in marcia;Rettilineo;Una carreggiata a senso unico di marcia;Asciutto;Asfaltata;Assente;Sereno;Scarso;Buona;;1;0;0;1;12.4232;41.9438;-1;1;Motociclo a solo;In marcia / fermata / arresto;Conducente;F;Rimandato;0;NON DECEDUTO;Non accertato;
5840303;19;24/02/2022 12:30:00;Strada Urbana;VIA GIOVANNI GHERARDINI;da specificare;;;;fronte civico 9;Scontro frontale/laterale DX fra veicoli in marcia;Rettilineo;Una carreggiata a senso unico di marcia;Asciutto;Asfaltata;Assente;Sereno;Scarso;Buona;;1;0;0;1;12.4232;41.9438;-1;2;Autovettura privata;Sosta;;;;;;;
5840303;19;24/02/2022 12:30:00;Strada Urbana;VIA GIOVANNI GHERARDINI;da specificare;;;;fronte civico 9;Scontro frontale/laterale DX fra veicoli in marcia;Rettilineo;Una carreggiata a senso unico di marcia;Asciutto;Asfaltata;Assente;Sereno;Scarso;Buona;;1;0;0;1;12.4232;41.9438;-1;3;Autovettura privata;In marcia / fermata / arresto;Conducente;M;Illeso;0;;Non accertato;
5840322;18;24/02/2022 08:50:00;Strada Urbana;VIA AURELIA;da specificare;;;;fronte civico 693;Tamponamento Multiplo;Rettilineo;Due carreggiate;Asciutto;Asfaltata;Verticale ed orizzontale;Sereno;Intenso;Buona;;0;0;0;3;12.4012;41.8861;-1;1;Autovettura privata;In marcia / fermata / arresto;Conducente;F;Illeso;0;;Non accertato;Inesploso
5840322;18;24/02/2022 08:50:00;Strada Urbana;VIA AURELIA;da specificare;;;;fronte civico 693;Tamponamento Multiplo;Rettilineo;Due carreggiate;Asciutto;Asfaltata;Verticale ed orizzontale;Sereno;Intenso;Buona;;0;0;0;3;12.4012;41.8861;-1;2;Autovettura privata;In marcia / fermata / arresto;Conducente;M;Illeso;0;;Non accertato;Inesploso
5840322;18;24/02/2022 08:50:00;Strada Urbana;VIA AURELIA;da specificare;;;;fronte civico 693;Tamponamento Multiplo;Rettilineo;Due carreggiate;Asciutto;Asfaltata;Verticale ed orizzontale;Sereno;Intenso;Buona;;0;0;0;3;12.4012;41.8861;-1;3;Autovettura privata;In marcia / fermata / arresto;Conducente;M;Illeso;0;;Non accertato;Inesploso
5840330;18;13/02/2022 03:15:00;Strada Urbana;CIRCONVALLAZIONE CORNELIA;all'intersezione con;VIA DI BOCCEA;VIA DI BOCCEA;;;Tamponamento;Intersezione semaforizzata;Due carreggiate;Asciutto;Asfaltata;Verticale ed orizzontale;Sereno;Normale;Sufficiente;;1;0;0;0;12.4259;41.902;0;2;Motociclo a solo;In marcia / fermata / arresto;Conducente;M;Rimandato;0;NON DECEDUTO;;
5840390;4;24/02/2022 15:30:00;Strada Urbana;VIA DELLO SCALO DI SETTEBAGNI;in corrispondenza;;del civico n.;41;;Investimento di pedone;Rettilineo;Una carreggiata a senso unico di marcia;Asciutto;Asfaltata;Verticale ed orizzontale;Sereno;Scarso;Buona;;1;0;0;1;12.5205;42.0072;-1;;;;Pedone;F;Rifiuta cure immediate;0;NON DECEDUTO;;
5840390;4;24/02/2022 15:30:00;Strada Urbana;VIA DELLO SCALO DI SETTEBAGNI;in corrispondenza;;del civico n.;41;;Investimento di pedone;Rettilineo;Una carreggiata a senso unico di marcia;Asciutto;Asfaltata;Verticale ed orizzontale;Sereno;Scarso;Buona;;1;0;0;1;12.5205;42.0072;-1;1;Autovettura privata;In marcia / fermata / arresto;Conducente;M;Illeso;0;;Non accertato;
5840412;4;24/02/2022 14:45:00;Strada Urbana;VIA VAL D'OSSOLA;in corrispondenza;;del civico n.;90;;Veicolo in marcia contro veicolo in sosta;Rettilineo;Due carreggiate;Asciutto;Asfaltata;Assente;Sereno;Normale;Buona;;0;0;0;1;12.5281;41.9359;-1;1;Autovettura privata;Sosta;;;;;;;
5840412;4;24/02/2022 14:45:00;Strada Urbana;VIA VAL D'OSSOLA;in corrispondenza;;del civico n.;90;;Veicolo in marcia contro veicolo in sosta;Rettilineo;Due carreggiate;Asciutto;Asfaltata;Assente;Sereno;Normale;Buona;;0;0;0;1;12.5281;41.9359;-1;2;Ciclomotore;In marcia / fermata / arresto;Conducente;F;Illeso;0;;;
5840488;18;25/02/2022 07:40:00;Strada Urbana;PIAZZA PIO XI;all'intersezione con;VIA LEONE XIII;VIA LEONE XIII;;;Investimento di pedone;Intersezione semaforizzata;Due carreggiate;Asciutto;Asfaltata;Verticale ed orizzontale;Nuvoloso;Normale;Buona;;1;0;0;1;12.4386;41.895;-1;;;;Pedone;M;Rimandato;0;NON DECEDUTO;;
5840488;18;25/02/2022 07:40:00;Strada Urbana;PIAZZA PIO XI;all'intersezione con;VIA LEONE XIII;VIA LEONE XIII;;;Investimento di pedone;Intersezione semaforizzata;Due carreggiate;Asciutto;Asfaltata;Verticale ed orizzontale;Nuvoloso;Normale;Buona;;1;0;0;1;12.4386;41.895;-1;1;Motociclo a solo;In marcia / fermata / arresto;Conducente;M;Illeso;0;;Non accertato;
5840536;3;24/02/2022 17:00:00;Strada Urbana;VIA NOMENTANA;da specificare;;;;fronte civico 265;Veicolo in marcia contro veicolo arresto;Rettilineo;Più di due carreggiate;Asciutto;Asfaltata;Verticale ed orizzontale;Sereno;Normale;Buona;;0;0;0;4;12.5101;41.9152;-1;1;Autocarro inferiore 35 q.;In marcia / fermata / arresto;Conducente;M;Illeso;0;;;
5840536;3;24/02/2022 17:00:00;Strada Urbana;VIA NOMENTANA;da specificare;;;;fronte civico 265;Veicolo in marcia contro veicolo arresto;Rettilineo;Più di due carreggiate;Asciutto;Asfaltata;Verticale ed orizzontale;Sereno;Normale;Buona;;0;0;0;4;12.5101;41.9152;-1;2;Autovettura privata;In marcia / fermata / arresto;Conducente;M;Illeso;0;;;
5840536;3;24/02/2022 17:00:00;Strada Urbana;VIA NOMENTANA;da specificare;;;;fronte civico 265;Veicolo in marcia contro veicolo arresto;Rettilineo;Più di due carreggiate;Asciutto;Asfaltata;Verticale ed orizzontale;Sereno;Normale;Buona;;0;0;0;4;12.5101;41.9152;-1;2;Autovettura privata;In marcia / fermata / arresto;Passeggero;M;Illeso;0;;;
5840536;3;24/02/2022 17:00:00;Strada Urbana;VIA NOMENTANA;da specificare;;;;fronte civico 265;Veicolo in marcia contro veicolo arresto;Rettilineo;Più di due carreggiate;Asciutto;Asfaltata;Verticale ed orizzontale;Sereno;Normale;Buona;;0;0;0;4;12.5101;41.9152;-1;3;Autovettura privata;In marcia / fermata / arresto;Conducente;M;Illeso;0;;;
5840540;3;24/02/2022 21:10:00;Strada Urbana;VIA NOMENTANA;in corrispondenza;;del civico n.;74C;;Veicolo in marcia contro veicolo in sosta;Rettilineo;Più di due carreggiate;Asciutto;Asfaltata;Verticale ed orizzontale;Sereno;Scarso;Buona;;0;0;0;1;12.512;41.9162;-1;1;Autovettura privata;In marcia / fermata / arresto;Conducente;F;Illeso;0;;;
5840540;3;24/02/2022 21:10:00;Strada Urbana;VIA NOMENTANA;in corrispondenza;;del civico n.;74C;;Veicolo in marcia contro veicolo in sosta;Rettilineo;Più di due carreggiate;Asciutto;Asfaltata;Verticale ed orizzontale;Sereno;Scarso;Buona;;0;0;0;1;12.512;41.9162;-1;2;Autovettura privata;Sosta;;;;;;;
5840544;3;25/02/2022 00:15:00;Strada Urbana;VIA SALARIA;all'intersezione con;VIA DI VILLA ADA;VIA DI VILLA ADA;;;Scontro frontale/laterale SX fra veicoli in marcia;Intersezione non regolata/non segnalata;Una carreggiata a doppio senso;Asciutto;Asfaltata;Verticale ed orizzontale;Sereno;Normale;Buona;;1;0;0;1;12.5042;41.925;-1;1;Autocarro inferiore 35 q.;In marcia / fermata / arresto;Conducente;M;Illeso;0;;;
5840544;3;25/02/2022 00:15:00;Strada Urbana;VIA SALARIA;all'intersezione con;VIA DI VILLA ADA;VIA DI VILLA ADA;;;Scontro frontale/laterale SX fra veicoli in marcia;Intersezione non regolata/non segnalata;Una carreggiata a doppio senso;Asciutto;Asfaltata;Verticale ed orizzontale;Sereno;Normale;Buona;;1;0;0;1;12.5042;41.925;-1;2;Motociclo a solo;In marcia / fermata / arresto;Conducente;M;Rimandato;0;NON DECEDUTO;;
5840607;16;24/02/2022 11:25:00;Strada Urbana;VIALE DEI COLLI PORTUENSI;in prossimità;;del civico n.;437;;Tamponamento;Rettilineo;Due carreggiate;Asciutto;Asfaltata;Verticale ed orizzontale;Sereno;Normale;Buona;;1;0;0;2;12.444;41.864;-1;1;Autovettura privata;In marcia / fermata / arresto;Conducente;M;Illeso;0;;Non accertato;
5840607;16;24/02/2022 11:25:00;Strada Urbana;VIALE DEI COLLI PORTUENSI;in prossimità;;del civico n.;437;;Tamponamento;Rettilineo;Due carreggiate;Asciutto;Asfaltata;Verticale ed orizzontale;Sereno;Normale;Buona;;1;0;0;2;12.444;41.864;-1;1;Autovettura privata;In marcia / fermata / arresto;Passeggero;M;Illeso;0;;;
5840607;16;24/02/2022 11:25:00;Strada Urbana;VIALE DEI COLLI PORTUENSI;in prossimità;;del civico n.;437;;Tamponamento;Rettilineo;Due carreggiate;Asciutto;Asfaltata;Verticale ed orizzontale;Sereno;Normale;Buona;;1;0;0;2;12.444;41.864;-1;2;Motociclo a solo;In marcia / fermata / arresto;Conducente;F;Rimandato;0;NON DECEDUTO;Non accertato;
5840610;13;24/02/2022 11:55:00;Strada Urbana;VIA DELLA GENTE SALINATORIA;all'intersezione semaforizzata con;VIA DEL MARE;VIA DEL MARE;;;Scontro frontale/laterale SX fra veicoli in marcia;Intersezione stradale segnalata;Una carreggiata a doppio senso;Asciutto;Asfaltata;Verticale ed orizzontale;Sereno;Normale;Buona;;1;0;0;1;12.3035;41.7603;-1;1;Autovettura privata;In marcia / fermata / arresto;Conducente;F;Rimandato;0;NON DECEDUTO;;