Protocollo;Gruppo;DataOraIncidente;Localizzazione1;STRADA1;Localizzazione2;STRADA2;Strada02;Chilometrica;DaSpecificare;NaturaIncidente;particolaritastrade;TipoStrada;FondoStradale;Pavimentazione;Segnaletica;CondizioneAtmosferica;Traffico;Visibilita;Illuminazione;NUM_FERITI;NUM_RISERVATA;NUM_MORTI;NUM_ILLESI;Longitude;Latitude;Confermato;Progressivo;TipoVeicolo;StatoVeicolo;TipoPersona;Sesso;Tipolesione;Deceduto;DecedutoDopo;CinturaCascoUtilizzato;Airbag;
5843786;6;25/02/2022 15:15:00;Strada Urbana;VIALE PARTENOPE;da specificare;;;;f.c. 8;Scontro frontale/laterale DX fra veicoli in marcia;Rettilineo;Una carreggiata a senso unico di marcia;Asciutto;Asfaltata;Verticale ed orizzontale;Sereno;Scarso;Buona;;1;0;0;1;12.5507;41.8927;-1;1;Autovettura privata;In marcia / fermata / arresto;Conducente;F;Illeso;0;;Non accertato;Inesploso
5843786;6;25/02/2022 15:15:00;Strada Urbana;VIALE PARTENOPE;da specificare;;;;f.c. 8;Scontro frontale/laterale DX fra veicoli in marcia;Rettilineo;Una carreggiata a senso unico di marcia;Asciutto;Asfaltata;Verticale ed orizzontale;Sereno;Scarso;Buona;;1;0;0;1;12.5507;41.8927;-1;2;Motociclo a solo;In marcia / fermata / arresto;Conducente;M;Rimandato;0;NON DECEDUTO;Non accertato;
5843806;15;27/02/2022 07:55:00;Strada Urbana;VIA PORTUENSE;in prossimità;;del civico n.;765;;Veicolo in marcia contro ostacolo accidentale;Rettilineo;Una carreggiata a doppio senso;Asciutto;Asfaltata;Orizzontale;Sereno;Scarso;Buona;;1;0;0;0;12.423;41.8503;-1;1;Motociclo a solo;In marcia / fermata / arresto;Conducente;M;Ricoverato;0;NON DECEDUTO;Non accertato;
5843814;8;25/02/2022 07:05:00;Strada Urbana;VIA MATELICA;in corrispondenza;;del civico n.;127;;Scontro laterale fra veicoli in marcia;Rettilineo;Una carreggiata a doppio senso;Asciutto;Asfaltata;Assente;Sereno;Scarso;Buona;;1;0;0;1;12.7278;41.9199;-1;1;Autovettura privata;Sosta;;;;;;;
5843814;8;25/02/2022 07:05:00;Strada Urbana;VIA MATELICA;in corrispondenza;;del civico n.;127;;Scontro laterale fra veicoli in marcia;Rettilineo;Una carreggiata a doppio senso;Asciutto;Asfaltata;Assente;Sereno;Scarso;Buona;;1;0;0;1;12.7278;41.9199;-1;2;Autovettura privata;In marcia / fermata / arresto;Conducente;M;Rifiuta cure immediate;0;NON DECEDUTO;Non accertato;Inesploso
5843814;8;25/02/2022 07:05:00;Strada Urbana;VIA MATELICA;in corrispondenza;;del civico n.;127;;Scontro laterale fra veicoli in marcia;Rettilineo;Una carreggiata a doppio senso;Asciutto;Asfaltata;Assente;Sereno;Scarso;Buona;;1;0;0;1;12.7278;41.9199;-1;3;Autovettura privata;In marcia / fermata / arresto;Conducente;M;Illeso;0;;Non accertato;Inesploso
5843821;15;27/02/2022 13:15:00;Strada Urbana;PIAZZA AUGUSTO RIGHI;all'intersezione semaforizzata con;PONTE GUGLIELMO MARCONI;PONTE GUGLIELMO MARCONI;;;Scontro frontale/laterale DX fra veicoli in marcia;Incrocio;Più di due carreggiate;Asciutto;Asfaltata;Verticale ed orizzontale;Sereno;Normale;Buona;;1;0;0;1;12.4701;41.8618;-1;1;Autovettura privata;In marcia / fermata / arresto;Conducente;M;Illeso;0;;Non accertato;Inesploso
5843821;15;27/02/2022 13:15:00;Strada Urbana;PIAZZA AUGUSTO RIGHI;all'intersezione semaforizzata con;PONTE GUGLIELMO MARCONI;PONTE GUGLIELMO MARCONI;;;Scontro frontale/laterale DX fra veicoli in marcia;Incrocio;Più di due carreggiate;Asciutto;Asfaltata;Verticale ed orizzontale;Sereno;Normale;Buona;;1;0;0;1;12.4701;41.8618;-1;2;Motociclo a solo;In marcia / fermata / arresto;Conducente;M;Rimandato;0;NON DECEDUTO;Non accertato;
5843831;2;25/02/2022 11:56:00;Strada Urbana;VIA SALARIA;in corrispondenza;;del civico n.;364;;Tamponamento;Rettilineo;Una carreggiata a doppio senso;Asciutto;Asfaltata;Verticale ed orizzontale;Sereno;Normale;Buona;;0;0;0;3;12.5067;41.9276;-1;1;Autovettura privata;In marcia / fermata / arresto;Conducente;M;Illeso;0;;Non accertato;
5843831;2;25/02/2022 11:56:00;Strada Urbana;VIA SALARIA;in corrispondenza;;del civico n.;364;;Tamponamento;Rettilineo;Una carreggiata a doppio senso;Asciutto;Asfaltata;Verticale ed orizzontale;Sereno;Normale;Buona;;0;0;0;3;12.5067;41.9276;-1;1;Autovettura privata;In marcia / fermata / arresto;Passeggero;M;Illeso;0;;Non accertato;
5843831;2;25/02/2022 11:56:00;Strada Urbana;VIA SALARIA;in corrispondenza;;del civico n.;364;;Tamponamento;Rettilineo;Una carreggiata a doppio senso;Asciutto;Asfaltata;Verticale ed orizzontale;Sereno;Normale;Buona;;0;0;0;3;12.5067;41.9276;-1;2;Autovettura privata;In marcia / fermata / arresto;Conducente;M;Illeso;0;;Non accertato;
5843832;8;27/02/2022 06:00:00;;VIALE DI TORRE MAURA;in prossimità;;del civico n.;82;;Veicolo in marcia contro ostacolo fisso;;;;;;;;;;1;0;0;1;12.5898;41.8648;0;1;Autovettura privata;In marcia / fermata / arresto;Conducente;M;Rifiuta cure immediate;0;NON DECEDUTO;;
5843832;8;27/02/2022 06:00:00;;VIALE DI TORRE MAURA;in prossimità;;del civico n.;82;;Veicolo in marcia contro ostacolo fisso;;;;;;;;;;1;0;0;1;12.5898;41.8648;0;1;Autovettura privata;In marcia / fermata / arresto;Passeggero;M;Illeso;0;;;
5843846;10;25/02/2022 19:00:00;Strada Urbana;CIRCONVALLAZIONE TUSCOLANA;all'intersezione con;PIAZZA DI CINECITTA';PIAZZA DI CINECITTA';;;Scontro laterale fra veicoli in marcia;Incrocio;Una carreggiata a senso unico di marcia;Asciutto;Asfaltata;Verticale ed orizzontale;Sereno;Normale;Sufficiente;;0;0;0;3;12.5699;41.8523;-1;1;Autovettura privata;In marcia / fermata / arresto;Conducente;M;Illeso;0;;Non accertato;Inesploso
5843846;10;25/02/2022 19:00:00;Strada Urbana;CIRCONVALLAZIONE TUSCOLANA;all'intersezione con;PIAZZA DI CINECITTA';PIAZZA DI CINECITTA';;;Scontro laterale fra veicoli in marcia;Incrocio;Una carreggiata a senso unico di marcia;Asciutto;Asfaltata;Verticale ed orizzontale;Sereno;Normale;Sufficiente;;0;0;0;3;12.5699;41.8523;-1;2;Autovettura privata;In marcia / fermata / arresto;Conducente;M;Illeso;0;;Non accertato;Inesploso
5843846;10;25/02/2022 19:00:00;Strada Urbana;CIRCONVALLAZIONE TUSCOLANA;all'intersezione con;PIAZZA DI CINECITTA';PIAZZA DI CINECITTA';;;Scontro laterale fra veicoli in marcia;Incrocio;Una carreggiata a senso unico di marcia;Asciutto;Asfaltata;Verticale ed orizzontale;Sereno;Normale;Sufficiente;;0;0;0;3;12.5699;41.8523;-1;2;Autovettura privata;In marcia / fermata / arresto;Passeggero;F;Illeso;0;;Non accertato;Inesploso
5843848;2;25/02/2022 11:00:00;Strada Urbana;VIA ANTONIO BERTOLONI;in prossimità;;del civico n.;fr. 5/b;;Veicolo in marcia contro veicolo in sosta;Rettilineo;Una carreggiata a doppio senso;Asciutto;Asfaltata;Verticale ed orizzontale;Sereno;Normale;Buona;;0;0;0;0;12.4888;41.923;-1;1;Autovettura privata;Sosta;;;;;;;
5843851;8;27/02/2022 12:15:00;Strada Urbana;VIA RAOUL CHIODELLI;in prossimità;;del civico n.;64;;Scontro laterale fra veicoli in marcia;Rettilineo;Una carreggiata a doppio senso;Asciutto;Asfaltata;Assente;Sereno;Scarso;Buona;;0;0;0;2;12.6629;41.9048;-1;1;Autovettura privata;In marcia / fermata / arresto;Conducente;M;Illeso;0;;Non accertato;Inesploso
5843851;8;27/02/2022 12:15:00;Strada Urbana;VIA RAOUL CHIODELLI;in prossimità;;del civico n.;64;;Scontro laterale fra veicoli in marcia;Rettilineo;Una carreggiata a doppio senso;Asciutto;Asfaltata;Assente;Sereno;Scarso;Buona;;0;0;0;2;12.6629;41.9048;-1;2;Autovettura privata;In marcia / fermata / arresto;Conducente;M;Illeso;0;;Non accertato;Inesploso
5843852;2;27/02/2022 01:55:00;Strada Urbana;VIA DI VILLA ADA;all'intersezione con;VIA BENACO;VIA BENACO;;;Scontro frontale/laterale SX fra veicoli in marcia;Incrocio;Una carreggiata a doppio senso;Asciutto;Asfaltata;Verticale ed orizzontale;Sereno;Scarso;Sufficiente;;0;0;0;3;12.5055;41.9242;-1;1;Autovettura privata;In marcia / fermata / arresto;Conducente;M;Illeso;0;;Utilizzato;
5843852;2;27/02/2022 01:55:00;Strada Urbana;VIA DI VILLA ADA;all'intersezione con;VIA BENACO;VIA BENACO;;;Scontro frontale/laterale SX fra veicoli in marcia;Incrocio;Una carreggiata a doppio senso;Asciutto;Asfaltata;Verticale ed orizzontale;Sereno;Scarso;Sufficiente;;0;0;0;3;12.5055;41.9242;-1;1;Autovettura privata;In marcia / fermata / arresto;Passeggero;F;Illeso;0;;Non accertato;
5843852;2;27/02/2022 01:55:00;Strada Urbana;VIA DI VILLA ADA;all'intersezione con;VIA BENACO;VIA BENACO;;;Scontro frontale/laterale SX fra veicoli in marcia;Incrocio;Una carreggiata a doppio senso;Asciutto;Asfaltata;Verticale ed orizzontale;Sereno;Scarso;Sufficiente;;0;0;0;3;12.5055;41.9242;-1;2;Autovettura privata;In marcia / fermata / arresto;Conducente;M;Illeso;0;;Non accertato;Esploso
5843852;2;27/02/2022 01:55:00;Strada Urbana;VIA DI VILLA ADA;all'intersezione con;VIA BENACO;VIA BENACO;;;Scontro frontale/laterale SX fra veicoli in marcia;Incrocio;Una carreggiata a doppio senso;Asciutto;Asfaltata;Verticale ed orizzontale;Sereno;Scarso;Sufficiente;;0;0;0;3;12.5055;41.9242;-1;3;Autovettura privata;Sosta;;;;;;;
5843852;2;27/02/2022 01:55:00;Strada Urbana;VIA DI VILLA ADA;all'intersezione con;VIA BENACO;VIA BENACO;;;Scontro frontale/laterale SX fra veicoli in marcia;Incrocio;Una carreggiata a doppio senso;Asciutto;Asfaltata;Verticale ed orizzontale;Sereno;Scarso;Sufficiente;;0;0;0;3;12.5055;41.9242;-1;4;Autovettura privata;Sosta;;;;;;;
5843852;2;27/02/2022 01:55:00;Strada Urbana;VIA DI VILLA ADA;all'intersezione con;VIA BENACO;VIA BENACO;;;Scontro frontale/laterale SX fra veicoli in marcia;Incrocio;Una carreggiata a doppio senso;Asciutto;Asfaltata;Verticale ed orizzontale;Sereno;Scarso;Sufficiente;;0;0;0;3;12.5055;41.9242;-1;5;Autovettura privata;Sosta;;;;;;;
5843852;2;27/02/2022 01:55:00;Strada Urbana;VIA DI VILLA ADA;all'intersezione con;VIA BENACO;VIA BENACO;;;Scontro frontale/laterale SX fra veicoli in marcia;Incrocio;Una carreggiata a doppio senso;Asciutto;Asfaltata;Verticale ed orizzontale;Sereno;Scarso;Sufficiente;;0;0;0;3;12.5055;41.9242;-1;6;Autovettura privata;Sosta;;;;;;;
5843861;10;25/02/2022 23:11:00;Strada Urbana;VIA LUCIO SESTIO;in corrispondenza;;del civico n.;27;;Veicolo in marcia contro veicolo in sosta;Rettilineo;Due carreggiate;Bagnato (pioggia);Asfaltata;Verticale ed orizzontale;Nuvoloso;Scarso;Buona;;0;0;0;0;12.5555;41.8582;-1;1;Autovettura privata;Allontanatosi;;;;;;;
5843861;10;25/02/2022 23:11:00;Strada Urbana;VIA LUCIO SESTIO;in corrispondenza;;del civico n.;27;;Veicolo in marcia contro veicolo in sosta;Rettilineo;Due carreggiate;Bagnato (pioggia);Asfaltata;Verticale ed orizzontale;Nuvoloso;Scarso;Buona;;0;0;0;0;12.5555;41.8582;-1;2;Autovettura privata;Sosta;;;;;;;
5843864;8;27/02/2022 19:35:00;Strada Urbana;VIALE PIETRO ANDERLONI;da specificare;;;;inv. marcia  via dell'Archeologia per via Casilina;Scontro laterale fra veicoli in marcia;Curva a visuale libera;Una carreggiata a senso unico di marcia;Asciutto;Asfaltata;Verticale ed orizzontale;Sereno;Normale;Buona;;0;0;0;4;12.6298;41.8747;-1;1;Autovettura privata;In marcia / fermata / arresto;Conducente;F;Illeso;0;;Non accertato;Inesploso
5843864;8;27/02/2022 19:35:00;Strada Urbana;VIALE PIETRO ANDERLONI;da specificare;;;;inv. marcia  via dell'Archeologia per via Casilina;Scontro laterale fra veicoli in marcia;Curva a visuale libera;Una carreggiata a senso unico di marcia;Asciutto;Asfaltata;Verticale ed orizzontale;Sereno;Normale;Buona;;0;0;0;4;12.6298;41.8747;-1;1;Autovettura privata;In marcia / fermata / arresto;Passeggero;F;Illeso;0;;Non accertato;Inesploso
5843864;8;27/02/2022 19:35:00;Strada Urbana;VIALE PIETRO ANDERLONI;da specificare;;;;inv. marcia  via dell'Archeologia per via Casilina;Scontro laterale fra veicoli in marcia;Curva a visuale libera;Una carreggiata a senso unico di marcia;Asciutto;Asfaltata;Verticale ed orizzontale;Sereno;Normale;Buona;;0;0;0;4;12.6298;41.8747;-1;2;Autocarro inferiore 35 q.;In marcia / fermata / arresto;Conducente;M;Illeso;0;;Non accertato;Inesploso
5843864;8;27/02/2022 19:35:00;Strada Urbana;VIALE PIETRO ANDERLONI;da specificare;;;;inv. marcia  via dell'Archeologia per via Casilina;Scontro laterale fra veicoli in marcia;Curva a visuale libera;Una carreggiata a senso unico di marcia;Asciutto;Asfaltata;Verticale ed orizzontale;Sereno;Normale;Buona;;0;0;0;4;12.6298;41.8747;-1;2;Autocarro inferiore 35 q.;In marcia / fermata / arresto;Passeggero;F;Illeso;0;;Non accertato;Inesploso
5843869;6;26/02/2022 13:30:00;Strada Urbana;CIRCONVALLAZIONE CASILINA;in corrispondenza;;del civico n.;163;;Scontro laterale fra veicoli in marcia;Rettilineo;Una carreggiata a senso unico di marcia;Asciutto;Asfaltata;Verticale ed orizzontale;Sereno;Scarso;Buona;;1;0;0;1;12.5277;41.8868;-1;1;Autovettura privata;In marcia / fermata / arresto;Conducente;M;Illeso;0;;;
5843869;6;26/02/2022 13:30:00;Strada Urbana;CIRCONVALLAZIONE CASILINA;in corrispondenza;;del civico n.;163;;Scontro laterale fra veicoli in marcia;Rettilineo;Una carreggiata a senso unico di marcia;Asciutto;Asfaltata;Verticale ed orizzontale;Sereno;Scarso;Buona;;1;0;0;1;12.5277;41.8868;-1;2;Motociclo a solo;In marcia / fermata / arresto;Conducente;M;Rifiuta cure immediate;0;NON DECEDUTO;;
5843873;6;28/02/2022 07:15:00;Provinciale entro l'abitato;VIA PRENESTINA;in corrispondenza;;del civico n.;97;;Scontro frontale/laterale SX fra veicoli in marcia;Rettilineo;Più di due carreggiate;Asciutto;Asfaltata;Orizzontale;Sereno;Intenso;Buona;;1;0;0;1;12.5318;41.8919;-1;1;Autovettura privata;In marcia / fermata / arresto;Conducente;M;Illeso;0;;Non accertato;Inesploso
5843873;6;28/02/2022 07:15:00;Provinciale entro l'abitato;VIA PRENESTINA;in corrispondenza;;del civico n.;97;;Scontro frontale/laterale SX fra veicoli in marcia;Rettilineo;Più di due carreggiate;Asciutto;Asfaltata;Orizzontale;Sereno;Intenso;Buona;;1;0;0;1;12.5318;41.8919;-1;2;Motociclo a solo;In marcia / fermata / arresto;Conducente;M;Rimandato;0;NON DECEDUTO;Non accertato;
5843876;10;26/02/2022 10:26:00;Strada Urbana;VIA TORRE DI MEZZAVIA;in prossimità;;del civico n.;101;;Scontro frontale/laterale DX fra veicoli in marcia;Rettilineo;Una carreggiata a doppio senso;Asciutto;Asfaltata;Verticale ed orizzontale;Nuvoloso;Normale;Buona;;0;0;0;2;12.5939;41.8367;-1;1;Autovettura privata;In marcia / fermata / arresto;Conducente;M;Illeso;0;;Non accertato;Inesploso
5843876;10;26/02/2022 10:26:00;Strada Urbana;VIA TORRE DI MEZZAVIA;in prossimità;;del civico n.;101;;Scontro frontale/laterale DX fra veicoli in marcia;Rettilineo;Una carreggiata a doppio senso;Asciutto;Asfaltata;Verticale ed orizzontale;Nuvoloso;Normale;Buona;;0;0;0;2;12.5939;41.8367;-1;2;Autovettura privata;In marcia / fermata / arresto;Conducente;F;Illeso;0;;Non accertato;Inesploso
5843879;4;25/02/2022 08:10:00;Strada Urbana;VIA GARGANO;in corrispondenza;;del civico n.;30;;Investimento di pedone;Rettilineo;Una carreggiata a doppio senso;Asciutto;Asfaltata;Verticale ed orizzontale;Sereno;Normale;Buona;;1;0;0;1;12.5344;41.9363;-1;;;;Pedone;M;Rimandato;0;NON DECEDUTO;;
5843879;4;25/02/2022 08:10:00;Strada Urbana;VIA GARGANO;in corrispondenza;;del civico n.;30;;Investimento di pedone;Rettilineo;Una carreggiata a doppio senso;Asciutto;Asfaltata;Verticale ed orizzontale;Sereno;Normale;Buona;;1;0;0;1;12.5344;41.9363;-1;1;Motociclo a solo;In marcia / fermata / arresto;Conducente;M;Illeso;0;;;
5843885;13;25/02/2022 21:25:00;Strada Urbana;VIALE DEI ROMAGNOLI;in prossimità;;del civico n.;1267;;Scontro frontale/laterale SX fra veicoli in marcia;Rettilineo;Una carreggiata a doppio senso;Bagnato (umidità in atto);Asfaltata;Verticale ed orizzontale;Pioggia in atto;Normale;Sufficiente;;0;0;0;3;12.332;41.7728;-1;1;Autovettura privata;In marcia / fermata / arresto;Conducente;M;Illeso;0;;;
5843885;13;25/02/2022 21:25:00;Strada Urbana;VIALE DEI ROMAGNOLI;in prossimità;;del civico n.;1267;;Scontro frontale/laterale SX fra veicoli in marcia;Rettilineo;Una carreggiata a doppio senso;Bagnato (umidità in atto);Asfaltata;Verticale ed orizzontale;Pioggia in atto;Normale;Sufficiente;;0;0;0;3;12.332;41.7728;-1;1;Autovettura privata;In marcia / fermata / arresto;Passeggero;F;Illeso;0;;Non accertato;Inesploso
5843885;13;25/02/2022 21:25:00;Strada Urbana;VIALE DEI ROMAGNOLI;in prossimità;;del civico n.;1267;;Scontro frontale/laterale SX fra veicoli in marcia;Rettilineo;Una carreggiata a doppio senso;Bagnato (umidità in atto);Asfaltata;Verticale ed orizzontale;Pioggia in atto;Normale;Sufficiente;;0;0;0;3;12.332;41.7728;-1;2;Autocarro inferiore 35 q.;In marcia / fermata / arresto;Conducente;M;Illeso;0;;;
5843891;13;25/02/2022 14:30:00;Strada Urbana;VIA FRANCESCO DONATI;in corrispondenza;;del civico n.;130;;Investimento di pedone;Rettilineo;Una carreggiata a senso unico di marcia;Asciutto;Asfaltata;Verticale ed orizzontale;Sereno;Normale;Buona;;1;0;0;2;12.3406;41.7817;-1;;;;Pedone;M;Illeso;0;;;
5843891;13;25/02/2022 14:30:00;Strada Urbana;VIA FRANCESCO DONATI;in corrispondenza;;del civico n.;130;;Investimento di pedone;Rettilineo;Una carreggiata a senso unico di marcia;Asciutto;Asfaltata;Verticale ed orizzontale;Sereno;Normale;Buona;;1;0;0;2;12.3406;41.7817;-1;;;;Pedone;F;Rimandato;0;NON DECEDUTO;;
5843891;13;25/02/2022 14:30:00;Strada Urbana;VIA FRANCESCO DONATI;in corrispondenza;;del civico n.;130;;Investimento di pedone;Rettilineo;Una carreggiata a senso unico di marcia;Asciutto;Asfaltata;Verticale ed orizzontale;Sereno;Normale;Buona;;1;0;0;2;12.3406;41.7817;-1;1;Autovettura privata;In marcia / fermata / arresto;Conducente;F;Illeso;0;;Non accertato;Inesploso
5843892;9;27/02/2022 17:15:00;;VIA CASILINA;in prossimità;;del civico n.;101;;Infortunio per sola frenata improvvisa;;;;;;;;;;1;0;0;0;12.522;41.8884;0;1;Motociclo a solo;In marcia / fermata / arresto;Conducente;M;Rimandato;0;NON DECEDUTO;;
5843896;13;26/02/2022 00:40:00;;VIA ERNESTO BOEZI;in corrispondenza;;del civico n.;165;;Veicolo in marcia contro ostacolo accidentale;;;;;;;;;;0;0;0;1;12.3714;41.7413;0;1;Autovettura privata;In marcia / fermata / arresto;Conducente;M;Illeso;0;;Non accertato;Inesploso
5843900;13;26/02/2022 03:30:00;Strada Urbana;VIA UGO RELLINI;all'intersezione con;VIA GABRIELE TORREMUZZA;VIA GABRIELE TORREMUZZA;;;Veicolo in marcia contro veicolo in sosta;Incrocio;Una carreggiata a doppio senso;Asciutto;Asfaltata;Assente;Sereno;Scarso;Buona;;0;0;0;1;12.3069;41.7642;-1;1;Autovettura privata;In marcia / fermata / arresto;Conducente;M;Illeso;0;;Non accertato;Esploso
5843900;13;26/02/2022 03:30:00;Strada Urbana;VIA UGO RELLINI;all'intersezione con;VIA GABRIELE TORREMUZZA;VIA GABRIELE TORREMUZZA;;;Veicolo in marcia contro veicolo in sosta;Incrocio;Una carreggiata a doppio senso;Asciutto;Asfaltata;Assente;Sereno;Scarso;Buona;;0;0;0;1;12.3069;41.7642;-1;2;Autovettura privata;Sosta;;;;;;;
5843908;13;26/02/2022 12:45:00;Strada Urbana;VIA CRISTOFORO COLOMBO;in corrispondenza;;della chilometrica;17.55;;Tamponamento Multiplo;Rettilineo;Due carreggiate;Asciutto;Asfaltata;Orizzontale;Sereno;Normale;Buona;;1;0;0;2;12.4115;41.7858;-1;1;Autovettura privata;In marcia / fermata / arresto;Conducente;F;Illeso;0;;Non accertato;Inesploso
5843908;13;26/02/2022 12:45:00;Strada Urbana;VIA CRISTOFORO COLOMBO;in corrispondenza;;della chilometrica;17.55;;Tamponamento Multiplo;Rettilineo;Due carreggiate;Asciutto;Asfaltata;Orizzontale;Sereno;Normale;Buona;;1;0;0;2;12.4115;41.7858;-1;2;Autovettura privata;In marcia / fermata / arresto;Conducente;F;Rimandato;0;NON DECEDUTO;Non accertato;Inesploso
5843908;13;26/02/2022 12:45:00;Strada Urbana;VIA CRISTOFORO COLOMBO;in corrispondenza;;della chilometrica;17.55;;Tamponamento Multiplo;Rettilineo;Due carreggiate;Asciutto;Asfaltata;Orizzontale;Sereno;Normale;Buona;;1;0;0;2;12.4115;41.7858;-1;3;Autovettura privata;In marcia / fermata / arresto;Conducente;M;Illeso;0;;Non accertato;Inesploso
5843911;9;27/02/2022 21:05:00;Strada Urbana;VIA FALERIA;in corrispondenza;;del civico n.;40/a;;Veicolo in marcia contro veicoli in sosta;Rettilineo;Una carreggiata a senso unico di marcia;Asciutto;Asfaltata;Verticale ed orizzontale;Sereno;Scarso;Buona;;1;0;0;0;12.5103;41.8834;-1;1;Autovettura privata;In marcia / fermata / arresto;Conducente;M;Rimandato;0;NON DECEDUTO;Non accertato;Inesploso
5843911;9;27/02/2022 21:05:00;Strada Urbana;VIA FALERIA;in corrispondenza;;del civico n.;40/a;;Veicolo in marcia contro veicoli in sosta;Rettilineo;Una carreggiata a senso unico di marcia;Asciutto;Asfaltata;Verticale ed orizzontale;Sereno;Scarso;Buona;;1;0;0;0;12.5103;41.8834;-1;2;Autovettura privata;Sosta;;;;;;;
5843911;9;27/02/2022 21:05:00;Strada Urbana;VIA FALERIA;in corrispondenza;;del civico n.;40/a;;Veicolo in marcia contro veicoli in sosta;Rettilineo;Una carreggiata a senso unico di marcia;Asciutto;Asfaltata;Verticale ed orizzontale;Sereno;Scarso;Buona;;1;0;0;0;12.5103;41.8834;-1;3;Autovettura privata;Sosta;;;;;;;
5843911;9;27/02/2022 21:05:00;Strada Urbana;VIA FALERIA;in corrispondenza;;del civico n.;40/a;;Veicolo in marcia contro veicoli in sosta;Rettilineo;Una carreggiata a senso unico di marcia;Asciutto;Asfaltata;Verticale ed orizzontale;Sereno;Scarso;Buona;;1;0;0;0;12.5103;41.8834;-1;4;Autovettura privata;Sosta;;;;;;;
5843911;9;27/02/2022 21:05:00;Strada Urbana;VIA FALERIA;in corrispondenza;;del civico n.;40/a;;Veicolo in marcia contro veicoli in sosta;Rettilineo;Una carreggiata a senso unico di marcia;Asciutto;Asfaltata;Verticale ed orizzontale;Sereno;Scarso;Buona;;1;0;0;0;12.5103;41.8834;-1;5;Autovettura privata;Sosta;;;;;;;
5843914;10;26/02/2022 13:35:00;Strada Urbana;VIA APPIA NUOVA;da specificare;;;;km 14.450 dir Roma;Tamponamento Multiplo;Rettilineo;Due carreggiate;Asciutto;Asfaltata;Verticale ed orizzontale;Nuvoloso;Intenso;Buona;;0;0;0;7;12.577;41.8079;-1;1;Autovettura privata;In marcia / fermata / arresto;Conducente;F;Illeso;0;;Non accertato;Inesploso
5843914;10;26/02/2022 13:35:00;Strada Urbana;VIA APPIA NUOVA;da specificare;;;;km 14.450 dir Roma;Tamponamento Multiplo;Rettilineo;Due carreggiate;Asciutto;Asfaltata;Verticale ed orizzontale;Nuvoloso;Intenso;Buona;;0;0;0;7;12.577;41.8079;-1;1;Autovettura privata;In marcia / fermata / arresto;Passeggero;M;Illeso;0;;Non accertato;Inesploso
5843914;10;26/02/2022 13:35:00;Strada Urbana;VIA APPIA NUOVA;da specificare;;;;km 14.450 dir Roma;Tamponamento Multiplo;Rettilineo;Due carreggiate;Asciutto;Asfaltata;Verticale ed orizzontale;Nuvoloso;Intenso;Buona;;0;0;0;7;12.577;41.8079;-1;2;Autovettura privata;In marcia / fermata / arresto;Conducente;M;Illeso;0;;Non accertato;Inesploso
5843914;10;26/02/2022 13:35:00;Strada Urbana;VIA APPIA NUOVA;da specificare;;;;km 14.450 dir Roma;Tamponamento Multiplo;Rettilineo;Due carreggiate;Asciutto;Asfaltata;Verticale ed orizzontale;Nuvoloso;Intenso;Buona;;0;0;0;7;12.577;41.8079;-1;2;Autovettura privata;In marcia / fermata / arresto;Passeggero;F;Illeso;0;;Non accertato;Inesploso
5843914;10;26/02/2022 13:35:00;Strada Urbana;VIA APPIA NUOVA;da specificare;;;;km 14.450 dir Roma;Tamponamento Multiplo;Rettilineo;Due carreggiate;Asciutto;Asfaltata;Verticale ed orizzontale;Nuvoloso;Intenso;Buona;;0;0;0;7;12.577;41.8079;-1;2;Autovettura privata;In marcia / fermata / arresto;Passeggero;F;Illeso;0;;Non accertato;Inesploso
5843914;10;26/02/2022 13:35:00;Strada Urbana;VIA APPIA NUOVA;da specificare;;;;km 14.450 dir Roma;Tamponamento Multiplo;Rettilineo;Due carreggiate;Asciutto;Asfaltata;Verticale ed orizzontale;Nuvoloso;Intenso;Buona;;0;0;0;7;12.577;41.8079;-1;3;Autovettura privata;In marcia / fermata / arresto;Conducente;M;Illeso;0;;;
5843914;10;26/02/2022 13:35:00;Strada Urbana;VIA APPIA NUOVA;da specificare;;;;km 14.450 dir Roma;Tamponamento Multiplo;Rettilineo;Due carreggiate;Asciutto;Asfaltata;Verticale ed orizzontale;Nuvoloso;Intenso;Buona;;0;0;0;7;12.577;41.8079;-1;3;Autovettura privata;In marcia / fermata / arresto;Passeggero;M;Illeso;0;;Non accertato;Inesploso
5843923;13;26/02/2022 11:05:00;Strada Urbana;VIA CRISTOFORO COLOMBO;in corrispondenza;;della chilometrica;17.45;;Veicolo in marcia contro ostacolo accidentale;Rettilineo;Due carreggiate;Asciutto;Asfaltata;Verticale ed orizzontale;Sereno;Normale;Buona;;0;0;0;1;12.4115;41.7858;-1;1;Autovettura privata;In marcia / fermata / arresto;Conducente;M;Illeso;0;;;
5843924;20;27/02/2022 10:20:00;Strada Urbana;VIA ANTONIO CONTI;in corrispondenza;;del civico n.;35;;Veicolo in marcia contro veicolo fermo;Curva a visuale libera;Una carreggiata a doppio senso;Asciutto;Asfaltata;Verticale ed orizzontale;Sereno;Normale;Buona;;0;0;0;4;12.3729;42.0214;-1;1;Motociclo a solo;In marcia / fermata / arresto;Conducente;M;Illeso;0;;Non accertato;